{
"type": "FeatureCollection",
"name": "pocos_pb",
"crs": { "type": "name", "properties": { "name": "urn:ogc:def:crs:OGC:1.3:CRS84" } },
"xy_coordinate_resolution": 1e-10,
"features": [
{"type":"Feature","properties":{"fid":1,"proprietario":"Prefeitura","orgao":"DNOCS","data_perfuracao":"1975-01-05","profundidade":55.0,"q_m3h":2.0,"equipamento":"CATAVENTO","municipio":"Poço de José de Moura","microregiao":"Cajazeiras","mesoregiao":"Sertão Paraibano"},"geometry":{"type":"Point","coordinates":[-38.4867343687,-6.5806798601]}},
{"type":"Feature","properties":{"fid":2,"proprietario":"Joao Dutra","orgao":"DNOCS","data_perfuracao":"1977-01-05","profundidade":50.0,"q_m3h":5.0,"equipamento":"INJ. ELÉTRICA","municipio":"São João do Rio do Peixe","microregiao":"Cajazeiras","mesoregiao":"Sertão Paraibano"},"geometry":{"type":"Point","coordinates":[-38.4236779766,-6.8031816236]}},
{"type":"Feature","properties":{"fid":3,"proprietario":"Joseizidro","orgao":"DNOCS","data_perfuracao":"1979-01-09","profundidade":50.0,"q_m3h":3.0,"equipamento":"BOMBA MANUAL","municipio":"São João do Rio do Peixe","microregiao":"Cajazeiras","mesoregiao":"Sertão Paraibano"},"geometry":{"type":"Point","coordinates":[-38.4711783277,-6.7156809145]}},
{"type":"Feature","properties":{"fid":4,"proprietario":"Migueldantas","orgao":"DNOCS","data_perfuracao":"1975-01-03","profundidade":50.0,"q_m3h":4.0,"equipamento":"INJ. ELÉTRICA","municipio":"São João do Rio do Peixe","microregiao":"Cajazeiras","mesoregiao":"Sertão Paraibano"},"geometry":{"type":"Point","coordinates":[-38.4511781585,-6.7223469801]}},
{"type":"Feature","properties":{"fid":5,"proprietario":"Fc. Pinheiro","orgao":"DNOCS","data_perfuracao":"1979-01-10","profundidade":50.0,"q_m3h":4.0,"equipamento":"BOMBA MANUAL","municipio":"São João do Rio do Peixe","microregiao":"Cajazeiras","mesoregiao":"Sertão Paraibano"},"geometry":{"type":"Point","coordinates":[-38.4314559819,-6.7151249382]}},
{"type":"Feature","properties":{"fid":6,"proprietario":"Prim Duarte","orgao":"DNOCS","data_perfuracao":"1976-01-01","profundidade":50.0,"q_m3h":1.0,"equipamento":"CATAVENTO","municipio":"São João do Rio do Peixe","microregiao":"Cajazeiras","mesoregiao":"Sertão Paraibano"},"geometry":{"type":"Point","coordinates":[-38.3778444757,-6.6584585375]}},
{"type":"Feature","properties":{"fid":7,"proprietario":"Fc.goncalves","orgao":"DNOCS","data_perfuracao":"1979-01-10","profundidade":50.0,"q_m3h":4.0,"equipamento":"BOMBA MANUAL","municipio":"São João do Rio do Peixe","microregiao":"Cajazeiras","mesoregiao":"Sertão Paraibano"},"geometry":{"type":"Point","coordinates":[-38.4442340997,-6.7245700021]}},
{"type":"Feature","properties":{"fid":8,"proprietario":"Agropasto.","orgao":"DNOCS","data_perfuracao":"1975-01-03","profundidade":50.0,"q_m3h":3.0,"equipamento":"INJ. ELÉTRICA","municipio":"São João do Rio do Peixe","microregiao":"Cajazeiras","mesoregiao":"Sertão Paraibano"},"geometry":{"type":"Point","coordinates":[-38.4372890693,-6.7670703352]}},
{"type":"Feature","properties":{"fid":9,"proprietario":"Prefeitura","orgao":"DNOCS","data_perfuracao":"1976-01-06","profundidade":50.0,"q_m3h":2.0,"equipamento":"BOMBA MANUAL","municipio":"São João do Rio do Peixe","microregiao":"Cajazeiras","mesoregiao":"Sertão Paraibano"},"geometry":{"type":"Point","coordinates":[-38.4734014004,-6.7909594939]}},
{"type":"Feature","properties":{"fid":10,"proprietario":"Raimundo A.r","orgao":"DNOCS","data_perfuracao":"1979-01-09","profundidade":50.0,"q_m3h":2.0,"equipamento":"BOMBA MANUAL","municipio":"São João do Rio do Peixe","microregiao":"Cajazeiras","mesoregiao":"Sertão Paraibano"},"geometry":{"type":"Point","coordinates":[-38.4561782024,-6.7229029808]}},
{"type":"Feature","properties":{"fid":11,"proprietario":"Gers.nonato","orgao":"DNOCS","data_perfuracao":"1978-01-12","profundidade":32.0,"q_m3h":2.0,"equipamento":"INJ. ELÉTRICA","municipio":"São João do Rio do Peixe","microregiao":"Cajazeiras","mesoregiao":"Sertão Paraibano"},"geometry":{"type":"Point","coordinates":[-38.4556231801,-6.6981807903]}},
{"type":"Feature","properties":{"fid":12,"proprietario":"Prefeitura","orgao":"DNOCS","data_perfuracao":"1978-01-10","profundidade":50.0,"q_m3h":3.0,"equipamento":"INJ. ELÉTRICA","municipio":"São João do Rio do Peixe","microregiao":"Cajazeiras","mesoregiao":"Sertão Paraibano"},"geometry":{"type":"Point","coordinates":[-38.4520121687,-6.7265140117]}},
{"type":"Feature","properties":{"fid":13,"proprietario":"J. Lacerda","orgao":"DNOCS","data_perfuracao":"1973-01-09","profundidade":50.0,"q_m3h":1.0,"equipamento":null,"municipio":"São João do Rio do Peixe","microregiao":"Cajazeiras","mesoregiao":"Sertão Paraibano"},"geometry":{"type":"Point","coordinates":[-38.4603452762,-6.7759593875]}},
{"type":"Feature","properties":{"fid":14,"proprietario":"P.a.pastoril","orgao":"DNOCS","data_perfuracao":"1976-01-07","profundidade":35.0,"q_m3h":1.0,"equipamento":null,"municipio":"São João do Rio do Peixe","microregiao":"Cajazeiras","mesoregiao":"Sertão Paraibano"},"geometry":{"type":"Point","coordinates":[-38.395066612,-6.639013375]}},
{"type":"Feature","properties":{"fid":15,"proprietario":"Danilo Lira","orgao":"DNOCS","data_perfuracao":"1973-01-01","profundidade":43.0,"q_m3h":2.0,"equipamento":"CATAVENTO","municipio":"Santa Helena","microregiao":"Cajazeiras","mesoregiao":"Sertão Paraibano"},"geometry":{"type":"Point","coordinates":[-38.5170127229,-6.7112358479]}},
{"type":"Feature","properties":{"fid":16,"proprietario":"Alcindo Oliv","orgao":"DNOCS","data_perfuracao":"1976-01-08","profundidade":32.0,"q_m3h":1.0,"equipamento":"BOMBA MANUAL","municipio":"São João do Rio do Peixe","microregiao":"Cajazeiras","mesoregiao":"Sertão Paraibano"},"geometry":{"type":"Point","coordinates":[-38.3670113648,-6.6345693601]}},
{"type":"Feature","properties":{"fid":17,"proprietario":"Prefeitura","orgao":"DNOCS","data_perfuracao":"1976-01-07","profundidade":28.0,"q_m3h":2.0,"equipamento":"INJ. ELÉTRICA","municipio":"São João do Rio do Peixe","microregiao":"Cajazeiras","mesoregiao":"Sertão Paraibano"},"geometry":{"type":"Point","coordinates":[-38.3836774841,-6.5973460603]}},
{"type":"Feature","properties":{"fid":18,"proprietario":"Prefeitura","orgao":"DNOCS","data_perfuracao":"1971-01-12","profundidade":60.0,"q_m3h":4.0,"equipamento":"INJ. ELÉTRICA","municipio":"Poço de José de Moura","microregiao":"Cajazeiras","mesoregiao":"Sertão Paraibano"},"geometry":{"type":"Point","coordinates":[-38.5139565994,-6.5723457768]}},
{"type":"Feature","properties":{"fid":19,"proprietario":"J.cavalcante","orgao":"DNOCS","data_perfuracao":"1966-01-01","profundidade":35.0,"q_m3h":4.0,"equipamento":"INJ. ELÉTRICA","municipio":"São João do Rio do Peixe","microregiao":"Cajazeiras","mesoregiao":"Sertão Paraibano"},"geometry":{"type":"Point","coordinates":[-38.4836784436,-6.725958985]}},
{"type":"Feature","properties":{"fid":20,"proprietario":"Prim.duarte","orgao":"DNOCS","data_perfuracao":"1971-01-12","profundidade":29.0,"q_m3h":2.0,"equipamento":"CATAVENTO","municipio":"São João do Rio do Peixe","microregiao":"Cajazeiras","mesoregiao":"Sertão Paraibano"},"geometry":{"type":"Point","coordinates":[-38.3611773295,-6.6567915362]}},
{"type":"Feature","properties":{"fid":21,"proprietario":"Prefeitura","orgao":"DNOCS","data_perfuracao":"1970-01-06","profundidade":42.0,"q_m3h":2.0,"equipamento":"INJ. ELÉTRICA","municipio":"Uiraúna","microregiao":"Cajazeiras","mesoregiao":"Sertão Paraibano"},"geometry":{"type":"Point","coordinates":[-38.3497881654,-6.5629018167]}},
{"type":"Feature","properties":{"fid":22,"proprietario":"Gov.estado","orgao":"DNOCS","data_perfuracao":"1970-01-01","profundidade":123.0,"q_m3h":2.0,"equipamento":null,"municipio":"Triunfo","microregiao":"Cajazeiras","mesoregiao":"Sertão Paraibano"},"geometry":{"type":"Point","coordinates":[-38.5306238304,-6.6959587204]}},
{"type":"Feature","properties":{"fid":23,"proprietario":"J.cavalcante","orgao":"DNOCS","data_perfuracao":"1966-01-02","profundidade":40.0,"q_m3h":5.0,"equipamento":"INJ. ELÉTRICA","municipio":"São João do Rio do Peixe","microregiao":"Cajazeiras","mesoregiao":"Sertão Paraibano"},"geometry":{"type":"Point","coordinates":[-38.4909015027,-6.7206809392]}},
{"type":"Feature","properties":{"fid":24,"proprietario":"Gov.estado","orgao":"CONESP","data_perfuracao":"1969-01-01","profundidade":42.0,"q_m3h":3.0,"equipamento":"BOMBA MANUAL","municipio":"Triunfo","microregiao":"Cajazeiras","mesoregiao":"Sertão Paraibano"},"geometry":{"type":"Point","coordinates":[-38.52951282,-6.6948467126]}},
{"type":"Feature","properties":{"fid":25,"proprietario":"Agropastor.","orgao":"DNOCS","data_perfuracao":"1979-01-05","profundidade":48.0,"q_m3h":2.0,"equipamento":null,"municipio":"São João do Rio do Peixe","microregiao":"Cajazeiras","mesoregiao":"Sertão Paraibano"},"geometry":{"type":"Point","coordinates":[-38.4511781907,-6.7679033318]}},
{"type":"Feature","properties":{"fid":26,"proprietario":"Prefeitura","orgao":"DNOCS","data_perfuracao":"1977-01-06","profundidade":40.0,"q_m3h":2.0,"equipamento":"CATAVENTO","municipio":"São João do Rio do Peixe","microregiao":"Cajazeiras","mesoregiao":"Sertão Paraibano"},"geometry":{"type":"Point","coordinates":[-38.3778444668,-6.6456804386]}},
{"type":"Feature","properties":{"fid":27,"proprietario":"Prefeitura","orgao":"PREFEITURA","data_perfuracao":"1969-01-01","profundidade":42.0,"q_m3h":2.0,"equipamento":"BOMBA MANUAL","municipio":"Poço de José de Moura","microregiao":"Cajazeiras","mesoregiao":"Sertão Paraibano"},"geometry":{"type":"Point","coordinates":[-38.5245127258,-6.6223461561]}},
{"type":"Feature","properties":{"fid":28,"proprietario":"J. Andrade","orgao":"DNOCS","data_perfuracao":"1976-01-05","profundidade":36.0,"q_m3h":4.0,"equipamento":"CATAVENTO","municipio":"Poço de José de Moura","microregiao":"Cajazeiras","mesoregiao":"Sertão Paraibano"},"geometry":{"type":"Point","coordinates":[-38.5131236037,-6.5890129063]}},
{"type":"Feature","properties":{"fid":29,"proprietario":"Fc. M.duarte","orgao":"PREFEITURA","data_perfuracao":"1981-01-01","profundidade":38.0,"q_m3h":3.0,"equipamento":"BOMBA MANUAL","municipio":"Poço de José de Moura","microregiao":"Cajazeiras","mesoregiao":"Sertão Paraibano"},"geometry":{"type":"Point","coordinates":[-38.5286787231,-6.5662347194]}},
{"type":"Feature","properties":{"fid":30,"proprietario":"Prefeitura","orgao":"PREFEITURA","data_perfuracao":"1980-01-12","profundidade":35.0,"q_m3h":3.0,"equipamento":"BOMBA MANUAL","municipio":"Poço de José de Moura","microregiao":"Cajazeiras","mesoregiao":"Sertão Paraibano"},"geometry":{"type":"Point","coordinates":[-38.5286787512,-6.606791033]}},
{"type":"Feature","properties":{"fid":31,"proprietario":"Fc. F. Rocha","orgao":"DNOCS","data_perfuracao":"1975-01-09","profundidade":46.0,"q_m3h":3.0,"equipamento":"INJ. ELÉTRICA","municipio":"São João do Rio do Peixe","microregiao":"Cajazeiras","mesoregiao":"Sertão Paraibano"},"geometry":{"type":"Point","coordinates":[-38.4584012187,-6.7187359471]}},
{"type":"Feature","properties":{"fid":32,"proprietario":"Prefeitura","orgao":"DNOCS","data_perfuracao":"1971-01-01","profundidade":50.0,"q_m3h":3.0,"equipamento":"BOMBA MANUAL","municipio":"São João do Rio do Peixe","microregiao":"Cajazeiras","mesoregiao":"Sertão Paraibano"},"geometry":{"type":"Point","coordinates":[-38.3822884753,-6.6020690978]}},
{"type":"Feature","properties":{"fid":33,"proprietario":"Fc. F. Sousa","orgao":"PREFEITURA","data_perfuracao":"1980-01-11","profundidade":35.0,"q_m3h":3.0,"equipamento":"BOMBA MANUAL","municipio":"São João do Rio do Peixe","microregiao":"Cajazeiras","mesoregiao":"Sertão Paraibano"},"geometry":{"type":"Point","coordinates":[-38.4170119285,-6.8170707355]}},
{"type":"Feature","properties":{"fid":34,"proprietario":"Prim. Duarte","orgao":"DNOCS","data_perfuracao":"1980-01-12","profundidade":50.0,"q_m3h":2.0,"equipamento":"INJ. ELÉTRICA","municipio":"São João do Rio do Peixe","microregiao":"Cajazeiras","mesoregiao":"Sertão Paraibano"},"geometry":{"type":"Point","coordinates":[-38.3664553766,-6.6584585455]}},
{"type":"Feature","properties":{"fid":35,"proprietario":"Prefeitura","orgao":"PREFEITURA","data_perfuracao":"1981-01-01","profundidade":50.0,"q_m3h":2.0,"equipamento":null,"municipio":"São João do Rio do Peixe","microregiao":"Cajazeiras","mesoregiao":"Sertão Paraibano"},"geometry":{"type":"Point","coordinates":[-38.3597882968,-6.6270693071]}},
{"type":"Feature","properties":{"fid":36,"proprietario":"Prefitura","orgao":"DNOCS","data_perfuracao":"1980-01-12","profundidade":26.0,"q_m3h":2.0,"equipamento":null,"municipio":"São João do Rio do Peixe","microregiao":"Cajazeiras","mesoregiao":"Sertão Paraibano"},"geometry":{"type":"Point","coordinates":[-38.4047888805,-6.8981823698]}},
{"type":"Feature","properties":{"fid":37,"proprietario":"Prefeitura","orgao":"PREFEITURA","data_perfuracao":"2000-01-01","profundidade":10.0,"q_m3h":2.0,"equipamento":null,"municipio":"Nazarezinho","microregiao":"Sousa","mesoregiao":"Sertão Paraibano"},"geometry":{"type":"Point","coordinates":[-38.3442333526,-6.8973484071]}},
{"type":"Feature","properties":{"fid":38,"proprietario":"Gov.do Estado","orgao":"NAO INFORMADO","data_perfuracao":"2000-01-01","profundidade":10.0,"q_m3h":2.0,"equipamento":"INJ. ELÉTRICA","municipio":"Triunfo","microregiao":"Cajazeiras","mesoregiao":"Sertão Paraibano"},"geometry":{"type":"Point","coordinates":[-38.5278458063,-6.6959587223]}},
{"type":"Feature","properties":{"fid":39,"proprietario":"D. Maciel","orgao":"DNOCS","data_perfuracao":"1980-01-01","profundidade":60.0,"q_m3h":2.0,"equipamento":null,"municipio":"São João do Rio do Peixe","microregiao":"Cajazeiras","mesoregiao":"Sertão Paraibano"},"geometry":{"type":"Point","coordinates":[-38.4461781175,-6.7259590115]}},
{"type":"Feature","properties":{"fid":40,"proprietario":"Ant.a.braga","orgao":"DNOCS","data_perfuracao":"1980-01-02","profundidade":51.0,"q_m3h":2.0,"equipamento":"INJ. ELÉTRICA","municipio":"São João do Rio do Peixe","microregiao":"Cajazeiras","mesoregiao":"Sertão Paraibano"},"geometry":{"type":"Point","coordinates":[-38.4178449265,-6.8040146342]}},
{"type":"Feature","properties":{"fid":41,"proprietario":"Prefeitura","orgao":"DNOCS","data_perfuracao":"1980-01-08","profundidade":45.0,"q_m3h":2.0,"equipamento":"CATAVENTO","municipio":"Poço de José de Moura","microregiao":"Cajazeiras","mesoregiao":"Sertão Paraibano"},"geometry":{"type":"Point","coordinates":[-38.475067265,-6.5773458423]}},
{"type":"Feature","properties":{"fid":42,"proprietario":"Prefeitura","orgao":"PREFEITURA","data_perfuracao":"1981-01-05","profundidade":50.0,"q_m3h":6.0,"equipamento":null,"municipio":"São João do Rio do Peixe","microregiao":"Cajazeiras","mesoregiao":"Sertão Paraibano"},"geometry":{"type":"Point","coordinates":[-38.4481231378,-6.7306810466]}},
{"type":"Feature","properties":{"fid":43,"proprietario":"Prefeitura","orgao":"PREFEITURA","data_perfuracao":"2000-01-01","profundidade":40.0,"q_m3h":6.0,"equipamento":"BOMBA MANUAL","municipio":"São João do Rio do Peixe","microregiao":"Cajazeiras","mesoregiao":"Sertão Paraibano"},"geometry":{"type":"Point","coordinates":[-38.3989556796,-6.6873467463]}},
{"type":"Feature","properties":{"fid":44,"proprietario":"Prefeitura","orgao":"PREFEITURA","data_perfuracao":"1980-01-01","profundidade":50.0,"q_m3h":6.0,"equipamento":"BOMBA MANUAL","municipio":"São João do Rio do Peixe","microregiao":"Cajazeiras","mesoregiao":"Sertão Paraibano"},"geometry":{"type":"Point","coordinates":[-38.4286779889,-6.7592922813]}},
{"type":"Feature","properties":{"fid":45,"proprietario":"Cagepa","orgao":"NAO INFORMADO","data_perfuracao":"2000-01-01","profundidade":5.0,"q_m3h":6.0,"equipamento":"INJ. ELÉTRICA","municipio":"São João do Rio do Peixe","microregiao":"Cajazeiras","mesoregiao":"Sertão Paraibano"},"geometry":{"type":"Point","coordinates":[-38.4503451563,-6.7295700364]}},
{"type":"Feature","properties":{"fid":46,"proprietario":"Prefeitura","orgao":"CDRM","data_perfuracao":"1981-01-06","profundidade":50.0,"q_m3h":2.0,"equipamento":"CATAVENTO","municipio":"São João do Rio do Peixe","microregiao":"Cajazeiras","mesoregiao":"Sertão Paraibano"},"geometry":{"type":"Point","coordinates":[-38.4531231372,-6.667902558]}},
{"type":"Feature","properties":{"fid":47,"proprietario":"Prejeitura","orgao":"CDRM","data_perfuracao":"1984-01-08","profundidade":21.0,"q_m3h":1.0,"equipamento":"CATAVENTO","municipio":"Poço de José de Moura","microregiao":"Cajazeiras","mesoregiao":"Sertão Paraibano"},"geometry":{"type":"Point","coordinates":[-38.4836783917,-6.6520694143]}},
{"type":"Feature","properties":{"fid":48,"proprietario":"Prefeitura","orgao":"DNOCS","data_perfuracao":"1984-01-06","profundidade":42.0,"q_m3h":15.0,"equipamento":"CATAVENTO","municipio":"São João do Rio do Peixe","microregiao":"Cajazeiras","mesoregiao":"Sertão Paraibano"},"geometry":{"type":"Point","coordinates":[-38.4197890084,-6.8945713311]}},
{"type":"Feature","properties":{"fid":49,"proprietario":"Prefeitura","orgao":"DNOCS","data_perfuracao":"1984-01-06","profundidade":60.0,"q_m3h":2.0,"equipamento":"ELETRO-BOMBA","municipio":"São João do Rio do Peixe","microregiao":"Cajazeiras","mesoregiao":"Sertão Paraibano"},"geometry":{"type":"Point","coordinates":[-38.4520121699,-6.7281810245]}},
{"type":"Feature","properties":{"fid":50,"proprietario":"Prefeitura","orgao":"CDRM","data_perfuracao":"1986-01-01","profundidade":40.0,"q_m3h":4.0,"equipamento":"MOTO-BOMBA","municipio":"São João do Rio do Peixe","microregiao":"Cajazeiras","mesoregiao":"Sertão Paraibano"},"geometry":{"type":"Point","coordinates":[-38.3864556865,-6.8504040146]}},
{"type":"Feature","properties":{"fid":51,"proprietario":"Prefeitura","orgao":"CDRM","data_perfuracao":"1986-01-07","profundidade":40.0,"q_m3h":1.0,"equipamento":"CATAVENTO","municipio":"São João do Rio do Peixe","microregiao":"Cajazeiras","mesoregiao":"Sertão Paraibano"},"geometry":{"type":"Point","coordinates":[-38.3739555312,-6.7854035217]}},
{"type":"Feature","properties":{"fid":52,"proprietario":"Prefeitura","orgao":"CDRM","data_perfuracao":"1986-01-08","profundidade":41.0,"q_m3h":2.0,"equipamento":"CATAVENTO","municipio":"São João do Rio do Peixe","microregiao":"Cajazeiras","mesoregiao":"Sertão Paraibano"},"geometry":{"type":"Point","coordinates":[-38.3845116628,-6.8409599431]}},
{"type":"Feature","properties":{"fid":53,"proprietario":"Prefeitura","orgao":"CONESP","data_perfuracao":"1970-01-01","profundidade":50.0,"q_m3h":4.0,"equipamento":"INJ. ELÉTRICA","municipio":"Água Branca","microregiao":"Serra do Teixeira","mesoregiao":"Sertão Paraibano"},"geometry":{"type":"Point","coordinates":[-37.6436716843,-7.5165207042]}},
{"type":"Feature","properties":{"fid":54,"proprietario":"Prefeitura","orgao":"CDRM","data_perfuracao":"1983-01-07","profundidade":45.0,"q_m3h":2.0,"equipamento":"ELETRO-BOMBA","municipio":"Água Branca","microregiao":"Serra do Teixeira","mesoregiao":"Sertão Paraibano"},"geometry":{"type":"Point","coordinates":[-37.6453386955,-7.5120766686]}},
{"type":"Feature","properties":{"fid":55,"proprietario":"Prefeitura","orgao":"CDRM","data_perfuracao":"1984-01-01","profundidade":40.0,"q_m3h":1.0,"equipamento":"CATAVENTO","municipio":"Juru","microregiao":"Serra do Teixeira","mesoregiao":"Sertão Paraibano"},"geometry":{"type":"Point","coordinates":[-37.738117527,-7.5326317552]}},
{"type":"Feature","properties":{"fid":56,"proprietario":"Prefeitura","orgao":"DNOCS","data_perfuracao":"1984-01-03","profundidade":36.0,"q_m3h":4.0,"equipamento":"BOMBA CENTRÍFUGA","municipio":"Água Branca","microregiao":"Serra do Teixeira","mesoregiao":"Sertão Paraibano"},"geometry":{"type":"Point","coordinates":[-37.6406166535,-7.511520668]}},
{"type":"Feature","properties":{"fid":57,"proprietario":"Prefeitura","orgao":"DNOCS","data_perfuracao":"1984-01-03","profundidade":48.0,"q_m3h":4.0,"equipamento":"BOMBA CENTRÍFUGA","municipio":"Água Branca","microregiao":"Serra do Teixeira","mesoregiao":"Sertão Paraibano"},"geometry":{"type":"Point","coordinates":[-37.644782688,-7.5087426434]}},
{"type":"Feature","properties":{"fid":58,"proprietario":"Prefeitura","orgao":"CONESP","data_perfuracao":"1970-01-01","profundidade":43.0,"q_m3h":4.0,"equipamento":"BOMBA MANUAL","municipio":"Aguiar","microregiao":"Piancó","mesoregiao":"Sertão Paraibano"},"geometry":{"type":"Point","coordinates":[-38.173399007,-7.0945730523]}},
{"type":"Feature","properties":{"fid":59,"proprietario":"Cagepa","orgao":"NAO INFORMADO","data_perfuracao":"1970-01-01","profundidade":6.0,"q_m3h":4.0,"equipamento":"BOMBA CENTRÍFUGA","municipio":"Aguiar","microregiao":"Piancó","mesoregiao":"Sertão Paraibano"},"geometry":{"type":"Point","coordinates":[-38.1795100589,-7.0926280328]}},
{"type":"Feature","properties":{"fid":60,"proprietario":"Prefeitura","orgao":"CDRM","data_perfuracao":"1983-01-06","profundidade":50.0,"q_m3h":1.0,"equipamento":"CATAVENTO","municipio":"Aguiar","microregiao":"Piancó","mesoregiao":"Sertão Paraibano"},"geometry":{"type":"Point","coordinates":[-38.1278425935,-7.0734619231]}},
{"type":"Feature","properties":{"fid":61,"proprietario":"Prefeitura","orgao":"DNOCS","data_perfuracao":"1965-01-10","profundidade":51.0,"q_m3h":1.0,"equipamento":"BOMBA MANUAL","municipio":"Juazeirinho","microregiao":"Seridó Oriental Paraibano","mesoregiao":"Borborema"},"geometry":{"type":"Point","coordinates":[-36.5650508308,-7.0962402288]}},
{"type":"Feature","properties":{"fid":62,"proprietario":"Cicero Queiroz","orgao":"DNOCS","data_perfuracao":"1965-01-02","profundidade":25.0,"q_m3h":3.0,"equipamento":"BOMBA MANUAL","municipio":"Juazeirinho","microregiao":"Seridó Oriental Paraibano","mesoregiao":"Borborema"},"geometry":{"type":"Point","coordinates":[-36.51477241,-7.1337405596]}},
{"type":"Feature","properties":{"fid":63,"proprietario":"Minerac.serid.","orgao":"DNOCS","data_perfuracao":"1965-01-02","profundidade":50.0,"q_m3h":4.0,"equipamento":null,"municipio":"Juazeirinho","microregiao":"Seridó Oriental Paraibano","mesoregiao":"Borborema"},"geometry":{"type":"Point","coordinates":[-36.6378294252,-7.0215175894]}},
{"type":"Feature","properties":{"fid":64,"proprietario":"Prefeitura","orgao":"DNOCS","data_perfuracao":"1964-01-08","profundidade":48.0,"q_m3h":4.0,"equipamento":null,"municipio":"Juazeirinho","microregiao":"Seridó Oriental Paraibano","mesoregiao":"Borborema"},"geometry":{"type":"Point","coordinates":[-36.5319955947,-7.1776298925]}},
{"type":"Feature","properties":{"fid":65,"proprietario":"Prefeitura","orgao":"DNOCS","data_perfuracao":"1964-01-10","profundidade":90.0,"q_m3h":2.0,"equipamento":null,"municipio":"Juazeirinho","microregiao":"Seridó Oriental Paraibano","mesoregiao":"Borborema"},"geometry":{"type":"Point","coordinates":[-36.5844959814,-7.0645739659]}},
{"type":"Feature","properties":{"fid":66,"proprietario":"Prefeitura","orgao":"DNOCS","data_perfuracao":"1964-01-12","profundidade":55.0,"q_m3h":2.0,"equipamento":"CATAVENTO","municipio":"Tenório","microregiao":"Seridó Oriental Paraibano","mesoregiao":"Borborema"},"geometry":{"type":"Point","coordinates":[-36.6283852876,-6.9448499922]}},
{"type":"Feature","properties":{"fid":67,"proprietario":"Prefeitura","orgao":"DNOCS","data_perfuracao":"1964-01-12","profundidade":54.0,"q_m3h":2.0,"equipamento":null,"municipio":"Juazeirinho","microregiao":"Seridó Oriental Paraibano","mesoregiao":"Borborema"},"geometry":{"type":"Point","coordinates":[-36.5792179401,-7.072629033]}},
{"type":"Feature","properties":{"fid":68,"proprietario":"Prefeitura","orgao":"DNOCS","data_perfuracao":"1965-01-07","profundidade":38.0,"q_m3h":6.0,"equipamento":"INJ. ELÉTRICA","municipio":"Juazeirinho","microregiao":"Seridó Oriental Paraibano","mesoregiao":"Borborema"},"geometry":{"type":"Point","coordinates":[-36.6200512944,-7.0601289058]}},
{"type":"Feature","properties":{"fid":69,"proprietario":"Prefeitura","orgao":"NAO INFORMADO","data_perfuracao":"2000-01-01","profundidade":55.0,"q_m3h":6.0,"equipamento":null,"municipio":"Assunção","microregiao":"Cariri Ocidental","mesoregiao":"Borborema"},"geometry":{"type":"Point","coordinates":[-36.7314412921,-7.0715179166]}},
{"type":"Feature","properties":{"fid":70,"proprietario":"G.c.dmedeiros","orgao":"DNOCS","data_perfuracao":"1978-01-08","profundidade":28.0,"q_m3h":1.0,"equipamento":null,"municipio":"Juazeirinho","microregiao":"Seridó Oriental Paraibano","mesoregiao":"Borborema"},"geometry":{"type":"Point","coordinates":[-36.5392174874,-6.9342949707]}},
{"type":"Feature","properties":{"fid":71,"proprietario":"G.c.dmedeiros","orgao":"DNOCS","data_perfuracao":"1978-01-09","profundidade":20.0,"q_m3h":2.0,"equipamento":null,"municipio":"Juazeirinho","microregiao":"Seridó Oriental Paraibano","mesoregiao":"Borborema"},"geometry":{"type":"Point","coordinates":[-36.5183843046,-6.9379060136]}},
{"type":"Feature","properties":{"fid":72,"proprietario":"G.c.dmedeiros","orgao":"DNOCS","data_perfuracao":"1979-01-08","profundidade":35.0,"q_m3h":1.0,"equipamento":"CATAVENTO","municipio":"Juazeirinho","microregiao":"Seridó Oriental Paraibano","mesoregiao":"Borborema"},"geometry":{"type":"Point","coordinates":[-36.5236613592,-6.9490170977]}},
{"type":"Feature","properties":{"fid":73,"proprietario":"Dinamerica","orgao":"DNOCS","data_perfuracao":"1974-01-05","profundidade":22.0,"q_m3h":3.0,"equipamento":"CATAVENTO","municipio":"Juazeirinho","microregiao":"Seridó Oriental Paraibano","mesoregiao":"Borborema"},"geometry":{"type":"Point","coordinates":[-36.5956070943,-7.0845741154]}},
{"type":"Feature","properties":{"fid":74,"proprietario":"Lucas","orgao":"CONESP","data_perfuracao":"2000-01-01","profundidade":55.0,"q_m3h":2.0,"equipamento":null,"municipio":"Juazeirinho","microregiao":"Seridó Oriental Paraibano","mesoregiao":"Borborema"},"geometry":{"type":"Point","coordinates":[-36.5656067774,-7.0134625766]}},
{"type":"Feature","properties":{"fid":75,"proprietario":"H.ant. Olivei.","orgao":"NAO INFORMADO","data_perfuracao":"1959-01-01","profundidade":73.0,"q_m3h":1.0,"equipamento":"CATAVENTO","municipio":"Juazeirinho","microregiao":"Seridó Oriental Paraibano","mesoregiao":"Borborema"},"geometry":{"type":"Point","coordinates":[-36.4858841042,-7.0651290397]}},
{"type":"Feature","properties":{"fid":76,"proprietario":"Gervasio","orgao":"NAO INFORMADO","data_perfuracao":"1966-01-04","profundidade":40.0,"q_m3h":3.0,"equipamento":null,"municipio":"Assunção","microregiao":"Cariri Ocidental","mesoregiao":"Borborema"},"geometry":{"type":"Point","coordinates":[-36.7264412359,-7.0548507891]}},
{"type":"Feature","properties":{"fid":77,"proprietario":"Antonio Farias","orgao":"NAO INFORMADO","data_perfuracao":"2000-01-01","profundidade":10.0,"q_m3h":3.0,"equipamento":"CATAVENTO","municipio":"Juazeirinho","microregiao":"Seridó Oriental Paraibano","mesoregiao":"Borborema"},"geometry":{"type":"Point","coordinates":[-36.5675508617,-7.1084633232]}},
{"type":"Feature","properties":{"fid":78,"proprietario":"Hermes Pereira","orgao":"NAO INFORMADO","data_perfuracao":"1966-01-04","profundidade":44.0,"q_m3h":1.0,"equipamento":"CATAVENTO","municipio":"Assunção","microregiao":"Cariri Ocidental","mesoregiao":"Borborema"},"geometry":{"type":"Point","coordinates":[-36.7417193684,-7.0504067434]}},
{"type":"Feature","properties":{"fid":79,"proprietario":"G.c. Farias","orgao":"DNOCS","data_perfuracao":"1963-01-04","profundidade":24.0,"q_m3h":4.0,"equipamento":null,"municipio":"Juazeirinho","microregiao":"Seridó Oriental Paraibano","mesoregiao":"Borborema"},"geometry":{"type":"Point","coordinates":[-36.5147722751,-6.9417950468]}},
{"type":"Feature","properties":{"fid":80,"proprietario":"G.c. Farias","orgao":"NAO INFORMADO","data_perfuracao":"1959-01-01","profundidade":60.0,"q_m3h":1.0,"equipamento":"CATAVENTO","municipio":"Juazeirinho","microregiao":"Seridó Oriental Paraibano","mesoregiao":"Borborema"},"geometry":{"type":"Point","coordinates":[-36.5175502952,-6.9351279923]}},
{"type":"Feature","properties":{"fid":81,"proprietario":"Fco.a. Nobrega","orgao":"EXERCITO","data_perfuracao":"2000-01-01","profundidade":54.0,"q_m3h":1.0,"equipamento":"CATAVENTO","municipio":"Juazeirinho","microregiao":"Seridó Oriental Paraibano","mesoregiao":"Borborema"},"geometry":{"type":"Point","coordinates":[-36.534495494,-7.004017524]}},
{"type":"Feature","properties":{"fid":82,"proprietario":"Ant. Tavares","orgao":"EXERCITO","data_perfuracao":"1971-01-01","profundidade":11.0,"q_m3h":12.0,"equipamento":"CATAVENTO","municipio":"Juazeirinho","microregiao":"Seridó Oriental Paraibano","mesoregiao":"Borborema"},"geometry":{"type":"Point","coordinates":[-36.6033851669,-7.089296147]}},
{"type":"Feature","properties":{"fid":83,"proprietario":"Prefeitura","orgao":"CDRM","data_perfuracao":"1986-01-01","profundidade":40.0,"q_m3h":1.0,"equipamento":null,"municipio":"Soledade","microregiao":"Curimataú Ocidental","mesoregiao":"Agreste Paraibano"},"geometry":{"type":"Point","coordinates":[-36.2253258761,-7.1998522864]}},
{"type":"Feature","properties":{"fid":84,"proprietario":"Prefeitura","orgao":"CDRM","data_perfuracao":"1986-01-01","profundidade":50.0,"q_m3h":1.0,"equipamento":null,"municipio":"Boa Vista","microregiao":"Campina Grande","mesoregiao":"Agreste Paraibano"},"geometry":{"type":"Point","coordinates":[-36.233658964,-7.2187414295]}},
{"type":"Feature","properties":{"fid":85,"proprietario":"Prefeitura","orgao":"CDRM","data_perfuracao":"1986-01-01","profundidade":40.0,"q_m3h":5.0,"equipamento":"CATAVENTO","municipio":"Boa Vista","microregiao":"Campina Grande","mesoregiao":"Agreste Paraibano"},"geometry":{"type":"Point","coordinates":[-36.2336590638,-7.356798517]}},
{"type":"Feature","properties":{"fid":86,"proprietario":"Prefeitura","orgao":"CDRM","data_perfuracao":"1986-01-01","profundidade":40.0,"q_m3h":2.0,"equipamento":"CATAVENTO","municipio":"Boa Vista","microregiao":"Campina Grande","mesoregiao":"Agreste Paraibano"},"geometry":{"type":"Point","coordinates":[-36.2594932709,-7.3242982425]}},
{"type":"Feature","properties":{"fid":87,"proprietario":"Prefeitura","orgao":"CDRM","data_perfuracao":"1986-01-06","profundidade":48.0,"q_m3h":1.0,"equipamento":"CATAVENTO","municipio":"Campina Grande","microregiao":"Campina Grande","mesoregiao":"Agreste Paraibano"},"geometry":{"type":"Point","coordinates":[-36.0892137687,-7.3520765847]}},
{"type":"Feature","properties":{"fid":88,"proprietario":"Prefeitura","orgao":"CDRM","data_perfuracao":"1986-01-06","profundidade":33.0,"q_m3h":190.0,"equipamento":"MOTO-BOMBA","municipio":"Campina Grande","microregiao":"Campina Grande","mesoregiao":"Agreste Paraibano"},"geometry":{"type":"Point","coordinates":[-36.0922687876,-7.3404094905]}},
{"type":"Feature","properties":{"fid":89,"proprietario":"Prefeitura","orgao":"CDRM","data_perfuracao":"1986-01-11","profundidade":50.0,"q_m3h":1.0,"equipamento":null,"municipio":"Boa Vista","microregiao":"Campina Grande","mesoregiao":"Agreste Paraibano"},"geometry":{"type":"Point","coordinates":[-36.1206029798,-7.2554087996]}},
{"type":"Feature","properties":{"fid":90,"proprietario":"G.c. Farias","orgao":"DNOCS","data_perfuracao":"1977-01-06","profundidade":35.0,"q_m3h":1.0,"equipamento":null,"municipio":"Juazeirinho","microregiao":"Seridó Oriental Paraibano","mesoregiao":"Borborema"},"geometry":{"type":"Point","coordinates":[-36.5083842198,-6.9440170688]}},
{"type":"Feature","properties":{"fid":91,"proprietario":"Mario Carneiro","orgao":"NAO INFORMADO","data_perfuracao":"2000-01-01","profundidade":10.0,"q_m3h":1.0,"equipamento":"CATAVENTO","municipio":"Assunção","microregiao":"Cariri Ocidental","mesoregiao":"Borborema"},"geometry":{"type":"Point","coordinates":[-36.7469974165,-7.0520737528]}},
{"type":"Feature","properties":{"fid":92,"proprietario":"Mario Carneiro","orgao":"NAO INFORMADO","data_perfuracao":"2000-01-01","profundidade":8.0,"q_m3h":1.0,"equipamento":null,"municipio":"Salgadinho","microregiao":"Seridó Ocidental Paraibano","mesoregiao":"Borborema"},"geometry":{"type":"Point","coordinates":[-36.7583865209,-7.0567957818]}},
{"type":"Feature","properties":{"fid":93,"proprietario":"Fca. Felix","orgao":"NAO INFORMADO","data_perfuracao":"2000-01-01","profundidade":36.0,"q_m3h":1.0,"equipamento":"CATAVENTO","municipio":"Assunção","microregiao":"Cariri Ocidental","mesoregiao":"Borborema"},"geometry":{"type":"Point","coordinates":[-36.7350523078,-7.0484627329]}},
{"type":"Feature","properties":{"fid":94,"proprietario":"Prefeitura","orgao":"CDRM","data_perfuracao":"1984-01-10","profundidade":40.0,"q_m3h":1.0,"equipamento":null,"municipio":"Juazeirinho","microregiao":"Seridó Oriental Paraibano","mesoregiao":"Borborema"},"geometry":{"type":"Point","coordinates":[-36.5611617801,-7.0734630523]}},
{"type":"Feature","properties":{"fid":95,"proprietario":"Prefeitura","orgao":"CPRM","data_perfuracao":"1984-01-04","profundidade":60.0,"q_m3h":2.0,"equipamento":"INJ. ELÉTRICA","municipio":"Taperoá","microregiao":"Cariri Ocidental","mesoregiao":"Borborema"},"geometry":{"type":"Point","coordinates":[-36.6642187433,-7.1392964968]}},
{"type":"Feature","properties":{"fid":96,"proprietario":"Prefeitura","orgao":"CPRM","data_perfuracao":"1984-01-05","profundidade":60.0,"q_m3h":2.0,"equipamento":"MOTO-BOMBA","municipio":"Juazeirinho","microregiao":"Seridó Oriental Paraibano","mesoregiao":"Borborema"},"geometry":{"type":"Point","coordinates":[-36.5906070512,-7.0865181342]}},
{"type":"Feature","properties":{"fid":97,"proprietario":"Prefeitura","orgao":"CPRM","data_perfuracao":"1984-01-06","profundidade":60.0,"q_m3h":2.0,"equipamento":"MOTO-BOMBA","municipio":"Assunção","microregiao":"Cariri Ocidental","mesoregiao":"Borborema"},"geometry":{"type":"Point","coordinates":[-36.6942189325,-7.0304066197]}},
{"type":"Feature","properties":{"fid":98,"proprietario":"Prefeitura","orgao":"CPRM","data_perfuracao":"1984-01-06","profundidade":60.0,"q_m3h":1.0,"equipamento":null,"municipio":"Juazeirinho","microregiao":"Seridó Oriental Paraibano","mesoregiao":"Borborema"},"geometry":{"type":"Point","coordinates":[-36.5364395623,-7.0765180938]}},
{"type":"Feature","properties":{"fid":99,"proprietario":"Prefeitura","orgao":"CPRM","data_perfuracao":"1984-01-09","profundidade":60.0,"q_m3h":1.0,"equipamento":"CATAVENTO","municipio":"Santo André","microregiao":"Cariri Oriental","mesoregiao":"Borborema"},"geometry":{"type":"Point","coordinates":[-36.6294964606,-7.1754078052]}},
{"type":"Feature","properties":{"fid":100,"proprietario":"Prefeitura","orgao":"PREFEITURA","data_perfuracao":"2000-01-01","profundidade":6.0,"q_m3h":3.0,"equipamento":null,"municipio":"Brejo dos Santos","microregiao":"Catolé do Rocha","mesoregiao":"Sertão Paraibano"},"geometry":{"type":"Point","coordinates":[-37.8089503095,-6.3629006209]}},
{"type":"Feature","properties":{"fid":101,"proprietario":"Prefeitura","orgao":"PREFEITURA","data_perfuracao":"1983-01-06","profundidade":3.0,"q_m3h":2.0,"equipamento":"BOMBA CENTRÍFUGA","municipio":"Brejo dos Santos","microregiao":"Catolé do Rocha","mesoregiao":"Sertão Paraibano"},"geometry":{"type":"Point","coordinates":[-37.8272834832,-6.3829007655]}},
{"type":"Feature","properties":{"fid":102,"proprietario":"Prefeitura","orgao":"PREFEITURA","data_perfuracao":"2000-01-01","profundidade":30.0,"q_m3h":2.0,"equipamento":"BOMBA CENTRÍFUGA","municipio":"Brejo dos Santos","microregiao":"Catolé do Rocha","mesoregiao":"Sertão Paraibano"},"geometry":{"type":"Point","coordinates":[-37.814783368,-6.3742897063]}},
{"type":"Feature","properties":{"fid":103,"proprietario":"Prefeitura","orgao":"PREFEITURA","data_perfuracao":"1984-01-07","profundidade":50.0,"q_m3h":4.0,"equipamento":null,"municipio":"Brejo dos Santos","microregiao":"Catolé do Rocha","mesoregiao":"Sertão Paraibano"},"geometry":{"type":"Point","coordinates":[-37.8253394572,-6.3692896602]}},
{"type":"Feature","properties":{"fid":104,"proprietario":"Djalma Pereira","orgao":"DNOCS","data_perfuracao":"1962-01-01","profundidade":44.0,"q_m3h":2.0,"equipamento":null,"municipio":"Olho D'água","microregiao":"Piancó","mesoregiao":"Sertão Paraibano"},"geometry":{"type":"Point","coordinates":[-37.6770057388,-7.2020742498]}},
{"type":"Feature","properties":{"fid":105,"proprietario":"B. Loureiro","orgao":"NAO INFORMADO","data_perfuracao":"1964-01-01","profundidade":35.0,"q_m3h":5.0,"equipamento":"CATAVENTO","municipio":"Catingueira","microregiao":"Piancó","mesoregiao":"Sertão Paraibano"},"geometry":{"type":"Point","coordinates":[-37.675060697,-7.168739993]}},
{"type":"Feature","properties":{"fid":106,"proprietario":"Paroquia","orgao":"DNOCS","data_perfuracao":"1964-01-12","profundidade":87.0,"q_m3h":5.0,"equipamento":"CATAVENTO","municipio":"Catingueira","microregiao":"Piancó","mesoregiao":"Sertão Paraibano"},"geometry":{"type":"Point","coordinates":[-37.6067270638,-7.1242956985]}},
{"type":"Feature","properties":{"fid":107,"proprietario":"B. Loureiro","orgao":"NAO INFORMADO","data_perfuracao":"1963-01-01","profundidade":30.0,"q_m3h":7.0,"equipamento":"CATAVENTO","municipio":"Catingueira","microregiao":"Piancó","mesoregiao":"Sertão Paraibano"},"geometry":{"type":"Point","coordinates":[-37.6800607424,-7.1706850044]}},
{"type":"Feature","properties":{"fid":108,"proprietario":"Prefeitura","orgao":"NAO INFORMADO","data_perfuracao":"1973-01-12","profundidade":50.0,"q_m3h":5.0,"equipamento":"BOMBA SUBMERSA","municipio":"Catingueira","microregiao":"Piancó","mesoregiao":"Sertão Paraibano"},"geometry":{"type":"Point","coordinates":[-37.6083940762,-7.1212396736]}},
{"type":"Feature","properties":{"fid":109,"proprietario":"Prefeitura","orgao":"CONESP","data_perfuracao":"1973-01-12","profundidade":50.0,"q_m3h":1.0,"equipamento":null,"municipio":"Catingueira","microregiao":"Piancó","mesoregiao":"Sertão Paraibano"},"geometry":{"type":"Point","coordinates":[-37.6075600758,-7.1306847475]}},
{"type":"Feature","properties":{"fid":110,"proprietario":"Prefeitura","orgao":"NAO INFORMADO","data_perfuracao":"1973-01-12","profundidade":50.0,"q_m3h":5.0,"equipamento":"BOMBA SUBMERSA","municipio":"Catingueira","microregiao":"Piancó","mesoregiao":"Sertão Paraibano"},"geometry":{"type":"Point","coordinates":[-37.60478205,-7.1287397344]}},
{"type":"Feature","properties":{"fid":111,"proprietario":"Jose Soares","orgao":"DNOCS","data_perfuracao":"1975-01-08","profundidade":49.0,"q_m3h":2.0,"equipamento":"CATAVENTO","municipio":"Catingueira","microregiao":"Piancó","mesoregiao":"Sertão Paraibano"},"geometry":{"type":"Point","coordinates":[-37.5425594217,-7.0170729118]}},
{"type":"Feature","properties":{"fid":112,"proprietario":"Paulo Pires","orgao":"DNOCS","data_perfuracao":"1976-01-09","profundidade":50.0,"q_m3h":2.0,"equipamento":"INJ. ELÉTRICA","municipio":"Catingueira","microregiao":"Piancó","mesoregiao":"Sertão Paraibano"},"geometry":{"type":"Point","coordinates":[-37.611171098,-7.1176286435]}},
{"type":"Feature","properties":{"fid":113,"proprietario":"Silvei. Vital","orgao":"DNOCS","data_perfuracao":"1979-01-10","profundidade":50.0,"q_m3h":2.0,"equipamento":"CATAVENTO","municipio":"Catingueira","microregiao":"Piancó","mesoregiao":"Sertão Paraibano"},"geometry":{"type":"Point","coordinates":[-37.5322813415,-7.0312390294]}},
{"type":"Feature","properties":{"fid":114,"proprietario":"R. Medeiros","orgao":"DNOCS","data_perfuracao":"1979-01-10","profundidade":25.0,"q_m3h":1.0,"equipamento":"CATAVENTO","municipio":"Catingueira","microregiao":"Piancó","mesoregiao":"Sertão Paraibano"},"geometry":{"type":"Point","coordinates":[-37.5639486397,-7.0584622183]}},
{"type":"Feature","properties":{"fid":115,"proprietario":"Firm. A. Leite","orgao":"NAO INFORMADO","data_perfuracao":"1978-01-08","profundidade":40.0,"q_m3h":2.0,"equipamento":"CATAVENTO","municipio":"Catingueira","microregiao":"Piancó","mesoregiao":"Sertão Paraibano"},"geometry":{"type":"Point","coordinates":[-37.592004991,-7.2012403061]}},
{"type":"Feature","properties":{"fid":116,"proprietario":"Dario Pereira","orgao":"NAO INFORMADO","data_perfuracao":"1960-01-01","profundidade":31.0,"q_m3h":4.0,"equipamento":"BOMBA MANUAL","municipio":"Santo André","microregiao":"Cariri Oriental","mesoregiao":"Borborema"},"geometry":{"type":"Point","coordinates":[-36.5814400391,-7.1837409051]}},
{"type":"Feature","properties":{"fid":117,"proprietario":"A.correia","orgao":"NAO INFORMADO","data_perfuracao":"1980-01-08","profundidade":18.0,"q_m3h":4.0,"equipamento":"CATAVENTO","municipio":"Gurjão","microregiao":"Cariri Oriental","mesoregiao":"Borborema"},"geometry":{"type":"Point","coordinates":[-36.4067165071,-7.2170752925]}},
{"type":"Feature","properties":{"fid":118,"proprietario":"I.a.caluete","orgao":"NAO INFORMADO","data_perfuracao":"1965-01-12","profundidade":24.0,"q_m3h":2.0,"equipamento":null,"municipio":"Gurjão","microregiao":"Cariri Oriental","mesoregiao":"Borborema"},"geometry":{"type":"Point","coordinates":[-36.4786611749,-7.2540195313]}},
{"type":"Feature","properties":{"fid":119,"proprietario":"Inacio Caluet","orgao":"NAO INFORMADO","data_perfuracao":"1966-01-03","profundidade":32.0,"q_m3h":1.0,"equipamento":null,"municipio":"Gurjão","microregiao":"Cariri Oriental","mesoregiao":"Borborema"},"geometry":{"type":"Point","coordinates":[-36.4103275838,-7.278741775]}},
{"type":"Feature","properties":{"fid":120,"proprietario":"Bento Gurjao","orgao":"NAO INFORMADO","data_perfuracao":"1965-01-12","profundidade":16.0,"q_m3h":3.0,"equipamento":null,"municipio":"Gurjão","microregiao":"Cariri Oriental","mesoregiao":"Borborema"},"geometry":{"type":"Point","coordinates":[-36.4611610127,-7.2454084762]}},
{"type":"Feature","properties":{"fid":121,"proprietario":"Dario Pereira","orgao":"NAO INFORMADO","data_perfuracao":"1966-01-01","profundidade":36.0,"q_m3h":4.0,"equipamento":"BOMBA MANUAL","municipio":"Santo André","microregiao":"Cariri Oriental","mesoregiao":"Borborema"},"geometry":{"type":"Point","coordinates":[-36.6017182207,-7.1854079037]}},
{"type":"Feature","properties":{"fid":122,"proprietario":"Prefeitura","orgao":"SUDENE","data_perfuracao":"1963-01-07","profundidade":126.0,"q_m3h":2.0,"equipamento":"INJ. ELÉTRICA","municipio":"Junco do Seridó","microregiao":"Seridó Ocidental Paraibano","mesoregiao":"Borborema"},"geometry":{"type":"Point","coordinates":[-36.7169971101,-6.9954063284]}},
{"type":"Feature","properties":{"fid":123,"proprietario":"J.macedo","orgao":"NAO INFORMADO","data_perfuracao":"1963-01-08","profundidade":70.0,"q_m3h":5.0,"equipamento":"BOMBA MANUAL","municipio":"Junco do Seridó","microregiao":"Seridó Ocidental Paraibano","mesoregiao":"Borborema"},"geometry":{"type":"Point","coordinates":[-36.7353302647,-6.9837392238]}},
{"type":"Feature","properties":{"fid":124,"proprietario":"J.b. Santos","orgao":"JOSE A.","data_perfuracao":"1980-01-10","profundidade":20.0,"q_m3h":2.0,"equipamento":"MOTO-BOMBA","municipio":"Junco do Seridó","microregiao":"Seridó Ocidental Paraibano","mesoregiao":"Borborema"},"geometry":{"type":"Point","coordinates":[-36.7103300525,-6.9976283506]}},
{"type":"Feature","properties":{"fid":125,"proprietario":"Lavra(miner)","orgao":"DNOCS","data_perfuracao":"1980-01-03","profundidade":21.0,"q_m3h":2.0,"equipamento":null,"municipio":"Junco do Seridó","microregiao":"Seridó Ocidental Paraibano","mesoregiao":"Borborema"},"geometry":{"type":"Point","coordinates":[-36.7336632515,-6.9859622425]}},
{"type":"Feature","properties":{"fid":126,"proprietario":"Prefeitura","orgao":"CDRM","data_perfuracao":"1980-01-12","profundidade":50.0,"q_m3h":2.0,"equipamento":"CATAVENTO","municipio":"Junco do Seridó","microregiao":"Seridó Ocidental Paraibano","mesoregiao":"Borborema"},"geometry":{"type":"Point","coordinates":[-36.682273774,-6.9556840401]}},
{"type":"Feature","properties":{"fid":127,"proprietario":"Prefeitura","orgao":"CDRM","data_perfuracao":"1983-01-02","profundidade":40.0,"q_m3h":2.0,"equipamento":"CATAVENTO","municipio":"Junco do Seridó","microregiao":"Seridó Ocidental Paraibano","mesoregiao":"Borborema"},"geometry":{"type":"Point","coordinates":[-36.7997748652,-7.0242954973]}},
{"type":"Feature","properties":{"fid":128,"proprietario":"Prefeitura","orgao":"CDRM","data_perfuracao":"1983-01-01","profundidade":45.0,"q_m3h":2.0,"equipamento":"CATAVENTO","municipio":"Junco do Seridó","microregiao":"Seridó Ocidental Paraibano","mesoregiao":"Borborema"},"geometry":{"type":"Point","coordinates":[-36.7750526212,-6.9892952397]}},
{"type":"Feature","properties":{"fid":129,"proprietario":"Prefeitura","orgao":"DNOCS","data_perfuracao":"1984-01-05","profundidade":48.0,"q_m3h":1.0,"equipamento":"CATAVENTO","municipio":"Junco do Seridó","microregiao":"Seridó Ocidental Paraibano","mesoregiao":"Borborema"},"geometry":{"type":"Point","coordinates":[-36.7292192134,-6.9879062609]}},
{"type":"Feature","properties":{"fid":130,"proprietario":"Prefeitura","orgao":"CDRM","data_perfuracao":"1986-01-07","profundidade":50.0,"q_m3h":1.0,"equipamento":"CATAVENTO","municipio":"Junco do Seridó","microregiao":"Seridó Ocidental Paraibano","mesoregiao":"Borborema"},"geometry":{"type":"Point","coordinates":[-36.769219529,-6.9315167893]}},
{"type":"Feature","properties":{"fid":131,"proprietario":"Dalmo Teixeira","orgao":"DNOCS","data_perfuracao":"1968-01-01","profundidade":32.0,"q_m3h":2.0,"equipamento":"INJ. ELÉTRICA","municipio":"Juru","microregiao":"Serra do Teixeira","mesoregiao":"Sertão Paraibano"},"geometry":{"type":"Point","coordinates":[-37.7522836862,-7.5770770861]}},
{"type":"Feature","properties":{"fid":132,"proprietario":"Joao G. Morais","orgao":"DNOCS","data_perfuracao":"1967-01-11","profundidade":40.0,"q_m3h":1.0,"equipamento":"CATAVENTO","municipio":"Juru","microregiao":"Serra do Teixeira","mesoregiao":"Sertão Paraibano"},"geometry":{"type":"Point","coordinates":[-37.8178402286,-7.5345767083]}},
{"type":"Feature","properties":{"fid":133,"proprietario":"Prefeitura","orgao":"DNOCS","data_perfuracao":"1985-01-08","profundidade":20.0,"q_m3h":3.0,"equipamento":"CATAVENTO","municipio":"Juru","microregiao":"Serra do Teixeira","mesoregiao":"Sertão Paraibano"},"geometry":{"type":"Point","coordinates":[-37.7847839428,-7.5401317767]}},
{"type":"Feature","properties":{"fid":134,"proprietario":"S. V. O. P.","orgao":"T.JANER","data_perfuracao":"1964-01-12","profundidade":45.0,"q_m3h":2.0,"equipamento":"CATAVENTO","municipio":"São João do Cariri","microregiao":"Cariri Oriental","mesoregiao":"Borborema"},"geometry":{"type":"Point","coordinates":[-36.4539390705,-7.4123537921]}},
{"type":"Feature","properties":{"fid":135,"proprietario":"Sudene","orgao":"NAO INFORMADO","data_perfuracao":"1965-01-03","profundidade":10.0,"q_m3h":3.0,"equipamento":"CATAVENTO","municipio":"São Domingos do Cariri","microregiao":"Cariri Oriental","mesoregiao":"Borborema"},"geometry":{"type":"Point","coordinates":[-36.4311610349,-7.635411555]}},
{"type":"Feature","properties":{"fid":136,"proprietario":"Manuel Marcal","orgao":"NAO INFORMADO","data_perfuracao":"1966-01-03","profundidade":30.0,"q_m3h":8.0,"equipamento":null,"municipio":"Cabaceiras","microregiao":"Cariri Oriental","mesoregiao":"Borborema"},"geometry":{"type":"Point","coordinates":[-36.3953275847,-7.4620772252]}},
{"type":"Feature","properties":{"fid":137,"proprietario":"Miguel Farias","orgao":"NAO INFORMADO","data_perfuracao":"1964-01-08","profundidade":28.0,"q_m3h":8.0,"equipamento":"CATAVENTO","municipio":"São Domingos do Cariri","microregiao":"Cariri Oriental","mesoregiao":"Borborema"},"geometry":{"type":"Point","coordinates":[-36.4053277793,-7.6023553161]}},
{"type":"Feature","properties":{"fid":138,"proprietario":"S. V. O. P.","orgao":"T.JANER","data_perfuracao":"1964-01-12","profundidade":26.0,"q_m3h":6.0,"equipamento":"CATAVENTO","municipio":"Cabaceiras","microregiao":"Cariri Oriental","mesoregiao":"Borborema"},"geometry":{"type":"Point","coordinates":[-36.3747714361,-7.5087436062]}},
{"type":"Feature","properties":{"fid":139,"proprietario":"Sudene","orgao":"NAO INFORMADO","data_perfuracao":"1965-01-01","profundidade":53.0,"q_m3h":3.0,"equipamento":"CATAVENTO","municipio":"Cabaceiras","microregiao":"Cariri Oriental","mesoregiao":"Borborema"},"geometry":{"type":"Point","coordinates":[-36.3269939232,-7.3920767262]}},
{"type":"Feature","properties":{"fid":140,"proprietario":"Conesp","orgao":"CONESP","data_perfuracao":"1964-01-06","profundidade":30.0,"q_m3h":6.0,"equipamento":"ELETRO-BOMBA","municipio":"Cabaceiras","microregiao":"Cariri Oriental","mesoregiao":"Borborema"},"geometry":{"type":"Point","coordinates":[-36.2836596081,-7.4892995215]}},
{"type":"Feature","properties":{"fid":141,"proprietario":"Sev.beventura","orgao":"CONESP","data_perfuracao":"1968-01-01","profundidade":60.0,"q_m3h":6.0,"equipamento":null,"municipio":"Cabaceiras","microregiao":"Cariri Oriental","mesoregiao":"Borborema"},"geometry":{"type":"Point","coordinates":[-36.3636602768,-7.4279099806]}},
{"type":"Feature","properties":{"fid":142,"proprietario":"J.albuquerque","orgao":"DNOCS","data_perfuracao":"1974-01-11","profundidade":22.0,"q_m3h":2.0,"equipamento":"CATAVENTO","municipio":"São Domingos do Cariri","microregiao":"Cariri Oriental","mesoregiao":"Borborema"},"geometry":{"type":"Point","coordinates":[-36.3836605223,-7.5179106714]}},
{"type":"Feature","properties":{"fid":143,"proprietario":"Suplan","orgao":"CONESP","data_perfuracao":"1978-01-05","profundidade":21.0,"q_m3h":2.0,"equipamento":"CATAVENTO","municipio":"São Domingos do Cariri","microregiao":"Cariri Oriental","mesoregiao":"Borborema"},"geometry":{"type":"Point","coordinates":[-36.4336610581,-7.6365225617]}},
{"type":"Feature","properties":{"fid":144,"proprietario":"Sudene","orgao":"NAO INFORMADO","data_perfuracao":"2000-01-01","profundidade":74.0,"q_m3h":3.0,"equipamento":"CATAVENTO","municipio":"Cabaceiras","microregiao":"Cariri Oriental","mesoregiao":"Borborema"},"geometry":{"type":"Point","coordinates":[-36.2883826516,-7.4909665311]}},
{"type":"Feature","properties":{"fid":145,"proprietario":"Prefeitura","orgao":"CONESP","data_perfuracao":"1980-01-01","profundidade":10.0,"q_m3h":2.0,"equipamento":"MOTO-BOMBA","municipio":"Catingueira","microregiao":"Piancó","mesoregiao":"Sertão Paraibano"},"geometry":{"type":"Point","coordinates":[-37.6520053853,-7.0192948503]}},
{"type":"Feature","properties":{"fid":146,"proprietario":"Jussie Pinto","orgao":"DNOCS","data_perfuracao":"1965-01-01","profundidade":10.0,"q_m3h":2.0,"equipamento":"INJ. ELÉTRICA","municipio":"Catingueira","microregiao":"Piancó","mesoregiao":"Sertão Paraibano"},"geometry":{"type":"Point","coordinates":[-37.6583945238,-7.1323507232]}},
{"type":"Feature","properties":{"fid":147,"proprietario":"Prefeitura","orgao":"CDRM","data_perfuracao":"1981-01-07","profundidade":50.0,"q_m3h":3.0,"equipamento":"CATAVENTO","municipio":"Catingueira","microregiao":"Piancó","mesoregiao":"Sertão Paraibano"},"geometry":{"type":"Point","coordinates":[-37.5489486012,-7.1862402216]}},
{"type":"Feature","properties":{"fid":148,"proprietario":"Prefeitura","orgao":"CDRM","data_perfuracao":"1982-01-12","profundidade":50.0,"q_m3h":1.0,"equipamento":"CATAVENTO","municipio":"Catingueira","microregiao":"Piancó","mesoregiao":"Sertão Paraibano"},"geometry":{"type":"Point","coordinates":[-37.5897819187,-7.1295737519]}},
{"type":"Feature","properties":{"fid":149,"proprietario":"Prefeitura","orgao":"CDRM","data_perfuracao":"1983-01-05","profundidade":40.0,"q_m3h":1.0,"equipamento":"CATAVENTO","municipio":"Catingueira","microregiao":"Piancó","mesoregiao":"Sertão Paraibano"},"geometry":{"type":"Point","coordinates":[-37.63811628,-7.0423500395]}},
{"type":"Feature","properties":{"fid":150,"proprietario":"Prefeitura","orgao":"CDRM","data_perfuracao":"1983-01-12","profundidade":50.0,"q_m3h":1.0,"equipamento":"CATAVENTO","municipio":"Catingueira","microregiao":"Piancó","mesoregiao":"Sertão Paraibano"},"geometry":{"type":"Point","coordinates":[-37.6145050506,-7.0120728212]}},
{"type":"Feature","properties":{"fid":151,"proprietario":"Prefeitura","orgao":"CDRM","data_perfuracao":"1983-01-12","profundidade":40.0,"q_m3h":9.0,"equipamento":"MOTO-BOMBA","municipio":"Catingueira","microregiao":"Piancó","mesoregiao":"Sertão Paraibano"},"geometry":{"type":"Point","coordinates":[-37.544504428,-7.0020727937]}},
{"type":"Feature","properties":{"fid":152,"proprietario":"Prefeitura","orgao":"CDRM","data_perfuracao":"1984-01-10","profundidade":40.0,"q_m3h":1.0,"equipamento":"CATAVENTO","municipio":"Catingueira","microregiao":"Piancó","mesoregiao":"Sertão Paraibano"},"geometry":{"type":"Point","coordinates":[-37.6222822525,-7.1948512343]}},
{"type":"Feature","properties":{"fid":153,"proprietario":"Escola Normal","orgao":"NAO INFORMADO","data_perfuracao":"1959-01-01","profundidade":33.0,"q_m3h":1.0,"equipamento":"INJ. ELÉTRICA","municipio":"Catolé do Rocha","microregiao":"Catolé do Rocha","mesoregiao":"Sertão Paraibano"},"geometry":{"type":"Point","coordinates":[-37.748949773,-6.3462335296]}},
{"type":"Feature","properties":{"fid":154,"proprietario":"Ant. Silva","orgao":"DNOCS","data_perfuracao":"1975-01-11","profundidade":50.0,"q_m3h":3.0,"equipamento":null,"municipio":"Catolé do Rocha","microregiao":"Catolé do Rocha","mesoregiao":"Sertão Paraibano"},"geometry":{"type":"Point","coordinates":[-37.7656169595,-6.407901002]}},
{"type":"Feature","properties":{"fid":155,"proprietario":"Silvia Mariz","orgao":"DNOCS","data_perfuracao":"1975-01-04","profundidade":30.0,"q_m3h":2.0,"equipamento":"INJ. ELÉTRICA","municipio":"Catolé do Rocha","microregiao":"Catolé do Rocha","mesoregiao":"Sertão Paraibano"},"geometry":{"type":"Point","coordinates":[-37.6531158559,-6.2270666555]}},
{"type":"Feature","properties":{"fid":156,"proprietario":"Cagepa","orgao":"CONESP","data_perfuracao":"1979-01-10","profundidade":12.0,"q_m3h":6.0,"equipamento":"INJ. ELÉTRICA","municipio":"Catolé do Rocha","microregiao":"Catolé do Rocha","mesoregiao":"Sertão Paraibano"},"geometry":{"type":"Point","coordinates":[-37.7483947647,-6.3409564886]}},
{"type":"Feature","properties":{"fid":157,"proprietario":"Jose Filho","orgao":"NAO INFORMADO","data_perfuracao":"1966-01-02","profundidade":25.0,"q_m3h":2.0,"equipamento":"BOMBA MANUAL","municipio":"Santo André","microregiao":"Cariri Oriental","mesoregiao":"Borborema"},"geometry":{"type":"Point","coordinates":[-36.6019962619,-7.2390193244]}},
{"type":"Feature","properties":{"fid":158,"proprietario":"Sebt. Coutinh","orgao":"NAO INFORMADO","data_perfuracao":"1962-01-08","profundidade":13.0,"q_m3h":2.0,"equipamento":"CATAVENTO","municipio":"Santo André","microregiao":"Cariri Oriental","mesoregiao":"Borborema"},"geometry":{"type":"Point","coordinates":[-36.5603288765,-7.2187411952]}},
{"type":"Feature","properties":{"fid":159,"proprietario":"Arao Dantas","orgao":"NAO INFORMADO","data_perfuracao":"1976-01-07","profundidade":20.0,"q_m3h":2.0,"equipamento":"INJ. ELÉTRICA","municipio":"Santo André","microregiao":"Cariri Oriental","mesoregiao":"Borborema"},"geometry":{"type":"Point","coordinates":[-36.59616221,-7.2390193286]}},
{"type":"Feature","properties":{"fid":160,"proprietario":"P.m.medeiros","orgao":"CONESP","data_perfuracao":"1966-01-03","profundidade":40.0,"q_m3h":6.0,"equipamento":"CATAVENTO","municipio":"Santo André","microregiao":"Cariri Oriental","mesoregiao":"Borborema"},"geometry":{"type":"Point","coordinates":[-36.6322735183,-7.221241163]}},
{"type":"Feature","properties":{"fid":161,"proprietario":"Joarez M.cout","orgao":"DNOCS","data_perfuracao":"1969-01-01","profundidade":32.0,"q_m3h":5.0,"equipamento":null,"municipio":"Gurjão","microregiao":"Cariri Oriental","mesoregiao":"Borborema"},"geometry":{"type":"Point","coordinates":[-36.5122724331,-7.1970750595]}},
{"type":"Feature","properties":{"fid":162,"proprietario":"Prefeitura","orgao":"CDRM","data_perfuracao":"1985-01-06","profundidade":50.0,"q_m3h":1.0,"equipamento":"CATAVENTO","municipio":"Santo André","microregiao":"Cariri Oriental","mesoregiao":"Borborema"},"geometry":{"type":"Point","coordinates":[-36.6344965315,-7.2120750895]}},
{"type":"Feature","properties":{"fid":163,"proprietario":"Prefeitura","orgao":"CPRM","data_perfuracao":"1984-01-10","profundidade":52.0,"q_m3h":1.0,"equipamento":"CATAVENTO","municipio":"Santo André","microregiao":"Cariri Oriental","mesoregiao":"Borborema"},"geometry":{"type":"Point","coordinates":[-36.6406075894,-7.2170751243]}},
{"type":"Feature","properties":{"fid":164,"proprietario":"Prefeitura","orgao":"CDRM","data_perfuracao":"1987-01-09","profundidade":30.0,"q_m3h":3.0,"equipamento":"CATAVENTO","municipio":"Soledade","microregiao":"Curimataú Ocidental","mesoregiao":"Agreste Paraibano"},"geometry":{"type":"Point","coordinates":[-36.4803281417,-7.187352006]}},
{"type":"Feature","properties":{"fid":165,"proprietario":"Prefeitura","orgao":"CDRM","data_perfuracao":"1987-01-09","profundidade":50.0,"q_m3h":1.0,"equipamento":"CATAVENTO","municipio":"Gurjão","microregiao":"Cariri Oriental","mesoregiao":"Borborema"},"geometry":{"type":"Point","coordinates":[-36.4292167052,-7.2137412502]}},
{"type":"Feature","properties":{"fid":166,"proprietario":"Prefeitura","orgao":"CDRM","data_perfuracao":"1987-01-10","profundidade":30.0,"q_m3h":6.0,"equipamento":null,"municipio":"Gurjão","microregiao":"Cariri Oriental","mesoregiao":"Borborema"},"geometry":{"type":"Point","coordinates":[-36.544495726,-7.2054081019]}},
{"type":"Feature","properties":{"fid":167,"proprietario":"Prefeitura","orgao":"CDRM","data_perfuracao":"1988-01-02","profundidade":40.0,"q_m3h":1.0,"equipamento":"CATAVENTO","municipio":"Gurjão","microregiao":"Cariri Oriental","mesoregiao":"Borborema"},"geometry":{"type":"Point","coordinates":[-36.4603279775,-7.2067971732]}},
{"type":"Feature","properties":{"fid":168,"proprietario":"Abdias Percira","orgao":"CONESP","data_perfuracao":"1977-01-04","profundidade":54.0,"q_m3h":1.0,"equipamento":"BOMBA MANUAL","municipio":"Conceição","microregiao":"Itaporanga","mesoregiao":"Sertão Paraibano"},"geometry":{"type":"Point","coordinates":[-38.5278464225,-7.5195760374]}},
{"type":"Feature","properties":{"fid":169,"proprietario":"Prefeitura","orgao":"CONESP","data_perfuracao":"1977-01-04","profundidade":54.0,"q_m3h":3.0,"equipamento":"INJ. ELÉTRICA","municipio":"Ibiara","microregiao":"Itaporanga","mesoregiao":"Sertão Paraibano"},"geometry":{"type":"Point","coordinates":[-38.4011783103,-7.5081870503]}},
{"type":"Feature","properties":{"fid":170,"proprietario":"Prefeitura","orgao":"CDRM","data_perfuracao":"1982-01-05","profundidade":8.0,"q_m3h":5.0,"equipamento":"INJ. ELÉTRICA","municipio":"Ibiara","microregiao":"Itaporanga","mesoregiao":"Sertão Paraibano"},"geometry":{"type":"Point","coordinates":[-38.355622885,-7.4723528124]}},
{"type":"Feature","properties":{"fid":171,"proprietario":"Prefeitura","orgao":"CDRM","data_perfuracao":"1983-01-11","profundidade":50.0,"q_m3h":1.0,"equipamento":"CATAVENTO","municipio":"Ibiara","microregiao":"Itaporanga","mesoregiao":"Sertão Paraibano"},"geometry":{"type":"Point","coordinates":[-38.462567806,-7.4584646228]}},
{"type":"Feature","properties":{"fid":172,"proprietario":"Prefeitura","orgao":"CDRM","data_perfuracao":"1983-01-10","profundidade":40.0,"q_m3h":1.0,"equipamento":"CATAVENTO","municipio":"Ibiara","microregiao":"Itaporanga","mesoregiao":"Sertão Paraibano"},"geometry":{"type":"Point","coordinates":[-38.4039563774,-7.5623534612]}},
{"type":"Feature","properties":{"fid":173,"proprietario":"Prefeitura","orgao":"CDRM","data_perfuracao":"1983-01-08","profundidade":8.0,"q_m3h":2.0,"equipamento":null,"municipio":"Ibiara","microregiao":"Itaporanga","mesoregiao":"Sertão Paraibano"},"geometry":{"type":"Point","coordinates":[-38.4056233401,-7.4967979599]}},
{"type":"Feature","properties":{"fid":174,"proprietario":"Prefeitura","orgao":"CDRM","data_perfuracao":"1984-01-10","profundidade":50.0,"q_m3h":1.0,"equipamento":"CATAVENTO","municipio":"Ibiara","microregiao":"Itaporanga","mesoregiao":"Sertão Paraibano"},"geometry":{"type":"Point","coordinates":[-38.421734498,-7.5190201168]}},
{"type":"Feature","properties":{"fid":175,"proprietario":"Prefeitura","orgao":"EXERCITO","data_perfuracao":"1985-01-04","profundidade":54.0,"q_m3h":1.0,"equipamento":null,"municipio":"Ibiara","microregiao":"Itaporanga","mesoregiao":"Sertão Paraibano"},"geometry":{"type":"Point","coordinates":[-38.3661779899,-7.4887419293]}},
{"type":"Feature","properties":{"fid":176,"proprietario":"Prefeitura","orgao":"EXERCITO","data_perfuracao":"1985-01-05","profundidade":50.0,"q_m3h":7.0,"equipamento":"CATAVENTO","municipio":"Ibiara","microregiao":"Itaporanga","mesoregiao":"Sertão Paraibano"},"geometry":{"type":"Point","coordinates":[-38.4150674445,-7.5248531665]}},
{"type":"Feature","properties":{"fid":177,"proprietario":"Prefeitura","orgao":"EXERCITO","data_perfuracao":"1985-01-05","profundidade":50.0,"q_m3h":6.0,"equipamento":"CATAVENTO","municipio":"Ibiara","microregiao":"Itaporanga","mesoregiao":"Sertão Paraibano"},"geometry":{"type":"Point","coordinates":[-38.4278455623,-7.5329092179]}},
{"type":"Feature","properties":{"fid":178,"proprietario":"Prefeitura","orgao":"PREFEITURA","data_perfuracao":"1982-01-08","profundidade":5.0,"q_m3h":194.0,"equipamento":"BOMBA CENTRÍFUGA","municipio":"Catolé do Rocha","microregiao":"Catolé do Rocha","mesoregiao":"Sertão Paraibano"},"geometry":{"type":"Point","coordinates":[-37.7481168139,-6.419568105]}},
{"type":"Feature","properties":{"fid":179,"proprietario":"Prefeitura","orgao":"CPRM","data_perfuracao":"1983-01-12","profundidade":48.0,"q_m3h":2.0,"equipamento":null,"municipio":"Areia","microregiao":"Brejo Paraibano","mesoregiao":"Agreste Paraibano"},"geometry":{"type":"Point","coordinates":[-35.7547654492,-6.8912391643]}},
{"type":"Feature","properties":{"fid":180,"proprietario":"Marlene Moura","orgao":"FC.ROSA","data_perfuracao":"2000-01-01","profundidade":20.0,"q_m3h":5.0,"equipamento":"CATAVENTO","municipio":"Cabaceiras","microregiao":"Cariri Oriental","mesoregiao":"Borborema"},"geometry":{"type":"Point","coordinates":[-36.2669933839,-7.387353733]}},
{"type":"Feature","properties":{"fid":181,"proprietario":"Marlene Moura","orgao":"FC.ROSA","data_perfuracao":"1977-01-01","profundidade":23.0,"q_m3h":2.0,"equipamento":"CATAVENTO","municipio":"Cabaceiras","microregiao":"Cariri Oriental","mesoregiao":"Borborema"},"geometry":{"type":"Point","coordinates":[-36.2592153204,-7.3954098021]}},
{"type":"Feature","properties":{"fid":182,"proprietario":"Marlene Moura","orgao":"NAO INFORMADO","data_perfuracao":"2000-01-01","profundidade":20.0,"q_m3h":3.0,"equipamento":"CATAVENTO","municipio":"Cabaceiras","microregiao":"Cariri Oriental","mesoregiao":"Borborema"},"geometry":{"type":"Point","coordinates":[-36.2694934185,-7.4040208622]}},
{"type":"Feature","properties":{"fid":183,"proprietario":"Marlene Moura","orgao":"NAO INFORMADO","data_perfuracao":"2000-01-01","profundidade":19.0,"q_m3h":3.0,"equipamento":"CATAVENTO","municipio":"Cabaceiras","microregiao":"Cariri Oriental","mesoregiao":"Borborema"},"geometry":{"type":"Point","coordinates":[-36.2714374361,-7.404298863]}},
{"type":"Feature","properties":{"fid":184,"proprietario":"Ant. Gomes","orgao":"NAO INFORMADO","data_perfuracao":"2000-01-01","profundidade":16.0,"q_m3h":1.0,"equipamento":"CATAVENTO","municipio":"Cabaceiras","microregiao":"Cariri Oriental","mesoregiao":"Borborema"},"geometry":{"type":"Point","coordinates":[-36.2456042702,-7.4920775715]}},
{"type":"Feature","properties":{"fid":185,"proprietario":"Juarez Lacerda","orgao":"P.C.GRA","data_perfuracao":"1963-01-01","profundidade":15.0,"q_m3h":3.0,"equipamento":"CATAVENTO","municipio":"Cabaceiras","microregiao":"Cariri Oriental","mesoregiao":"Borborema"},"geometry":{"type":"Point","coordinates":[-36.2381041124,-7.36902061]}},
{"type":"Feature","properties":{"fid":186,"proprietario":"Prefeitura","orgao":"CDRM","data_perfuracao":"1981-01-11","profundidade":40.0,"q_m3h":2.0,"equipamento":"CATAVENTO","municipio":"Cabaceiras","microregiao":"Cariri Oriental","mesoregiao":"Borborema"},"geometry":{"type":"Point","coordinates":[-36.3122708126,-7.4204099596]}},
{"type":"Feature","properties":{"fid":187,"proprietario":"Prefeitura","orgao":"CDRM","data_perfuracao":"1982-01-11","profundidade":50.0,"q_m3h":3.0,"equipamento":"CATAVENTO","municipio":"Cabaceiras","microregiao":"Cariri Oriental","mesoregiao":"Borborema"},"geometry":{"type":"Point","coordinates":[-36.3592162454,-7.4390210711]}},
{"type":"Feature","properties":{"fid":188,"proprietario":"Prefeitura","orgao":"CDRM","data_perfuracao":"1982-01-01","profundidade":50.0,"q_m3h":2.0,"equipamento":"CATAVENTO","municipio":"São Domingos do Cariri","microregiao":"Cariri Oriental","mesoregiao":"Borborema"},"geometry":{"type":"Point","coordinates":[-36.3992167554,-7.6426336356]}},
{"type":"Feature","properties":{"fid":189,"proprietario":"Prefeitura","orgao":"CDRM","data_perfuracao":"1984-01-08","profundidade":40.0,"q_m3h":3.0,"equipamento":"CATAVENTO","municipio":"Cabaceiras","microregiao":"Cariri Oriental","mesoregiao":"Borborema"},"geometry":{"type":"Point","coordinates":[-36.3197708697,-7.4070768494]}},
{"type":"Feature","properties":{"fid":190,"proprietario":"Prefeitura","orgao":"CDRM","data_perfuracao":"1985-01-07","profundidade":40.0,"q_m3h":2.0,"equipamento":"CATAVENTO","municipio":"Cabaceiras","microregiao":"Cariri Oriental","mesoregiao":"Borborema"},"geometry":{"type":"Point","coordinates":[-36.2158819171,-7.3734656611]}},
{"type":"Feature","properties":{"fid":191,"proprietario":"Prefeitura","orgao":"CONESP","data_perfuracao":"1984-01-02","profundidade":48.0,"q_m3h":3.0,"equipamento":"CATAVENTO","municipio":"São Domingos do Cariri","microregiao":"Cariri Oriental","mesoregiao":"Borborema"},"geometry":{"type":"Point","coordinates":[-36.423105928,-7.5893002006]}},
{"type":"Feature","properties":{"fid":192,"proprietario":"Prefeitura","orgao":"CONESP","data_perfuracao":"1984-01-02","profundidade":48.0,"q_m3h":9.0,"equipamento":"CATAVENTO","municipio":"Cabaceiras","microregiao":"Cariri Oriental","mesoregiao":"Borborema"},"geometry":{"type":"Point","coordinates":[-36.3394940568,-7.4220769526]}},
{"type":"Feature","properties":{"fid":193,"proprietario":"Prefeitura","orgao":"CPRM","data_perfuracao":"1984-01-06","profundidade":53.0,"q_m3h":1.0,"equipamento":"CATAVENTO","municipio":"Cabaceiras","microregiao":"Cariri Oriental","mesoregiao":"Borborema"},"geometry":{"type":"Point","coordinates":[-36.237826137,-7.4059659007]}},
{"type":"Feature","properties":{"fid":194,"proprietario":"Prefeitura","orgao":"CPRM","data_perfuracao":"1984-01-06","profundidade":53.0,"q_m3h":2.0,"equipamento":"CATAVENTO","municipio":"Barra de São Miguel","microregiao":"Cariri Oriental","mesoregiao":"Borborema"},"geometry":{"type":"Point","coordinates":[-36.4003278061,-7.6959680515]}},
{"type":"Feature","properties":{"fid":195,"proprietario":"Prefeitura","orgao":"CPRM","data_perfuracao":"1984-01-10","profundidade":60.0,"q_m3h":2.0,"equipamento":"CATAVENTO","municipio":"São Domingos do Cariri","microregiao":"Cariri Oriental","mesoregiao":"Borborema"},"geometry":{"type":"Point","coordinates":[-36.3656053772,-7.5392998524]}},
{"type":"Feature","properties":{"fid":196,"proprietario":"Prefeitura","orgao":"CDRM","data_perfuracao":"1985-01-08","profundidade":50.0,"q_m3h":1.0,"equipamento":"CATAVENTO","municipio":"Cabaceiras","microregiao":"Cariri Oriental","mesoregiao":"Borborema"},"geometry":{"type":"Point","coordinates":[-36.2792155299,-7.437354117]}},
{"type":"Feature","properties":{"fid":197,"proprietario":"Prefeitura","orgao":"CDRM","data_perfuracao":"1985-01-08","profundidade":40.0,"q_m3h":2.0,"equipamento":"CATAVENTO","municipio":"São Domingos do Cariri","microregiao":"Cariri Oriental","mesoregiao":"Borborema"},"geometry":{"type":"Point","coordinates":[-36.395605713,-7.6293005342]}},
{"type":"Feature","properties":{"fid":198,"proprietario":"Prefeitura","orgao":"CDRM","data_perfuracao":"1985-01-08","profundidade":50.0,"q_m3h":1.0,"equipamento":"CATAVENTO","municipio":"São Domingos do Cariri","microregiao":"Cariri Oriental","mesoregiao":"Borborema"},"geometry":{"type":"Point","coordinates":[-36.3708835207,-7.6665228439]}},
{"type":"Feature","properties":{"fid":199,"proprietario":"Prefeitura","orgao":"CDRM","data_perfuracao":"1985-01-09","profundidade":42.0,"q_m3h":2.0,"equipamento":"CATAVENTO","municipio":"Cabaceiras","microregiao":"Cariri Oriental","mesoregiao":"Borborema"},"geometry":{"type":"Point","coordinates":[-36.2606043813,-7.4612433183]}},
{"type":"Feature","properties":{"fid":200,"proprietario":"Prefeitura","orgao":"CDRM","data_perfuracao":"1985-01-09","profundidade":40.0,"q_m3h":2.0,"equipamento":"CATAVENTO","municipio":"Cabaceiras","microregiao":"Cariri Oriental","mesoregiao":"Borborema"},"geometry":{"type":"Point","coordinates":[-36.3228269424,-7.468466329]}},
{"type":"Feature","properties":{"fid":201,"proprietario":"Cagepa","orgao":"CDRM","data_perfuracao":"1986-01-09","profundidade":8.0,"q_m3h":14.0,"equipamento":null,"municipio":"Cabaceiras","microregiao":"Cariri Oriental","mesoregiao":"Borborema"},"geometry":{"type":"Point","coordinates":[-36.2814375831,-7.4823544686]}},
{"type":"Feature","properties":{"fid":202,"proprietario":"Prefeitura","orgao":"CDRM","data_perfuracao":"1987-01-01","profundidade":30.0,"q_m3h":6.0,"equipamento":"CATAVENTO","municipio":"Cabaceiras","microregiao":"Cariri Oriental","mesoregiao":"Borborema"},"geometry":{"type":"Point","coordinates":[-36.3617163377,-7.5329108053]}},
{"type":"Feature","properties":{"fid":203,"proprietario":"Prefeitura","orgao":"CDRM","data_perfuracao":"1987-01-12","profundidade":30.0,"q_m3h":4.0,"equipamento":"CATAVENTO","municipio":"São Domingos do Cariri","microregiao":"Cariri Oriental","mesoregiao":"Borborema"},"geometry":{"type":"Point","coordinates":[-36.436439085,-7.6393005813]}},
{"type":"Feature","properties":{"fid":204,"proprietario":"Prefeitura","orgao":"CDRM","data_perfuracao":"1987-01-12","profundidade":30.0,"q_m3h":7.0,"equipamento":"CATAVENTO","municipio":"São Domingos do Cariri","microregiao":"Cariri Oriental","mesoregiao":"Borborema"},"geometry":{"type":"Point","coordinates":[-36.4064387116,-7.4992995086]}},
{"type":"Feature","properties":{"fid":205,"proprietario":"Prefeitura","orgao":"CDRM","data_perfuracao":"1987-01-12","profundidade":40.0,"q_m3h":2.0,"equipamento":"CATAVENTO","municipio":"São Domingos do Cariri","microregiao":"Cariri Oriental","mesoregiao":"Borborema"},"geometry":{"type":"Point","coordinates":[-36.3789385698,-7.6365226033]}},
{"type":"Feature","properties":{"fid":206,"proprietario":"Cagepa","orgao":"CAGEPA","data_perfuracao":"1970-01-01","profundidade":10.0,"q_m3h":9.0,"equipamento":"BOMBA SUBMERSA","municipio":"Catolé do Rocha","microregiao":"Catolé do Rocha","mesoregiao":"Sertão Paraibano"},"geometry":{"type":"Point","coordinates":[-37.7483947656,-6.3423444995]}},
{"type":"Feature","properties":{"fid":207,"proprietario":"Cagepa","orgao":"CAGEPA","data_perfuracao":"1974-01-01","profundidade":10.0,"q_m3h":9.0,"equipamento":null,"municipio":"Catolé do Rocha","microregiao":"Catolé do Rocha","mesoregiao":"Sertão Paraibano"},"geometry":{"type":"Point","coordinates":[-37.7461717461,-6.3423445009]}},
{"type":"Feature","properties":{"fid":208,"proprietario":"Erivan Barreto","orgao":"NAO INFORMADO","data_perfuracao":"2000-01-01","profundidade":5.0,"q_m3h":9.0,"equipamento":"BOMBA CENTRÍFUGA","municipio":"Catolé do Rocha","microregiao":"Catolé do Rocha","mesoregiao":"Sertão Paraibano"},"geometry":{"type":"Point","coordinates":[-37.7278385737,-6.3242893712]}},
{"type":"Feature","properties":{"fid":209,"proprietario":"C.campestre","orgao":"NAO INFORMADO","data_perfuracao":"2000-01-01","profundidade":12.0,"q_m3h":9.0,"equipamento":"BOMBA CENTRÍFUGA","municipio":"Catolé do Rocha","microregiao":"Catolé do Rocha","mesoregiao":"Sertão Paraibano"},"geometry":{"type":"Point","coordinates":[-37.7222825273,-6.3279004032]}},
{"type":"Feature","properties":{"fid":210,"proprietario":"Prefeitura","orgao":"PREFEITURA","data_perfuracao":"1973-01-01","profundidade":4.0,"q_m3h":9.0,"equipamento":"BOMBA CENTRÍFUGA","municipio":"Catolé do Rocha","microregiao":"Catolé do Rocha","mesoregiao":"Sertão Paraibano"},"geometry":{"type":"Point","coordinates":[-37.7214494633,-6.2401217143]}},
{"type":"Feature","properties":{"fid":211,"proprietario":"Prefeitura","orgao":"CDRM","data_perfuracao":"1982-01-06","profundidade":7.0,"q_m3h":5.0,"equipamento":"INJ. ELÉTRICA","municipio":"Catolé do Rocha","microregiao":"Catolé do Rocha","mesoregiao":"Sertão Paraibano"},"geometry":{"type":"Point","coordinates":[-37.7017272887,-6.2373437052]}},
{"type":"Feature","properties":{"fid":212,"proprietario":"Prefeitura","orgao":"CDRM","data_perfuracao":"1985-01-06","profundidade":40.0,"q_m3h":2.0,"equipamento":"ELETRO-BOMBA","municipio":"Catolé do Rocha","microregiao":"Catolé do Rocha","mesoregiao":"Sertão Paraibano"},"geometry":{"type":"Point","coordinates":[-37.671171051,-6.2842890938]}},
{"type":"Feature","properties":{"fid":213,"proprietario":"Prefeitura","orgao":"CDRM","data_perfuracao":"1985-01-08","profundidade":5.0,"q_m3h":1.0,"equipamento":"CATAVENTO","municipio":"Catolé do Rocha","microregiao":"Catolé do Rocha","mesoregiao":"Sertão Paraibano"},"geometry":{"type":"Point","coordinates":[-37.7414497145,-6.3573446217]}},
{"type":"Feature","properties":{"fid":214,"proprietario":"Ant. Martilde","orgao":"DNOCS","data_perfuracao":"1979-01-06","profundidade":31.0,"q_m3h":4.0,"equipamento":null,"municipio":"Conceição","microregiao":"Itaporanga","mesoregiao":"Sertão Paraibano"},"geometry":{"type":"Point","coordinates":[-38.5556246972,-7.5609653304]}},
{"type":"Feature","properties":{"fid":215,"proprietario":"Prefeitura","orgao":"DNOCS","data_perfuracao":"1979-01-07","profundidade":30.0,"q_m3h":4.0,"equipamento":null,"municipio":"Conceição","microregiao":"Itaporanga","mesoregiao":"Sertão Paraibano"},"geometry":{"type":"Point","coordinates":[-38.5161793071,-7.5020759132]}},
{"type":"Feature","properties":{"fid":216,"proprietario":"Prefeitura","orgao":"DNOCS","data_perfuracao":"1968-01-06","profundidade":51.0,"q_m3h":3.0,"equipamento":"INJ. ELÉTRICA","municipio":"Santa Inês","microregiao":"Itaporanga","mesoregiao":"Sertão Paraibano"},"geometry":{"type":"Point","coordinates":[-38.5170134698,-7.6959663875]}},
{"type":"Feature","properties":{"fid":217,"proprietario":"Prefeitura","orgao":"CONESP","data_perfuracao":"1967-01-08","profundidade":30.0,"q_m3h":18.0,"equipamento":"INJ. ELÉTRICA","municipio":"Santa Inês","microregiao":"Itaporanga","mesoregiao":"Sertão Paraibano"},"geometry":{"type":"Point","coordinates":[-38.5345135606,-7.6198537951]}},
{"type":"Feature","properties":{"fid":218,"proprietario":"Prefeitura","orgao":"CONESP","data_perfuracao":"1974-01-03","profundidade":50.0,"q_m3h":6.0,"equipamento":"INJ. ELÉTRICA","municipio":"Conceição","microregiao":"Itaporanga","mesoregiao":"Sertão Paraibano"},"geometry":{"type":"Point","coordinates":[-38.5650686866,-7.4437414304]}},
{"type":"Feature","properties":{"fid":219,"proprietario":"Joao Ramalho","orgao":"CONESP","data_perfuracao":"1970-01-01","profundidade":60.0,"q_m3h":1.0,"equipamento":"ELETRO-BOMBA","municipio":"Conceição","microregiao":"Itaporanga","mesoregiao":"Sertão Paraibano"},"geometry":{"type":"Point","coordinates":[-38.5097902927,-7.5540203139]}},
{"type":"Feature","properties":{"fid":220,"proprietario":"Prefeitura","orgao":"EXERCITO","data_perfuracao":"1985-01-05","profundidade":45.0,"q_m3h":6.0,"equipamento":"INJ. ELÉTRICA","municipio":"Ibiara","microregiao":"Itaporanga","mesoregiao":"Sertão Paraibano"},"geometry":{"type":"Point","coordinates":[-38.4070123607,-7.5076310415]}},
{"type":"Feature","properties":{"fid":221,"proprietario":"Prefeitura","orgao":"EXERCITO","data_perfuracao":"1985-01-05","profundidade":50.0,"q_m3h":1.0,"equipamento":null,"municipio":"Ibiara","microregiao":"Itaporanga","mesoregiao":"Sertão Paraibano"},"geometry":{"type":"Point","coordinates":[-38.4359016305,-7.5304091925]}},
{"type":"Feature","properties":{"fid":222,"proprietario":"Prefeitura","orgao":"EXERCITO","data_perfuracao":"1985-01-05","profundidade":50.0,"q_m3h":1.0,"equipamento":null,"municipio":"Ibiara","microregiao":"Itaporanga","mesoregiao":"Sertão Paraibano"},"geometry":{"type":"Point","coordinates":[-38.4089563788,-7.5090200506]}},
{"type":"Feature","properties":{"fid":223,"proprietario":"Prefeitura","orgao":"EXERCITO","data_perfuracao":"1985-01-06","profundidade":72.0,"q_m3h":1.0,"equipamento":null,"municipio":"Ibiara","microregiao":"Itaporanga","mesoregiao":"Sertão Paraibano"},"geometry":{"type":"Point","coordinates":[-38.3653449817,-7.4876309215]}},
{"type":"Feature","properties":{"fid":224,"proprietario":"Prefeitura","orgao":"EXERCITO","data_perfuracao":"1985-01-06","profundidade":40.0,"q_m3h":2.0,"equipamento":null,"municipio":"Diamante","microregiao":"Itaporanga","mesoregiao":"Sertão Paraibano"},"geometry":{"type":"Point","coordinates":[-38.3517338113,-7.4215194269]}},
{"type":"Feature","properties":{"fid":225,"proprietario":"Prefeitura","orgao":"EXERCITO","data_perfuracao":"1985-01-06","profundidade":40.0,"q_m3h":6.0,"equipamento":null,"municipio":"Ibiara","microregiao":"Itaporanga","mesoregiao":"Sertão Paraibano"},"geometry":{"type":"Point","coordinates":[-38.4170124672,-7.5320762201]}},
{"type":"Feature","properties":{"fid":226,"proprietario":"Prefeitura","orgao":"CDRM","data_perfuracao":"1986-01-09","profundidade":6.0,"q_m3h":20.0,"equipamento":null,"municipio":"Ibiara","microregiao":"Itaporanga","mesoregiao":"Sertão Paraibano"},"geometry":{"type":"Point","coordinates":[-38.390901228,-7.5173531283]}},
{"type":"Feature","properties":{"fid":227,"proprietario":"Joao Alves","orgao":"EXERCITO","data_perfuracao":"1986-01-10","profundidade":50.0,"q_m3h":2.0,"equipamento":"CATAVENTO","municipio":"Ibiara","microregiao":"Itaporanga","mesoregiao":"Sertão Paraibano"},"geometry":{"type":"Point","coordinates":[-38.367011956,-7.4362415276]}},
{"type":"Feature","properties":{"fid":228,"proprietario":"Prefeitura","orgao":"DNOCS","data_perfuracao":"1970-01-10","profundidade":37.0,"q_m3h":4.0,"equipamento":"CATAVENTO","municipio":"Igaracy","microregiao":"Piancó","mesoregiao":"Sertão Paraibano"},"geometry":{"type":"Point","coordinates":[-38.1539538985,-7.1770737021]}},
{"type":"Feature","properties":{"fid":229,"proprietario":"Prefeitura","orgao":"CONESP","data_perfuracao":"1970-01-01","profundidade":60.0,"q_m3h":2.0,"equipamento":"ELETRO-BOMBA","municipio":"São José de Piranhas","microregiao":"Cajazeiras","mesoregiao":"Sertão Paraibano"},"geometry":{"type":"Point","coordinates":[-38.6436801625,-7.1751283193]}},
{"type":"Feature","properties":{"fid":230,"proprietario":"Procanor","orgao":"DNOCS","data_perfuracao":"1983-11-01","profundidade":106.0,"q_m3h":7.2,"equipamento":null,"municipio":"Caaporã","microregiao":"Litoral Sul","mesoregiao":"Litoral Paraibano"},"geometry":{"type":"Point","coordinates":[-34.8530915315,-7.5234673898]}},
{"type":"Feature","properties":{"fid":231,"proprietario":"Prefeitura","orgao":"CONESP","data_perfuracao":"1971-01-12","profundidade":22.0,"q_m3h":1.0,"equipamento":"CATAVENTO","municipio":"Igaracy","microregiao":"Piancó","mesoregiao":"Sertão Paraibano"},"geometry":{"type":"Point","coordinates":[-38.1556209158,-7.1806847287]}},
{"type":"Feature","properties":{"fid":232,"proprietario":"Ant. Pereira","orgao":"CONESP","data_perfuracao":"1977-01-03","profundidade":51.0,"q_m3h":5.0,"equipamento":"INJ. ELÉTRICA","municipio":"Igaracy","microregiao":"Piancó","mesoregiao":"Sertão Paraibano"},"geometry":{"type":"Point","coordinates":[-38.1345096949,-7.1317953679]}},
{"type":"Feature","properties":{"fid":233,"proprietario":"Manoel Vieira","orgao":"DNOCS","data_perfuracao":"1980-01-08","profundidade":23.0,"q_m3h":4.0,"equipamento":"INJ. ELÉTRICA","municipio":"Igaracy","microregiao":"Piancó","mesoregiao":"Sertão Paraibano"},"geometry":{"type":"Point","coordinates":[-38.1289536439,-7.1284623463]}},
{"type":"Feature","properties":{"fid":234,"proprietario":"Prefeitura","orgao":"CDRM","data_perfuracao":"1981-01-07","profundidade":50.0,"q_m3h":1.0,"equipamento":"CATAVENTO","municipio":"Igaracy","microregiao":"Piancó","mesoregiao":"Sertão Paraibano"},"geometry":{"type":"Point","coordinates":[-38.1122865436,-7.1892958273]}},
{"type":"Feature","properties":{"fid":235,"proprietario":"Prefeitura","orgao":"CDRM","data_perfuracao":"1983-01-08","profundidade":51.0,"q_m3h":1.0,"equipamento":"CATAVENTO","municipio":"Igaracy","microregiao":"Piancó","mesoregiao":"Sertão Paraibano"},"geometry":{"type":"Point","coordinates":[-38.0811752315,-7.1354064353]}},
{"type":"Feature","properties":{"fid":236,"proprietario":"Prefeitura","orgao":"CDRM","data_perfuracao":"1984-01-07","profundidade":40.0,"q_m3h":1.0,"equipamento":"CATAVENTO","municipio":"Igaracy","microregiao":"Piancó","mesoregiao":"Sertão Paraibano"},"geometry":{"type":"Point","coordinates":[-38.1520098631,-7.1523505132]}},
{"type":"Feature","properties":{"fid":237,"proprietario":"Prefeitura","orgao":"CDRM","data_perfuracao":"1988-01-01","profundidade":30.0,"q_m3h":8.0,"equipamento":"CATAVENTO","municipio":"Cabaceiras","microregiao":"Cariri Oriental","mesoregiao":"Borborema"},"geometry":{"type":"Point","coordinates":[-36.3381050174,-7.3854096657]}},
{"type":"Feature","properties":{"fid":238,"proprietario":"Prefeitura","orgao":"CONESP","data_perfuracao":"1977-01-04","profundidade":61.0,"q_m3h":1.0,"equipamento":"INJ. ELÉTRICA","municipio":"Conceição","microregiao":"Itaporanga","mesoregiao":"Sertão Paraibano"},"geometry":{"type":"Point","coordinates":[-38.5047902519,-7.5573533433]}},
{"type":"Feature","properties":{"fid":239,"proprietario":"Prefeitura","orgao":"DNOCS","data_perfuracao":"2000-01-01","profundidade":10.0,"q_m3h":1.0,"equipamento":null,"municipio":"Conceição","microregiao":"Itaporanga","mesoregiao":"Sertão Paraibano"},"geometry":{"type":"Point","coordinates":[-38.5067352608,-7.5473532656]}},
{"type":"Feature","properties":{"fid":240,"proprietario":"Prefeitura","orgao":"CDRM","data_perfuracao":"1983-01-11","profundidade":40.0,"q_m3h":5.0,"equipamento":"MOTO-BOMBA","municipio":"Ibiara","microregiao":"Itaporanga","mesoregiao":"Sertão Paraibano"},"geometry":{"type":"Point","coordinates":[-38.4261785904,-7.5865206278]}},
{"type":"Feature","properties":{"fid":241,"proprietario":"Prefeitura","orgao":"CDRM","data_perfuracao":"1983-01-11","profundidade":40.0,"q_m3h":2.0,"equipamento":"CATAVENTO","municipio":"Conceição","microregiao":"Itaporanga","mesoregiao":"Sertão Paraibano"},"geometry":{"type":"Point","coordinates":[-38.4945131423,-7.5320761589]}},
{"type":"Feature","properties":{"fid":242,"proprietario":"Prefeitura","orgao":"CDRM","data_perfuracao":"1983-01-06","profundidade":7.0,"q_m3h":2.0,"equipamento":null,"municipio":"Conceição","microregiao":"Itaporanga","mesoregiao":"Sertão Paraibano"},"geometry":{"type":"Point","coordinates":[-38.5067352726,-7.5620763777]}},
{"type":"Feature","properties":{"fid":243,"proprietario":"Prefeitura","orgao":"CDRM","data_perfuracao":"1983-01-07","profundidade":50.0,"q_m3h":1.0,"equipamento":"ELETRO-BOMBA","municipio":"Conceição","microregiao":"Itaporanga","mesoregiao":"Sertão Paraibano"},"geometry":{"type":"Point","coordinates":[-38.4884021114,-7.5601313774]}},
{"type":"Feature","properties":{"fid":244,"proprietario":"Prefeitura","orgao":"CDRM","data_perfuracao":"1983-01-05","profundidade":8.0,"q_m3h":5.0,"equipamento":"BOMBA CENTRÍFUGA","municipio":"Conceição","microregiao":"Itaporanga","mesoregiao":"Sertão Paraibano"},"geometry":{"type":"Point","coordinates":[-38.5120133121,-7.5540203121]}},
{"type":"Feature","properties":{"fid":245,"proprietario":"Prefeitura","orgao":"CDRM","data_perfuracao":"1984-01-02","profundidade":50.0,"q_m3h":2.0,"equipamento":"CATAVENTO","municipio":"Conceição","microregiao":"Itaporanga","mesoregiao":"Sertão Paraibano"},"geometry":{"type":"Point","coordinates":[-38.5128463267,-7.5631873813]}},
{"type":"Feature","properties":{"fid":246,"proprietario":"Prefeitura","orgao":"CDRM","data_perfuracao":"1984-01-07","profundidade":40.0,"q_m3h":2.0,"equipamento":"MOTO-BOMBA","municipio":"Santa Inês","microregiao":"Itaporanga","mesoregiao":"Sertão Paraibano"},"geometry":{"type":"Point","coordinates":[-38.6417364886,-7.6140206649]}},
{"type":"Feature","properties":{"fid":247,"proprietario":"Prefeitura","orgao":"CDRM","data_perfuracao":"1984-01-08","profundidade":51.0,"q_m3h":1.0,"equipamento":"CATAVENTO","municipio":"Conceição","microregiao":"Itaporanga","mesoregiao":"Sertão Paraibano"},"geometry":{"type":"Point","coordinates":[-38.4764569946,-7.5440202642]}},
{"type":"Feature","properties":{"fid":248,"proprietario":"Prefeitura","orgao":"CDRM","data_perfuracao":"1984-01-08","profundidade":40.0,"q_m3h":3.0,"equipamento":"ELETRO-BOMBA","municipio":"Conceição","microregiao":"Itaporanga","mesoregiao":"Sertão Paraibano"},"geometry":{"type":"Point","coordinates":[-38.5122903287,-7.5717984473]}},
{"type":"Feature","properties":{"fid":249,"proprietario":"Prefeitura","orgao":"EXERCITO","data_perfuracao":"1985-01-04","profundidade":44.0,"q_m3h":1.0,"equipamento":"INJ. ELÉTRICA","municipio":"Conceição","microregiao":"Itaporanga","mesoregiao":"Sertão Paraibano"},"geometry":{"type":"Point","coordinates":[-38.5284024539,-7.5529092907]}},
{"type":"Feature","properties":{"fid":250,"proprietario":"Prefeitura","orgao":"EXERCITO","data_perfuracao":"1985-01-01","profundidade":44.0,"q_m3h":6.0,"equipamento":null,"municipio":"Conceição","microregiao":"Itaporanga","mesoregiao":"Sertão Paraibano"},"geometry":{"type":"Point","coordinates":[-38.4975681813,-7.5476312749]}},
{"type":"Feature","properties":{"fid":251,"proprietario":"Prefeitura","orgao":"EXERCITO","data_perfuracao":"1985-01-04","profundidade":50.0,"q_m3h":1.0,"equipamento":"INJ. ELÉTRICA","municipio":"Conceição","microregiao":"Itaporanga","mesoregiao":"Sertão Paraibano"},"geometry":{"type":"Point","coordinates":[-38.5328464897,-7.5492982597]}},
{"type":"Feature","properties":{"fid":252,"proprietario":"Prefeitura","orgao":"EXERCITO","data_perfuracao":"1985-01-04","profundidade":50.0,"q_m3h":4.0,"equipamento":"INJ. ELÉTRICA","municipio":"Conceição","microregiao":"Itaporanga","mesoregiao":"Sertão Paraibano"},"geometry":{"type":"Point","coordinates":[-38.4967351769,-7.5512423031]}},
{"type":"Feature","properties":{"fid":253,"proprietario":"J.demetrio.d.","orgao":"EXERCITO","data_perfuracao":"1986-01-04","profundidade":50.0,"q_m3h":1.0,"equipamento":"CATAVENTO","municipio":"Conceição","microregiao":"Itaporanga","mesoregiao":"Sertão Paraibano"},"geometry":{"type":"Point","coordinates":[-38.5359025198,-7.5537422911]}},
{"type":"Feature","properties":{"fid":254,"proprietario":"M. R. Freire","orgao":"EXERCITO","data_perfuracao":"1986-01-06","profundidade":50.0,"q_m3h":1.0,"equipamento":"CATAVENTO","municipio":"Conceição","microregiao":"Itaporanga","mesoregiao":"Sertão Paraibano"},"geometry":{"type":"Point","coordinates":[-38.5017351812,-7.5017979225]}},
{"type":"Feature","properties":{"fid":255,"proprietario":"I.f.figueiredo","orgao":"EXERCITO","data_perfuracao":"1986-01-09","profundidade":50.0,"q_m3h":2.0,"equipamento":"CATAVENTO","municipio":"Conceição","microregiao":"Itaporanga","mesoregiao":"Sertão Paraibano"},"geometry":{"type":"Point","coordinates":[-38.5011792297,-7.5690204349]}},
{"type":"Feature","properties":{"fid":256,"proprietario":"A.soares Neto","orgao":"EXERCITO","data_perfuracao":"1986-01-09","profundidade":50.0,"q_m3h":1.0,"equipamento":"CATAVENTO","municipio":"Conceição","microregiao":"Itaporanga","mesoregiao":"Sertão Paraibano"},"geometry":{"type":"Point","coordinates":[-38.5020132239,-7.5526313095]}},
{"type":"Feature","properties":{"fid":257,"proprietario":"Jose Rodrigues","orgao":"EXERCITO","data_perfuracao":"1986-01-09","profundidade":50.0,"q_m3h":1.0,"equipamento":"CATAVENTO","municipio":"Conceição","microregiao":"Itaporanga","mesoregiao":"Sertão Paraibano"},"geometry":{"type":"Point","coordinates":[-38.5672908182,-7.585409507]}},
{"type":"Feature","properties":{"fid":258,"proprietario":"Oliveira Silva","orgao":"NAO INFORMADO","data_perfuracao":"2003-01-01","profundidade":82.0,"q_m3h":2.0,"equipamento":null,"municipio":"Imaculada","microregiao":"Serra do Teixeira","mesoregiao":"Sertão Paraibano"},"geometry":{"type":"Point","coordinates":[-37.3970033719,-7.3326304699]}},
{"type":"Feature","properties":{"fid":259,"proprietario":"Prefeitura","orgao":"DNOCS","data_perfuracao":"1957-01-01","profundidade":150.0,"q_m3h":3.0,"equipamento":"CATAVENTO","municipio":"Imaculada","microregiao":"Serra do Teixeira","mesoregiao":"Sertão Paraibano"},"geometry":{"type":"Point","coordinates":[-37.6253384173,-7.378741655]}},
{"type":"Feature","properties":{"fid":260,"proprietario":"Prefeitura","orgao":"CDRM","data_perfuracao":"1984-01-01","profundidade":40.0,"q_m3h":4.0,"equipamento":"CATAVENTO","municipio":"Imaculada","microregiao":"Serra do Teixeira","mesoregiao":"Sertão Paraibano"},"geometry":{"type":"Point","coordinates":[-37.5503378204,-7.4612423494]}},
{"type":"Feature","properties":{"fid":261,"proprietario":"Prefeitura","orgao":"DNOCS","data_perfuracao":"1984-01-03","profundidade":51.0,"q_m3h":1.0,"equipamento":"CATAVENTO","municipio":"Imaculada","microregiao":"Serra do Teixeira","mesoregiao":"Sertão Paraibano"},"geometry":{"type":"Point","coordinates":[-37.5086703986,-7.3892978249]}},
{"type":"Feature","properties":{"fid":262,"proprietario":"Prefeitura","orgao":"DNOCS","data_perfuracao":"1969-01-01","profundidade":96.0,"q_m3h":1.0,"equipamento":"CATAVENTO","municipio":"Cachoeira dos Índios","microregiao":"Cajazeiras","mesoregiao":"Sertão Paraibano"},"geometry":{"type":"Point","coordinates":[-38.6684032647,-7.0251271525]}},
{"type":"Feature","properties":{"fid":263,"proprietario":"Prefeitura","orgao":"DNOCS","data_perfuracao":"1968-01-01","profundidade":18.0,"q_m3h":8.0,"equipamento":null,"municipio":"Cachoeira dos Índios","microregiao":"Cajazeiras","mesoregiao":"Sertão Paraibano"},"geometry":{"type":"Point","coordinates":[-38.6750692515,-6.9287374084]}},
{"type":"Feature","properties":{"fid":264,"proprietario":"Prefeitura","orgao":"DNOCS","data_perfuracao":"1979-01-10","profundidade":35.0,"q_m3h":2.0,"equipamento":"INJ. ELÉTRICA","municipio":"Cajazeiras","microregiao":"Cajazeiras","mesoregiao":"Sertão Paraibano"},"geometry":{"type":"Point","coordinates":[-38.6656252406,-7.0251271546]}},
{"type":"Feature","properties":{"fid":265,"proprietario":"Fc. Dias","orgao":"DNOCS","data_perfuracao":"1977-01-09","profundidade":38.0,"q_m3h":2.0,"equipamento":null,"municipio":"Cachoeira dos Índios","microregiao":"Cajazeiras","mesoregiao":"Sertão Paraibano"},"geometry":{"type":"Point","coordinates":[-38.7364588148,-6.970682685]}},
{"type":"Feature","properties":{"fid":266,"proprietario":"Prefeitura","orgao":"DNOCS","data_perfuracao":"1974-01-04","profundidade":25.0,"q_m3h":2.0,"equipamento":null,"municipio":"Cachoeira dos Índios","microregiao":"Cajazeiras","mesoregiao":"Sertão Paraibano"},"geometry":{"type":"Point","coordinates":[-38.7503479528,-6.9945718578]}},
{"type":"Feature","properties":{"fid":267,"proprietario":"Edilson Sousa","orgao":"DNOCS","data_perfuracao":"1979-01-09","profundidade":40.0,"q_m3h":4.0,"equipamento":"INJ. ELÉTRICA","municipio":"Cachoeira dos Índios","microregiao":"Cajazeiras","mesoregiao":"Sertão Paraibano"},"geometry":{"type":"Point","coordinates":[-38.7314587501,-6.9417934673]}},
{"type":"Feature","properties":{"fid":268,"proprietario":"Fz. Pires","orgao":"DNOCS","data_perfuracao":"1977-01-08","profundidade":50.0,"q_m3h":2.0,"equipamento":"INJ. ELÉTRICA","municipio":"Cachoeira dos Índios","microregiao":"Cajazeiras","mesoregiao":"Sertão Paraibano"},"geometry":{"type":"Point","coordinates":[-38.7075694992,-6.8817930244]}},
{"type":"Feature","properties":{"fid":269,"proprietario":"Prefeitura","orgao":"DNOCS","data_perfuracao":"1969-01-01","profundidade":36.0,"q_m3h":6.0,"equipamento":null,"municipio":"Cachoeira dos Índios","microregiao":"Cajazeiras","mesoregiao":"Sertão Paraibano"},"geometry":{"type":"Point","coordinates":[-38.6734032344,-6.9251263819]}},
{"type":"Feature","properties":{"fid":270,"proprietario":"Prefeitura","orgao":"DNOCS","data_perfuracao":"1974-01-03","profundidade":25.0,"q_m3h":1.0,"equipamento":null,"municipio":"Cachoeira dos Índios","microregiao":"Cajazeiras","mesoregiao":"Sertão Paraibano"},"geometry":{"type":"Point","coordinates":[-38.7186806542,-6.9620716321]}},
{"type":"Feature","properties":{"fid":271,"proprietario":"Prefeitura","orgao":"DNOCS","data_perfuracao":"1977-01-12","profundidade":19.0,"q_m3h":1.0,"equipamento":null,"municipio":"Cajazeiras","microregiao":"Cajazeiras","mesoregiao":"Sertão Paraibano"},"geometry":{"type":"Point","coordinates":[-38.6670142567,-7.0306831961]}},
{"type":"Feature","properties":{"fid":272,"proprietario":"Prefeitura","orgao":"DNOCS","data_perfuracao":"1979-01-01","profundidade":10.0,"q_m3h":1.0,"equipamento":"INJ. ELÉTRICA","municipio":"Cachoeira dos Índios","microregiao":"Cajazeiras","mesoregiao":"Sertão Paraibano"},"geometry":{"type":"Point","coordinates":[-38.7156256284,-6.9629046407]}},
{"type":"Feature","properties":{"fid":273,"proprietario":"Exp. Queiroga","orgao":"DNOCS","data_perfuracao":"1981-01-01","profundidade":20.0,"q_m3h":1.0,"equipamento":null,"municipio":"Cachoeira dos Índios","microregiao":"Cajazeiras","mesoregiao":"Sertão Paraibano"},"geometry":{"type":"Point","coordinates":[-38.7047915461,-6.9787377701]}},
{"type":"Feature","properties":{"fid":274,"proprietario":"Exp. Queiroga","orgao":"DNOCS","data_perfuracao":"1981-01-01","profundidade":30.0,"q_m3h":1.0,"equipamento":null,"municipio":"Cachoeira dos Índios","microregiao":"Cajazeiras","mesoregiao":"Sertão Paraibano"},"geometry":{"type":"Point","coordinates":[-38.7031255316,-6.9787377713]}},
{"type":"Feature","properties":{"fid":275,"proprietario":"Prefeitura","orgao":"CDRM","data_perfuracao":"1982-01-07","profundidade":9.0,"q_m3h":5.0,"equipamento":"BOMBA CENTRÍFUGA","municipio":"Cachoeira dos Índios","microregiao":"Cajazeiras","mesoregiao":"Sertão Paraibano"},"geometry":{"type":"Point","coordinates":[-38.6539580488,-6.9020712191]}},
{"type":"Feature","properties":{"fid":276,"proprietario":"Prefeitura","orgao":"CDRM","data_perfuracao":"1981-01-07","profundidade":36.0,"q_m3h":5.0,"equipamento":null,"municipio":"Cachoeira dos Índios","microregiao":"Cajazeiras","mesoregiao":"Sertão Paraibano"},"geometry":{"type":"Point","coordinates":[-38.6734032342,-6.9248483798]}},
{"type":"Feature","properties":{"fid":277,"proprietario":"Prefeitura","orgao":"CDRM","data_perfuracao":"1981-01-07","profundidade":48.0,"q_m3h":2.0,"equipamento":"CATAVENTO","municipio":"Cachoeira dos Índios","microregiao":"Cajazeiras","mesoregiao":"Sertão Paraibano"},"geometry":{"type":"Point","coordinates":[-38.6481250084,-6.91596033]}},
{"type":"Feature","properties":{"fid":278,"proprietario":"Prefeitura","orgao":"CDRM","data_perfuracao":"1983-01-08","profundidade":40.0,"q_m3h":1.0,"equipamento":"CATAVENTO","municipio":"Cachoeira dos Índios","microregiao":"Cajazeiras","mesoregiao":"Sertão Paraibano"},"geometry":{"type":"Point","coordinates":[-38.7303477373,-6.937348434]}},
{"type":"Feature","properties":{"fid":279,"proprietario":"Prefeitura","orgao":"CDRM","data_perfuracao":"1985-01-05","profundidade":40.0,"q_m3h":2.0,"equipamento":"ELETRO-BOMBA","municipio":"Cachoeira dos Índios","microregiao":"Cajazeiras","mesoregiao":"Sertão Paraibano"},"geometry":{"type":"Point","coordinates":[-38.6756252545,-6.9262373888]}},
{"type":"Feature","properties":{"fid":280,"proprietario":"Prefeitura","orgao":"CONESP","data_perfuracao":"1984-01-09","profundidade":50.0,"q_m3h":1.0,"equipamento":"CATAVENTO","municipio":"Cachoeira dos Índios","microregiao":"Cajazeiras","mesoregiao":"Sertão Paraibano"},"geometry":{"type":"Point","coordinates":[-38.6575691372,-6.9798488134]}},
{"type":"Feature","properties":{"fid":281,"proprietario":"Prefeitura","orgao":"CONESP","data_perfuracao":"1984-01-09","profundidade":59.0,"q_m3h":1.0,"equipamento":"CATAVENTO","municipio":"Cachoeira dos Índios","microregiao":"Cajazeiras","mesoregiao":"Sertão Paraibano"},"geometry":{"type":"Point","coordinates":[-38.6631251921,-6.9890158796]}},
{"type":"Feature","properties":{"fid":282,"proprietario":"A.gomes Rolim","orgao":"EXERCITO","data_perfuracao":"1985-01-12","profundidade":50.0,"q_m3h":1.0,"equipamento":"CATAVENTO","municipio":"Cachoeira dos Índios","microregiao":"Cajazeiras","mesoregiao":"Sertão Paraibano"},"geometry":{"type":"Point","coordinates":[-38.7567369554,-6.9229043039]}},
{"type":"Feature","properties":{"fid":283,"proprietario":"Nilo Ramalho","orgao":"EXERCITO","data_perfuracao":"1986-01-10","profundidade":50.0,"q_m3h":7.0,"equipamento":"CATAVENTO","municipio":"Conceição","microregiao":"Itaporanga","mesoregiao":"Sertão Paraibano"},"geometry":{"type":"Point","coordinates":[-38.5595137379,-7.5695763928]}},
{"type":"Feature","properties":{"fid":284,"proprietario":null,"orgao":"PF/CDRM","data_perfuracao":"1982-01-03","profundidade":4.0,"q_m3h":5.0,"equipamento":"BOMBA CENTRÍFUGA","municipio":"São Bentinho","microregiao":"Sousa","mesoregiao":"Sertão Paraibano"},"geometry":{"type":"Point","coordinates":[-37.63117107,-6.833460419]}},
{"type":"Feature","properties":{"fid":285,"proprietario":"Prefeitura","orgao":"CDRM","data_perfuracao":"1983-01-10","profundidade":9.0,"q_m3h":15.0,"equipamento":"BOMBA CENTRÍFUGA","municipio":"Condado","microregiao":"Sousa","mesoregiao":"Sertão Paraibano"},"geometry":{"type":"Point","coordinates":[-37.5953378358,-6.9473493315]}},
{"type":"Feature","properties":{"fid":286,"proprietario":"Prefeitura","orgao":"CDRM","data_perfuracao":"1984-01-01","profundidade":50.0,"q_m3h":1.0,"equipamento":"CATAVENTO","municipio":"Condado","microregiao":"Sousa","mesoregiao":"Sertão Paraibano"},"geometry":{"type":"Point","coordinates":[-37.638394207,-6.937349223]}},
{"type":"Feature","properties":{"fid":287,"proprietario":null,"orgao":"CDRM","data_perfuracao":"1986-01-01","profundidade":40.0,"q_m3h":1.0,"equipamento":"CATAVENTO","municipio":"Condado","microregiao":"Sousa","mesoregiao":"Sertão Paraibano"},"geometry":{"type":"Point","coordinates":[-37.5845046863,-6.8709607441]}},
{"type":"Feature","properties":{"fid":288,"proprietario":"Refeitura","orgao":"CDRM","data_perfuracao":"1986-01-01","profundidade":40.0,"q_m3h":1.0,"equipamento":"CATAVENTO","municipio":"Cajazeiras","microregiao":"Cajazeiras","mesoregiao":"Sertão Paraibano"},"geometry":{"type":"Point","coordinates":[-38.6189577738,-6.9415155475]}},
{"type":"Feature","properties":{"fid":289,"proprietario":null,"orgao":"EXERCITO","data_perfuracao":"1985-01-10","profundidade":50.0,"q_m3h":1.0,"equipamento":"CATAVENTO","municipio":"Condado","microregiao":"Sousa","mesoregiao":"Sertão Paraibano"},"geometry":{"type":"Point","coordinates":[-37.6067268965,-6.8920718929]}},
{"type":"Feature","properties":{"fid":290,"proprietario":"Prefeitura","orgao":"CONESP","data_perfuracao":"1970-01-01","profundidade":60.0,"q_m3h":4.0,"equipamento":"INJ. ELÉTRICA","municipio":"Cacimba de Areia","microregiao":"Patos","mesoregiao":"Sertão Paraibano"},"geometry":{"type":"Point","coordinates":[-37.1575561077,-7.1284630574]}},
{"type":"Feature","properties":{"fid":291,"proprietario":"Prefeitura","orgao":"CDRM","data_perfuracao":"1982-01-07","profundidade":40.0,"q_m3h":1.0,"equipamento":"CATAVENTO","municipio":"Cacimba de Areia","microregiao":"Patos","mesoregiao":"Sertão Paraibano"},"geometry":{"type":"Point","coordinates":[-37.1750562308,-7.0848507043]}},
{"type":"Feature","properties":{"fid":292,"proprietario":"Prefeitura","orgao":"CDRM","data_perfuracao":"1982-01-06","profundidade":50.0,"q_m3h":2.0,"equipamento":"CATAVENTO","municipio":"Cacimba de Areia","microregiao":"Patos","mesoregiao":"Sertão Paraibano"},"geometry":{"type":"Point","coordinates":[-37.1972784805,-7.1584632627]}},
{"type":"Feature","properties":{"fid":293,"proprietario":"Prefeitura","orgao":"CDRM","data_perfuracao":"1984-01-10","profundidade":40.0,"q_m3h":1.0,"equipamento":"CATAVENTO","municipio":"Cacimba de Areia","microregiao":"Patos","mesoregiao":"Sertão Paraibano"},"geometry":{"type":"Point","coordinates":[-37.1414449476,-7.1040178782]}},
{"type":"Feature","properties":{"fid":294,"proprietario":"Prefeitura","orgao":"CDRM","data_perfuracao":"1984-01-10","profundidade":50.0,"q_m3h":1.0,"equipamento":null,"municipio":"Cacimba de Areia","microregiao":"Patos","mesoregiao":"Sertão Paraibano"},"geometry":{"type":"Point","coordinates":[-37.1920013783,-7.0817956683]}},
{"type":"Feature","properties":{"fid":295,"proprietario":"Prefeitura","orgao":"DNOCS","data_perfuracao":"1958-01-03","profundidade":20.0,"q_m3h":2.0,"equipamento":null,"municipio":"Caiçara","microregiao":"Guarabira","mesoregiao":"Agreste Paraibano"},"geometry":{"type":"Point","coordinates":[-35.4697627096,-6.6187371701]}},
{"type":"Feature","properties":{"fid":296,"proprietario":"Conpel","orgao":"FSESP","data_perfuracao":"1970-01-01","profundidade":110.0,"q_m3h":45.0,"equipamento":"BOMBA SUBMERSA","municipio":"Conde","microregiao":"João Pessoa","mesoregiao":"Litoral Paraibano"},"geometry":{"type":"Point","coordinates":[-34.9164251139,-7.2195763595]}},
{"type":"Feature","properties":{"fid":297,"proprietario":"Cagepa","orgao":"CONESP","data_perfuracao":"2000-01-01","profundidade":150.0,"q_m3h":12.0,"equipamento":"BOMBA SUBMERSA","municipio":"Conde","microregiao":"João Pessoa","mesoregiao":"Litoral Paraibano"},"geometry":{"type":"Point","coordinates":[-34.808091186,-7.2979100621]}},
{"type":"Feature","properties":{"fid":298,"proprietario":"Fsesp","orgao":"DNOCS","data_perfuracao":"1977-01-10","profundidade":42.0,"q_m3h":10.0,"equipamento":"BOMBA SUBMERSA","municipio":"Conde","microregiao":"João Pessoa","mesoregiao":"Litoral Paraibano"},"geometry":{"type":"Point","coordinates":[-34.8039241407,-7.2870769781]}},
{"type":"Feature","properties":{"fid":299,"proprietario":"N.d. Medeiros","orgao":"DNOCS","data_perfuracao":"1973-01-12","profundidade":120.0,"q_m3h":4.0,"equipamento":"BOMBA SUBMERSA","municipio":"Conde","microregiao":"João Pessoa","mesoregiao":"Litoral Paraibano"},"geometry":{"type":"Point","coordinates":[-34.9050360148,-7.2254094141]}},
{"type":"Feature","properties":{"fid":300,"proprietario":"E.i. De Brito","orgao":"DNOCS","data_perfuracao":"1976-01-06","profundidade":72.0,"q_m3h":2.0,"equipamento":"INJ. ELÉTRICA","municipio":"Conde","microregiao":"João Pessoa","mesoregiao":"Litoral Paraibano"},"geometry":{"type":"Point","coordinates":[-34.9178141296,-7.2240203942]}},
{"type":"Feature","properties":{"fid":301,"proprietario":"Incra","orgao":"DNOCS","data_perfuracao":"1977-01-12","profundidade":65.0,"q_m3h":1.0,"equipamento":"INJ. ELÉTRICA","municipio":"Pitimbu","microregiao":"Litoral Sul","mesoregiao":"Litoral Paraibano"},"geometry":{"type":"Point","coordinates":[-34.8597576888,-7.3467994176]}},
{"type":"Feature","properties":{"fid":302,"proprietario":"J.f. Da Silva","orgao":"DNOCS","data_perfuracao":"1980-01-09","profundidade":53.0,"q_m3h":20.0,"equipamento":"INJ. ELÉTRICA","municipio":"Conde","microregiao":"João Pessoa","mesoregiao":"Litoral Paraibano"},"geometry":{"type":"Point","coordinates":[-34.9025359898,-7.2220763891]}},
{"type":"Feature","properties":{"fid":303,"proprietario":"Aver. Alves","orgao":"CDRM","data_perfuracao":"1984-01-03","profundidade":11.0,"q_m3h":1.0,"equipamento":"BOMBA CENTRÍFUGA","municipio":"Conde","microregiao":"João Pessoa","mesoregiao":"Litoral Paraibano"},"geometry":{"type":"Point","coordinates":[-34.891980897,-7.2262424298]}},
{"type":"Feature","properties":{"fid":304,"proprietario":"Prefeitura","orgao":"CDRM","data_perfuracao":"1984-01-05","profundidade":128.0,"q_m3h":5.0,"equipamento":"INJ. ELÉTRICA","municipio":"Conde","microregiao":"João Pessoa","mesoregiao":"Litoral Paraibano"},"geometry":{"type":"Point","coordinates":[-34.8661466684,-7.2342985121]}},
{"type":"Feature","properties":{"fid":305,"proprietario":"Fundap","orgao":"CDRM","data_perfuracao":"1986-01-05","profundidade":194.0,"q_m3h":20.0,"equipamento":"BOMBA SUBMERSA","municipio":"Conde","microregiao":"João Pessoa","mesoregiao":"Litoral Paraibano"},"geometry":{"type":"Point","coordinates":[-34.8497575454,-7.2712428195]}},
{"type":"Feature","properties":{"fid":306,"proprietario":"J.a.vasconcel.","orgao":"DNOCS","data_perfuracao":"1975-01-11","profundidade":25.0,"q_m3h":5.0,"equipamento":"CATAVENTO","municipio":"Congo","microregiao":"Cariri Ocidental","mesoregiao":"Borborema"},"geometry":{"type":"Point","coordinates":[-36.603940746,-7.8556911379]}},
{"type":"Feature","properties":{"fid":307,"proprietario":"Cia.m. Cariri","orgao":"DNOCS","data_perfuracao":"1976-01-11","profundidade":23.0,"q_m3h":2.0,"equipamento":null,"municipio":"Caraúbas","microregiao":"Cariri Oriental","mesoregiao":"Borborema"},"geometry":{"type":"Point","coordinates":[-36.5928295689,-7.7559683712]}},
{"type":"Feature","properties":{"fid":308,"proprietario":"Cia.m. Cariri","orgao":"DNOCS","data_perfuracao":"1976-01-10","profundidade":21.0,"q_m3h":2.0,"equipamento":"CATAVENTO","municipio":"Caraúbas","microregiao":"Cariri Oriental","mesoregiao":"Borborema"},"geometry":{"type":"Point","coordinates":[-36.6067186937,-7.7573563712]}},
{"type":"Feature","properties":{"fid":309,"proprietario":"F. Machado","orgao":"DNOCS","data_perfuracao":"1975-01-02","profundidade":17.0,"q_m3h":3.0,"equipamento":"CATAVENTO","municipio":"Congo","microregiao":"Cariri Ocidental","mesoregiao":"Borborema"},"geometry":{"type":"Point","coordinates":[-36.5594963717,-7.8831913865]}},
{"type":"Feature","properties":{"fid":310,"proprietario":"Fc. Ronaldo","orgao":"CONESP","data_perfuracao":"1973-01-07","profundidade":50.0,"q_m3h":3.0,"equipamento":null,"municipio":"Congo","microregiao":"Cariri Ocidental","mesoregiao":"Borborema"},"geometry":{"type":"Point","coordinates":[-36.6503301206,-7.8068017218]}},
{"type":"Feature","properties":{"fid":311,"proprietario":"Geraldo Alves","orgao":"CONESP","data_perfuracao":"2000-01-01","profundidade":54.0,"q_m3h":3.0,"equipamento":null,"municipio":"Congo","microregiao":"Cariri Ocidental","mesoregiao":"Borborema"},"geometry":{"type":"Point","coordinates":[-36.6519971333,-7.8040236989]}},
{"type":"Feature","properties":{"fid":312,"proprietario":"F. Lucas","orgao":"CONESP","data_perfuracao":"1973-01-04","profundidade":51.0,"q_m3h":3.0,"equipamento":null,"municipio":"Congo","microregiao":"Cariri Ocidental","mesoregiao":"Borborema"},"geometry":{"type":"Point","coordinates":[-36.6547741534,-7.7981906514]}},
{"type":"Feature","properties":{"fid":313,"proprietario":"Jose T. Campos","orgao":"CONESP","data_perfuracao":"1964-01-03","profundidade":50.0,"q_m3h":5.0,"equipamento":"CATAVENTO","municipio":"Congo","microregiao":"Cariri Ocidental","mesoregiao":"Borborema"},"geometry":{"type":"Point","coordinates":[-36.6603301972,-7.7909685909]}},
{"type":"Feature","properties":{"fid":314,"proprietario":"Severino Diniz","orgao":"NAO INFORMADO","data_perfuracao":"1977-01-04","profundidade":45.0,"q_m3h":12.0,"equipamento":"INJ. ELÉTRICA","municipio":"Itaporanga","microregiao":"Itaporanga","mesoregiao":"Sertão Paraibano"},"geometry":{"type":"Point","coordinates":[-38.2706220532,-7.3562409899]}},
{"type":"Feature","properties":{"fid":315,"proprietario":"At. Pereira","orgao":"CONESP","data_perfuracao":"1971-01-01","profundidade":50.0,"q_m3h":1.0,"equipamento":"CATAVENTO","municipio":"Itaporanga","microregiao":"Itaporanga","mesoregiao":"Sertão Paraibano"},"geometry":{"type":"Point","coordinates":[-38.1481209175,-7.2698514202]}},
{"type":"Feature","properties":{"fid":316,"proprietario":"Prefeitura","orgao":"CDRM","data_perfuracao":"1983-01-03","profundidade":12.0,"q_m3h":4.0,"equipamento":"INJ. ELÉTRICA","municipio":"Itaporanga","microregiao":"Itaporanga","mesoregiao":"Sertão Paraibano"},"geometry":{"type":"Point","coordinates":[-38.1392318662,-7.3045746937]}},
{"type":"Feature","properties":{"fid":317,"proprietario":"Prefeitura","orgao":"CDRM","data_perfuracao":"1983-01-12","profundidade":40.0,"q_m3h":2.0,"equipamento":"CATAVENTO","municipio":"Itaporanga","microregiao":"Itaporanga","mesoregiao":"Sertão Paraibano"},"geometry":{"type":"Point","coordinates":[-38.1270097829,-7.3354079399]}},
{"type":"Feature","properties":{"fid":318,"proprietario":"Lauro Araujo","orgao":"DNOCS","data_perfuracao":"1978-01-04","profundidade":32.0,"q_m3h":102.0,"equipamento":"INJ. ELÉTRICA","municipio":"Cajazeiras","microregiao":"Cajazeiras","mesoregiao":"Sertão Paraibano"},"geometry":{"type":"Point","coordinates":[-38.5850684437,-6.8923481944]}},
{"type":"Feature","properties":{"fid":319,"proprietario":"A. Menezes","orgao":"DNOCS","data_perfuracao":"1967-01-08","profundidade":29.0,"q_m3h":1.0,"equipamento":null,"municipio":"Cajazeiras","microregiao":"Cajazeiras","mesoregiao":"Sertão Paraibano"},"geometry":{"type":"Point","coordinates":[-38.56756833,-6.9448486106]}},
{"type":"Feature","properties":{"fid":320,"proprietario":"A. Menezes","orgao":"DNOCS","data_perfuracao":"1967-01-07","profundidade":20.0,"q_m3h":5.0,"equipamento":"INJ. ELÉTRICA","municipio":"Cajazeiras","microregiao":"Cajazeiras","mesoregiao":"Sertão Paraibano"},"geometry":{"type":"Point","coordinates":[-38.5670133207,-6.9387375641]}},
{"type":"Feature","properties":{"fid":321,"proprietario":null,"orgao":"CONES","data_perfuracao":"1976-01-10","profundidade":60.0,"q_m3h":1.0,"equipamento":"INJ. ELÉTRICA","municipio":"São Domingos","microregiao":"Sousa","mesoregiao":"Sertão Paraibano"},"geometry":{"type":"Point","coordinates":[-38.0039523194,-6.8084599622]}},
{"type":"Feature","properties":{"fid":322,"proprietario":"Deodato Sa","orgao":"DNOCS","data_perfuracao":"1966-01-08","profundidade":38.0,"q_m3h":2.0,"equipamento":null,"municipio":"Cajazeiras","microregiao":"Cajazeiras","mesoregiao":"Sertão Paraibano"},"geometry":{"type":"Point","coordinates":[-38.5039567728,-6.9390156122]}},
{"type":"Feature","properties":{"fid":323,"proprietario":"Jose Dantas","orgao":"DNOCS","data_perfuracao":"1977-01-02","profundidade":50.0,"q_m3h":6.0,"equipamento":"INJ. ELÉTRICA","municipio":"Cajazeiras","microregiao":"Cajazeiras","mesoregiao":"Sertão Paraibano"},"geometry":{"type":"Point","coordinates":[-38.5711793475,-6.9259604629]}},
{"type":"Feature","properties":{"fid":324,"proprietario":"Prefeitura","orgao":"DNOCS","data_perfuracao":"1978-01-06","profundidade":31.0,"q_m3h":4.0,"equipamento":"INJ. ELÉTRICA","municipio":"Cajazeiras","microregiao":"Cajazeiras","mesoregiao":"Sertão Paraibano"},"geometry":{"type":"Point","coordinates":[-38.561179232,-6.8865151668]}},
{"type":"Feature","properties":{"fid":325,"proprietario":"Bruno Melo","orgao":"DNOCS","data_perfuracao":"1978-01-08","profundidade":32.0,"q_m3h":6.0,"equipamento":null,"municipio":"Cajazeiras","microregiao":"Cajazeiras","mesoregiao":"Sertão Paraibano"},"geometry":{"type":"Point","coordinates":[-38.4536783352,-6.9384606445]}},
{"type":"Feature","properties":{"fid":326,"proprietario":"Fc. Alves","orgao":"DNOCS","data_perfuracao":"1978-01-08","profundidade":50.0,"q_m3h":1.0,"equipamento":null,"municipio":"Cajazeiras","microregiao":"Cajazeiras","mesoregiao":"Sertão Paraibano"},"geometry":{"type":"Point","coordinates":[-38.5242348959,-6.8656820332]}},
{"type":"Feature","properties":{"fid":327,"proprietario":"J. Moreira","orgao":"DNOCS","data_perfuracao":"1978-01-09","profundidade":32.0,"q_m3h":3.0,"equipamento":null,"municipio":"Cajazeiras","microregiao":"Cajazeiras","mesoregiao":"Sertão Paraibano"},"geometry":{"type":"Point","coordinates":[-38.5786793874,-6.8912371905]}},
{"type":"Feature","properties":{"fid":328,"proprietario":"Joao Sousa","orgao":"DNOCS","data_perfuracao":"1976-01-09","profundidade":32.0,"q_m3h":2.0,"equipamento":"BOMBA MANUAL","municipio":"Cajazeiras","microregiao":"Cajazeiras","mesoregiao":"Sertão Paraibano"},"geometry":{"type":"Point","coordinates":[-38.5378459912,-6.8337367775]}},
{"type":"Feature","properties":{"fid":329,"proprietario":"Joao Sousa","orgao":"DNOCS","data_perfuracao":"1976-01-10","profundidade":10.0,"q_m3h":4.0,"equipamento":null,"municipio":"Cajazeiras","microregiao":"Cajazeiras","mesoregiao":"Sertão Paraibano"},"geometry":{"type":"Point","coordinates":[-38.5322899529,-6.8476258884]}},
{"type":"Feature","properties":{"fid":330,"proprietario":"Jose Filho","orgao":"DNOCS","data_perfuracao":"1973-01-06","profundidade":25.0,"q_m3h":4.0,"equipamento":"INJ. ELÉTRICA","municipio":"Cajazeiras","microregiao":"Cajazeiras","mesoregiao":"Sertão Paraibano"},"geometry":{"type":"Point","coordinates":[-38.6017355864,-6.8895711609]}},
{"type":"Feature","properties":{"fid":331,"proprietario":"J. Oliveira","orgao":"DNOCS","data_perfuracao":"1979-01-10","profundidade":50.0,"q_m3h":2.0,"equipamento":"INJ. ELÉTRICA","municipio":"São João do Rio do Peixe","microregiao":"Cajazeiras","mesoregiao":"Sertão Paraibano"},"geometry":{"type":"Point","coordinates":[-38.556735129,-6.7970704815]}},
{"type":"Feature","properties":{"fid":332,"proprietario":"Fco. Dantas","orgao":"DNOCS","data_perfuracao":"1976-01-01","profundidade":15.0,"q_m3h":6.0,"equipamento":"INJ. ELÉTRICA","municipio":"Cajazeiras","microregiao":"Cajazeiras","mesoregiao":"Sertão Paraibano"},"geometry":{"type":"Point","coordinates":[-38.5489571202,-6.8787371158]}},
{"type":"Feature","properties":{"fid":333,"proprietario":"Adalgisa Sa","orgao":"DNOCS","data_perfuracao":"1978-01-07","profundidade":32.0,"q_m3h":3.0,"equipamento":null,"municipio":"Cajazeiras","microregiao":"Cajazeiras","mesoregiao":"Sertão Paraibano"},"geometry":{"type":"Point","coordinates":[-38.5517351505,-6.8873481801]}},
{"type":"Feature","properties":{"fid":334,"proprietario":"Dner","orgao":"DNOCS","data_perfuracao":"2000-01-01","profundidade":31.0,"q_m3h":1.0,"equipamento":"INJ. ELÉTRICA","municipio":"Cajazeiras","microregiao":"Cajazeiras","mesoregiao":"Sertão Paraibano"},"geometry":{"type":"Point","coordinates":[-38.6186797293,-6.8837371038]}},
{"type":"Feature","properties":{"fid":335,"proprietario":"Joao Alves","orgao":"DNOCS","data_perfuracao":"1974-01-09","profundidade":31.0,"q_m3h":3.0,"equipamento":"BOMBA MANUAL","municipio":"Cajazeiras","microregiao":"Cajazeiras","mesoregiao":"Sertão Paraibano"},"geometry":{"type":"Point","coordinates":[-38.5786794375,-6.9598487177]}},
{"type":"Feature","properties":{"fid":336,"proprietario":"S. Dos Anjos","orgao":"DNOCS","data_perfuracao":"1976-01-11","profundidade":21.0,"q_m3h":1.0,"equipamento":"BOMBA MANUAL","municipio":"Cajazeiras","microregiao":"Cajazeiras","mesoregiao":"Sertão Paraibano"},"geometry":{"type":"Point","coordinates":[-38.5247899254,-6.8998482958]}},
{"type":"Feature","properties":{"fid":337,"proprietario":"Jose Sousa","orgao":"DNOCS","data_perfuracao":"1977-01-11","profundidade":80.0,"q_m3h":4.0,"equipamento":"INJ. ELÉTRICA","municipio":"Cajazeiras","microregiao":"Cajazeiras","mesoregiao":"Sertão Paraibano"},"geometry":{"type":"Point","coordinates":[-38.5909025203,-6.9279044634]}},
{"type":"Feature","properties":{"fid":338,"proprietario":"Manuel Rolim","orgao":"DNOCS","data_perfuracao":"1977-01-04","profundidade":40.0,"q_m3h":4.0,"equipamento":null,"municipio":"Cajazeiras","microregiao":"Cajazeiras","mesoregiao":"Sertão Paraibano"},"geometry":{"type":"Point","coordinates":[-38.6186797257,-6.8787370654]}},
{"type":"Feature","properties":{"fid":339,"proprietario":"G. Brandao","orgao":"DNOCS","data_perfuracao":"1977-01-01","profundidade":50.0,"q_m3h":4.0,"equipamento":"INJ. ELÉTRICA","municipio":"Cajazeiras","microregiao":"Cajazeiras","mesoregiao":"Sertão Paraibano"},"geometry":{"type":"Point","coordinates":[-38.5539571753,-6.8948482362]}},
{"type":"Feature","properties":{"fid":340,"proprietario":"V. Vale","orgao":"DNOCS","data_perfuracao":"2000-01-01","profundidade":10.0,"q_m3h":5.0,"equipamento":"INJ. ELÉTRICA","municipio":"Cajazeiras","microregiao":"Cajazeiras","mesoregiao":"Sertão Paraibano"},"geometry":{"type":"Point","coordinates":[-38.4900676061,-6.8756821349]}},
{"type":"Feature","properties":{"fid":341,"proprietario":"Adalgisa Sa","orgao":"DNOCS","data_perfuracao":"1978-01-11","profundidade":46.0,"q_m3h":2.0,"equipamento":null,"municipio":"Bom Jesus","microregiao":"Cajazeiras","mesoregiao":"Sertão Paraibano"},"geometry":{"type":"Point","coordinates":[-38.6092355922,-6.8073475231]}},
{"type":"Feature","properties":{"fid":342,"proprietario":"Suplan","orgao":"DNOCS","data_perfuracao":"1976-01-06","profundidade":31.0,"q_m3h":2.0,"equipamento":"INJ. ELÉTRICA","municipio":"Cajazeiras","microregiao":"Cajazeiras","mesoregiao":"Sertão Paraibano"},"geometry":{"type":"Point","coordinates":[-38.5336790009,-6.8973482701]}},
{"type":"Feature","properties":{"fid":343,"proprietario":"J. Coelho","orgao":"DNOCS","data_perfuracao":"1977-01-07","profundidade":33.0,"q_m3h":4.0,"equipamento":"INJ. ELÉTRICA","municipio":"Cajazeiras","microregiao":"Cajazeiras","mesoregiao":"Sertão Paraibano"},"geometry":{"type":"Point","coordinates":[-38.5309019753,-6.8954042571]}},
{"type":"Feature","properties":{"fid":344,"proprietario":"J.sobrinho","orgao":"DNOCS","data_perfuracao":"1979-01-03","profundidade":33.0,"q_m3h":1.0,"equipamento":null,"municipio":"Cajazeiras","microregiao":"Cajazeiras","mesoregiao":"Sertão Paraibano"},"geometry":{"type":"Point","coordinates":[-38.5742353567,-6.902071277]}},
{"type":"Feature","properties":{"fid":345,"proprietario":"Agro-pastor","orgao":"DNOCS","data_perfuracao":"1976-01-07","profundidade":32.0,"q_m3h":6.0,"equipamento":"INJ. ELÉTRICA","municipio":"Cajazeiras","microregiao":"Cajazeiras","mesoregiao":"Sertão Paraibano"},"geometry":{"type":"Point","coordinates":[-38.5470131007,-6.8751260895]}},
{"type":"Feature","properties":{"fid":346,"proprietario":"Joao Moreira","orgao":"DNOCS","data_perfuracao":"1977-01-04","profundidade":50.0,"q_m3h":1.0,"equipamento":null,"municipio":"Cajazeiras","microregiao":"Cajazeiras","mesoregiao":"Sertão Paraibano"},"geometry":{"type":"Point","coordinates":[-38.5814574277,-6.9134603593]}},
{"type":"Feature","properties":{"fid":347,"proprietario":"Prefeitura","orgao":"DNOCS","data_perfuracao":"1979-01-06","profundidade":37.0,"q_m3h":1.0,"equipamento":"INJ. ELÉTRICA","municipio":"Cajazeiras","microregiao":"Cajazeiras","mesoregiao":"Sertão Paraibano"},"geometry":{"type":"Point","coordinates":[-38.5650682017,-6.7976254798]}},
{"type":"Feature","properties":{"fid":348,"proprietario":"Fc. Delfino","orgao":"DNOCS","data_perfuracao":"1973-01-11","profundidade":40.0,"q_m3h":1.0,"equipamento":null,"municipio":"Bom Jesus","microregiao":"Cajazeiras","mesoregiao":"Sertão Paraibano"},"geometry":{"type":"Point","coordinates":[-38.647290972,-6.8759600233]}},
{"type":"Feature","properties":{"fid":349,"proprietario":"Prefeitura","orgao":"CONESP","data_perfuracao":"1964-01-03","profundidade":30.0,"q_m3h":5.0,"equipamento":"CATAVENTO","municipio":"Camalaú","microregiao":"Cariri Ocidental","mesoregiao":"Borborema"},"geometry":{"type":"Point","coordinates":[-36.6033857859,-7.9123575784]}},
{"type":"Feature","properties":{"fid":350,"proprietario":"Prefeitura","orgao":"CONESP","data_perfuracao":"1964-01-05","profundidade":30.0,"q_m3h":11.0,"equipamento":"CATAVENTO","municipio":"Serra Branca","microregiao":"Cariri Ocidental","mesoregiao":"Borborema"},"geometry":{"type":"Point","coordinates":[-36.7197746394,-7.6795786788]}},
{"type":"Feature","properties":{"fid":351,"proprietario":"F. Machado","orgao":"DNOCS","data_perfuracao":"1975-01-01","profundidade":10.0,"q_m3h":11.0,"equipamento":"CATAVENTO","municipio":"Congo","microregiao":"Cariri Ocidental","mesoregiao":"Borborema"},"geometry":{"type":"Point","coordinates":[-36.5497732925,-7.8926354675]}},
{"type":"Feature","properties":{"fid":352,"proprietario":"Miguel Neves","orgao":"PROPR.","data_perfuracao":"2000-01-01","profundidade":8.0,"q_m3h":11.0,"equipamento":null,"municipio":"Congo","microregiao":"Cariri Ocidental","mesoregiao":"Borborema"},"geometry":{"type":"Point","coordinates":[-36.6603302009,-7.7956906276]}},
{"type":"Feature","properties":{"fid":353,"proprietario":"Prefeitura","orgao":"CONESP","data_perfuracao":"1983-01-08","profundidade":48.0,"q_m3h":3.0,"equipamento":null,"municipio":"Congo","microregiao":"Cariri Ocidental","mesoregiao":"Borborema"},"geometry":{"type":"Point","coordinates":[-36.7247747669,-7.786245504]}},
{"type":"Feature","properties":{"fid":354,"proprietario":"Prefeitura","orgao":"CONESP","data_perfuracao":"1983-01-09","profundidade":55.0,"q_m3h":1.0,"equipamento":null,"municipio":"Congo","microregiao":"Cariri Ocidental","mesoregiao":"Borborema"},"geometry":{"type":"Point","coordinates":[-36.6233859484,-7.8926354095]}},
{"type":"Feature","properties":{"fid":355,"proprietario":"Prefeitura","orgao":"CONESP","data_perfuracao":"1983-01-07","profundidade":42.0,"q_m3h":9.0,"equipamento":null,"municipio":"Congo","microregiao":"Cariri Ocidental","mesoregiao":"Borborema"},"geometry":{"type":"Point","coordinates":[-36.6275519701,-7.8731912553]}},
{"type":"Feature","properties":{"fid":356,"proprietario":"Prefeitura","orgao":"CONESP","data_perfuracao":"1983-01-07","profundidade":50.0,"q_m3h":2.0,"equipamento":null,"municipio":"Congo","microregiao":"Cariri Ocidental","mesoregiao":"Borborema"},"geometry":{"type":"Point","coordinates":[-36.658108238,-7.8679131903]}},
{"type":"Feature","properties":{"fid":357,"proprietario":"Prefeitura","orgao":"CONESP","data_perfuracao":"1983-01-07","profundidade":52.0,"q_m3h":1.0,"equipamento":null,"municipio":"Congo","microregiao":"Cariri Ocidental","mesoregiao":"Borborema"},"geometry":{"type":"Point","coordinates":[-36.6389410619,-7.8609691514]}},
{"type":"Feature","properties":{"fid":358,"proprietario":"Prefeitura","orgao":"CONESP","data_perfuracao":"1984-01-02","profundidade":42.0,"q_m3h":12.0,"equipamento":"CATAVENTO","municipio":"Congo","microregiao":"Cariri Ocidental","mesoregiao":"Borborema"},"geometry":{"type":"Point","coordinates":[-36.7086635692,-7.7165229747]}},
{"type":"Feature","properties":{"fid":359,"proprietario":"Prefeitura","orgao":"CONESP","data_perfuracao":"1984-01-08","profundidade":59.0,"q_m3h":1.0,"equipamento":null,"municipio":"Congo","microregiao":"Cariri Ocidental","mesoregiao":"Borborema"},"geometry":{"type":"Point","coordinates":[-36.5956076153,-7.7837455851]}},
{"type":"Feature","properties":{"fid":360,"proprietario":"Prefeitura","orgao":"CDRM","data_perfuracao":"1985-01-11","profundidade":40.0,"q_m3h":1.0,"equipamento":"CATAVENTO","municipio":"Congo","microregiao":"Cariri Ocidental","mesoregiao":"Borborema"},"geometry":{"type":"Point","coordinates":[-36.6206078429,-7.7901346154]}},
{"type":"Feature","properties":{"fid":361,"proprietario":"Prefeitura","orgao":"CDRM","data_perfuracao":"1986-01-10","profundidade":27.0,"q_m3h":10.0,"equipamento":"MOTO-BOMBA","municipio":"Congo","microregiao":"Cariri Ocidental","mesoregiao":"Borborema"},"geometry":{"type":"Point","coordinates":[-36.6258859513,-7.8681912178]}},
{"type":"Feature","properties":{"fid":362,"proprietario":"Prefeitura","orgao":"CDRM","data_perfuracao":"1986-01-10","profundidade":50.0,"q_m3h":1.0,"equipamento":"CATAVENTO","municipio":"Serra Branca","microregiao":"Cariri Ocidental","mesoregiao":"Borborema"},"geometry":{"type":"Point","coordinates":[-36.6881083556,-7.6768006815]}},
{"type":"Feature","properties":{"fid":363,"proprietario":"Prefeitura","orgao":"CDRM","data_perfuracao":"1986-01-10","profundidade":40.0,"q_m3h":4.0,"equipamento":"MOTO-BOMBA","municipio":"Congo","microregiao":"Cariri Ocidental","mesoregiao":"Borborema"},"geometry":{"type":"Point","coordinates":[-36.7039415242,-7.7126339481]}},
{"type":"Feature","properties":{"fid":364,"proprietario":"Prefeitura","orgao":"CDRM","data_perfuracao":"1986-01-09","profundidade":30.0,"q_m3h":3.0,"equipamento":"CATAVENTO","municipio":"Congo","microregiao":"Cariri Ocidental","mesoregiao":"Borborema"},"geometry":{"type":"Point","coordinates":[-36.6225518544,-7.7826345555]}},
{"type":"Feature","properties":{"fid":365,"proprietario":"Prefeitura","orgao":"CDRM","data_perfuracao":"1986-01-10","profundidade":48.0,"q_m3h":1.0,"equipamento":"CATAVENTO","municipio":"Congo","microregiao":"Cariri Ocidental","mesoregiao":"Borborema"},"geometry":{"type":"Point","coordinates":[-36.6014406899,-7.8126348052]}},
{"type":"Feature","properties":{"fid":366,"proprietario":"Prefeitura","orgao":"CDRM","data_perfuracao":"1985-01-11","profundidade":40.0,"q_m3h":1.0,"equipamento":"CATAVENTO","municipio":"Coxixola","microregiao":"Cariri Ocidental","mesoregiao":"Borborema"},"geometry":{"type":"Point","coordinates":[-36.6922743935,-7.677911687]}},
{"type":"Feature","properties":{"fid":367,"proprietario":"Ot. Santos","orgao":"NAO INFORMADO","data_perfuracao":"1977-01-03","profundidade":40.0,"q_m3h":1.0,"equipamento":"CATAVENTO","municipio":"Coremas","microregiao":"Piancó","mesoregiao":"Sertão Paraibano"},"geometry":{"type":"Point","coordinates":[-37.8733963467,-7.0454058924]}},
{"type":"Feature","properties":{"fid":368,"proprietario":null,"orgao":"CDRM","data_perfuracao":"1984-01-01","profundidade":50.0,"q_m3h":1.0,"equipamento":"CATAVENTO","municipio":"São José da Lagoa Tapada","microregiao":"Sousa","mesoregiao":"Sertão Paraibano"},"geometry":{"type":"Point","coordinates":[-38.0186745297,-6.9229048389]}},
{"type":"Feature","properties":{"fid":369,"proprietario":null,"orgao":"CDRM","data_perfuracao":"1985-01-12","profundidade":40.0,"q_m3h":2.0,"equipamento":"CATAVENTO","municipio":"São José da Lagoa Tapada","microregiao":"Sousa","mesoregiao":"Sertão Paraibano"},"geometry":{"type":"Point","coordinates":[-38.0492308267,-6.9642941372]}},
{"type":"Feature","properties":{"fid":370,"proprietario":"Afonso Agra","orgao":"DNOCS","data_perfuracao":"2000-01-01","profundidade":68.0,"q_m3h":2.0,"equipamento":null,"municipio":"Cubati","microregiao":"Seridó Oriental Paraibano","mesoregiao":"Borborema"},"geometry":{"type":"Point","coordinates":[-36.3067153229,-6.7970720438]}},
{"type":"Feature","properties":{"fid":371,"proprietario":"Afonso Agra","orgao":"DNOCS","data_perfuracao":"1959-01-01","profundidade":60.0,"q_m3h":5.0,"equipamento":"CATAVENTO","municipio":"Sossêgo","microregiao":"Curimataú Ocidental","mesoregiao":"Agreste Paraibano"},"geometry":{"type":"Point","coordinates":[-36.254492873,-6.8206832663]}},
{"type":"Feature","properties":{"fid":372,"proprietario":"Prefeitura","orgao":"EXERCITO","data_perfuracao":"1985-01-08","profundidade":48.0,"q_m3h":1.0,"equipamento":"CATAVENTO","municipio":"Itaporanga","microregiao":"Itaporanga","mesoregiao":"Sertão Paraibano"},"geometry":{"type":"Point","coordinates":[-38.1681211167,-7.3020746526]}},
{"type":"Feature","properties":{"fid":373,"proprietario":"Sev. P. Sousa","orgao":"EXERCITO","data_perfuracao":"1985-01-08","profundidade":50.0,"q_m3h":1.0,"equipamento":"CATAVENTO","municipio":"Itaporanga","microregiao":"Itaporanga","mesoregiao":"Sertão Paraibano"},"geometry":{"type":"Point","coordinates":[-38.1197866943,-7.3020746893]}},
{"type":"Feature","properties":{"fid":374,"proprietario":"Nereide Rodr.","orgao":"EXERCITO","data_perfuracao":"1985-01-09","profundidade":51.0,"q_m3h":1.0,"equipamento":"CATAVENTO","municipio":"Itaporanga","microregiao":"Itaporanga","mesoregiao":"Sertão Paraibano"},"geometry":{"type":"Point","coordinates":[-38.2300656679,-7.3154077078]}},
{"type":"Feature","properties":{"fid":375,"proprietario":"Geraldo Felix","orgao":"EXERCITO","data_perfuracao":"1985-01-09","profundidade":50.0,"q_m3h":1.0,"equipamento":"CATAVENTO","municipio":"Itaporanga","microregiao":"Itaporanga","mesoregiao":"Sertão Paraibano"},"geometry":{"type":"Point","coordinates":[-38.1345098568,-7.3462410174]}},
{"type":"Feature","properties":{"fid":376,"proprietario":"R .te0dulo","orgao":"EXERCITO","data_perfuracao":"1985-01-11","profundidade":45.0,"q_m3h":1.0,"equipamento":"CATAVENTO","municipio":"Aguiar","microregiao":"Piancó","mesoregiao":"Sertão Paraibano"},"geometry":{"type":"Point","coordinates":[-38.3186772723,-7.0917949234]}},
{"type":"Feature","properties":{"fid":377,"proprietario":"Manuel Moreira","orgao":"EXERCITO","data_perfuracao":"1985-01-11","profundidade":50.0,"q_m3h":4.0,"equipamento":"CATAVENTO","municipio":"Itaporanga","microregiao":"Itaporanga","mesoregiao":"Sertão Paraibano"},"geometry":{"type":"Point","coordinates":[-38.1345098432,-7.3284638809]}},
{"type":"Feature","properties":{"fid":378,"proprietario":"Sinval Diniz","orgao":"EXERCITO","data_perfuracao":"1985-01-11","profundidade":50.0,"q_m3h":1.0,"equipamento":"CATAVENTO","municipio":"São José de Caiana","microregiao":"Itaporanga","mesoregiao":"Sertão Paraibano"},"geometry":{"type":"Point","coordinates":[-38.3370115526,-7.2520741407]}},
{"type":"Feature","properties":{"fid":379,"proprietario":"F.a.crizanto","orgao":"EXERCITO","data_perfuracao":"1985-01-11","profundidade":50.0,"q_m3h":1.0,"equipamento":"CATAVENTO","municipio":"Carrapateira","microregiao":"Cajazeiras","mesoregiao":"Sertão Paraibano"},"geometry":{"type":"Point","coordinates":[-38.3370113775,-7.0179053413]}},
{"type":"Feature","properties":{"fid":380,"proprietario":"A.  Tolentino","orgao":"EXERCITO","data_perfuracao":"1985-01-12","profundidade":50.0,"q_m3h":1.0,"equipamento":"CATAVENTO","municipio":"Aguiar","microregiao":"Piancó","mesoregiao":"Sertão Paraibano"},"geometry":{"type":"Point","coordinates":[-38.3122882286,-7.107906052]}},
{"type":"Feature","properties":{"fid":381,"proprietario":"F.paulo Silva","orgao":"EXERCITO","data_perfuracao":"1985-01-12","profundidade":50.0,"q_m3h":2.0,"equipamento":"CATAVENTO","municipio":"Aguiar","microregiao":"Piancó","mesoregiao":"Sertão Paraibano"},"geometry":{"type":"Point","coordinates":[-38.2961770937,-7.1154061217]}},
{"type":"Feature","properties":{"fid":382,"proprietario":"Joao Pereira","orgao":"EXERCITO","data_perfuracao":"1986-01-05","profundidade":50.0,"q_m3h":1.0,"equipamento":"CATAVENTO","municipio":"Itaporanga","microregiao":"Itaporanga","mesoregiao":"Sertão Paraibano"},"geometry":{"type":"Point","coordinates":[-38.2517328155,-7.2609632735]}},
{"type":"Feature","properties":{"fid":383,"proprietario":"Rafael Araujo","orgao":"EXERCITO","data_perfuracao":"1986-01-06","profundidade":50.0,"q_m3h":3.0,"equipamento":"CATAVENTO","municipio":"Aguiar","microregiao":"Piancó","mesoregiao":"Sertão Paraibano"},"geometry":{"type":"Point","coordinates":[-38.1670099192,-7.0512387229]}},
{"type":"Feature","properties":{"fid":384,"proprietario":"Elias Barreiro","orgao":"EXERCITO","data_perfuracao":"1986-01-07","profundidade":50.0,"q_m3h":1.0,"equipamento":"CATAVENTO","municipio":"Itaporanga","microregiao":"Itaporanga","mesoregiao":"Sertão Paraibano"},"geometry":{"type":"Point","coordinates":[-38.1861763116,-7.350686012]}},
{"type":"Feature","properties":{"fid":385,"proprietario":"U.rodrigues P.","orgao":"EXERCITO","data_perfuracao":"1986-01-10","profundidade":50.0,"q_m3h":1.0,"equipamento":"CATAVENTO","municipio":"Itaporanga","microregiao":"Itaporanga","mesoregiao":"Sertão Paraibano"},"geometry":{"type":"Point","coordinates":[-38.2192326025,-7.353464008]}},
{"type":"Feature","properties":{"fid":386,"proprietario":"Joaquim Salv.","orgao":"EXERCITO","data_perfuracao":"1986-01-12","profundidade":50.0,"q_m3h":1.0,"equipamento":"CATAVENTO","municipio":"Itaporanga","microregiao":"Itaporanga","mesoregiao":"Sertão Paraibano"},"geometry":{"type":"Point","coordinates":[-38.11228663,-7.3037407078]}},
{"type":"Feature","properties":{"fid":387,"proprietario":"Leticiapereira","orgao":"EXERCITO","data_perfuracao":"1986-01-11","profundidade":50.0,"q_m3h":1.0,"equipamento":"CATAVENTO","municipio":"Itaporanga","microregiao":"Itaporanga","mesoregiao":"Sertão Paraibano"},"geometry":{"type":"Point","coordinates":[-38.1506209626,-7.3004076531]}},
{"type":"Feature","properties":{"fid":388,"proprietario":"Fco.rodrigues","orgao":"EXERCITO","data_perfuracao":"1986-01-11","profundidade":50.0,"q_m3h":2.0,"equipamento":"CATAVENTO","municipio":"Itaporanga","microregiao":"Itaporanga","mesoregiao":"Sertão Paraibano"},"geometry":{"type":"Point","coordinates":[-38.1345098487,-7.3356859363]}},
{"type":"Feature","properties":{"fid":389,"proprietario":"Joaquim Diniz","orgao":"EXERCITO","data_perfuracao":"1986-01-12","profundidade":50.0,"q_m3h":2.0,"equipamento":"CATAVENTO","municipio":"Itaporanga","microregiao":"Itaporanga","mesoregiao":"Sertão Paraibano"},"geometry":{"type":"Point","coordinates":[-38.0886754268,-7.3079077578]}},
{"type":"Feature","properties":{"fid":390,"proprietario":"A.rodrigues P.","orgao":"EXERCITO","data_perfuracao":"1986-01-11","profundidade":50.0,"q_m3h":1.0,"equipamento":"CATAVENTO","municipio":"Boa Ventura","microregiao":"Itaporanga","mesoregiao":"Sertão Paraibano"},"geometry":{"type":"Point","coordinates":[-38.2195106175,-7.3698521334]}},
{"type":"Feature","properties":{"fid":391,"proprietario":"L. Pereira","orgao":"EXERCITO","data_perfuracao":"1986-01-11","profundidade":50.0,"q_m3h":1.0,"equipamento":"CATAVENTO","municipio":"Itaporanga","microregiao":"Itaporanga","mesoregiao":"Sertão Paraibano"},"geometry":{"type":"Point","coordinates":[-38.0961755057,-7.3254078866]}},
{"type":"Feature","properties":{"fid":392,"proprietario":"Egidio Inacio","orgao":"EXERCITO","data_perfuracao":"1986-01-11","profundidade":50.0,"q_m3h":4.0,"equipamento":"CATAVENTO","municipio":"Santana dos Garrotes","microregiao":"Piancó","mesoregiao":"Sertão Paraibano"},"geometry":{"type":"Point","coordinates":[-38.0270089549,-7.3962414837]}},
{"type":"Feature","properties":{"fid":393,"proprietario":"A. Carvalho","orgao":"NAO INFORMADO","data_perfuracao":"1981-01-01","profundidade":6.0,"q_m3h":2.0,"equipamento":null,"municipio":"Cajazeiras","microregiao":"Cajazeiras","mesoregiao":"Sertão Paraibano"},"geometry":{"type":"Point","coordinates":[-38.6111796955,-6.9267934401]}},
{"type":"Feature","properties":{"fid":394,"proprietario":"Jose Saraiva","orgao":"DNOCS","data_perfuracao":"2000-01-01","profundidade":50.0,"q_m3h":4.0,"equipamento":"CATAVENTO","municipio":"Cajazeiras","microregiao":"Cajazeiras","mesoregiao":"Sertão Paraibano"},"geometry":{"type":"Point","coordinates":[-38.5647903156,-6.9581827151]}},
{"type":"Feature","properties":{"fid":395,"proprietario":"Fc.braga","orgao":"DNOCS","data_perfuracao":"1973-01-04","profundidade":35.0,"q_m3h":6.0,"equipamento":"INJ. ELÉTRICA","municipio":"Cajazeiras","microregiao":"Cajazeiras","mesoregiao":"Sertão Paraibano"},"geometry":{"type":"Point","coordinates":[-38.5909024914,-6.8881821581]}},
{"type":"Feature","properties":{"fid":396,"proprietario":"O. Fernandes","orgao":"DNOCS","data_perfuracao":"1980-01-02","profundidade":50.0,"q_m3h":4.0,"equipamento":"INJ. ELÉTRICA","municipio":"Cachoeira dos Índios","microregiao":"Cajazeiras","mesoregiao":"Sertão Paraibano"},"geometry":{"type":"Point","coordinates":[-38.6453469646,-6.889015125]}},
{"type":"Feature","properties":{"fid":397,"proprietario":"O. Fernandes","orgao":"DNOCS","data_perfuracao":"1980-01-03","profundidade":10.0,"q_m3h":4.0,"equipamento":null,"municipio":"Cachoeira dos Índios","microregiao":"Cajazeiras","mesoregiao":"Sertão Paraibano"},"geometry":{"type":"Point","coordinates":[-38.6445139558,-6.8867931086]}},
{"type":"Feature","properties":{"fid":398,"proprietario":"Fz. Pires","orgao":"DNOCS","data_perfuracao":"1976-01-08","profundidade":30.0,"q_m3h":4.0,"equipamento":"INJ. ELÉTRICA","municipio":"Cajazeiras","microregiao":"Cajazeiras","mesoregiao":"Sertão Paraibano"},"geometry":{"type":"Point","coordinates":[-38.5417350554,-6.8759600997]}},
{"type":"Feature","properties":{"fid":399,"proprietario":"S.sobrinho","orgao":"DNOCS","data_perfuracao":"1980-01-06","profundidade":26.0,"q_m3h":2.0,"equipamento":null,"municipio":"Cajazeiras","microregiao":"Cajazeiras","mesoregiao":"Sertão Paraibano"},"geometry":{"type":"Point","coordinates":[-38.5764573724,-6.8970712369]}},
{"type":"Feature","properties":{"fid":400,"proprietario":"Prefeitura","orgao":"CDRM","data_perfuracao":"1981-01-07","profundidade":48.0,"q_m3h":1.0,"equipamento":"CATAVENTO","municipio":"Cajazeiras","microregiao":"Cajazeiras","mesoregiao":"Sertão Paraibano"},"geometry":{"type":"Point","coordinates":[-38.4814565114,-6.8481819292]}},
{"type":"Feature","properties":{"fid":401,"proprietario":"Prefeitura","orgao":"CDRM","data_perfuracao":"1983-01-10","profundidade":41.0,"q_m3h":1.0,"equipamento":"CATAVENTO","municipio":"Cajazeiras","microregiao":"Cajazeiras","mesoregiao":"Sertão Paraibano"},"geometry":{"type":"Point","coordinates":[-38.5575682537,-6.9592937289]}},
{"type":"Feature","properties":{"fid":402,"proprietario":"Prefeitur","orgao":"CDRM","data_perfuracao":"1983-01-11","profundidade":40.0,"q_m3h":2.0,"equipamento":"CATAVENTO","municipio":"Cajazeiras","microregiao":"Cajazeiras","mesoregiao":"Sertão Paraibano"},"geometry":{"type":"Point","coordinates":[-38.5336790775,-7.0020720751]}},
{"type":"Feature","properties":{"fid":403,"proprietario":"Prefeitura","orgao":"CDRM","data_perfuracao":"1984-01-09","profundidade":50.0,"q_m3h":1.0,"equipamento":"CATAVENTO","municipio":"Cajazeiras","microregiao":"Cajazeiras","mesoregiao":"Sertão Paraibano"},"geometry":{"type":"Point","coordinates":[-38.4584013235,-6.8656820807]}},
{"type":"Feature","properties":{"fid":404,"proprietario":"Prefeitur","orgao":"CDRM","data_perfuracao":"1984-01-09","profundidade":40.0,"q_m3h":1.0,"equipamento":"CATAVENTO","municipio":"Cajazeiras","microregiao":"Cajazeiras","mesoregiao":"Sertão Paraibano"},"geometry":{"type":"Point","coordinates":[-38.5439570482,-6.8392928159]}},
{"type":"Feature","properties":{"fid":405,"proprietario":"Afonso Agra","orgao":"DNOCS","data_perfuracao":"1959-01-01","profundidade":55.0,"q_m3h":2.0,"equipamento":null,"municipio":"Sossêgo","microregiao":"Curimataú Ocidental","mesoregiao":"Agreste Paraibano"},"geometry":{"type":"Point","coordinates":[-36.2525478583,-6.8245722985]}},
{"type":"Feature","properties":{"fid":406,"proprietario":"Nenzinha Do O","orgao":"NAO INFORMADO","data_perfuracao":"2000-01-01","profundidade":50.0,"q_m3h":1.0,"equipamento":null,"municipio":"Cubati","microregiao":"Seridó Oriental Paraibano","mesoregiao":"Borborema"},"geometry":{"type":"Point","coordinates":[-36.3269935991,-6.9370731391]}},
{"type":"Feature","properties":{"fid":407,"proprietario":"M. Guimaraes","orgao":"NAO INFORMADO","data_perfuracao":"2000-01-01","profundidade":55.0,"q_m3h":2.0,"equipamento":"CATAVENTO","municipio":"Cubati","microregiao":"Seridó Oriental Paraibano","mesoregiao":"Borborema"},"geometry":{"type":"Point","coordinates":[-36.2669929855,-6.8220722689]}},
{"type":"Feature","properties":{"fid":408,"proprietario":"Prefeitura","orgao":"CDRM","data_perfuracao":"1982-01-03","profundidade":51.0,"q_m3h":2.0,"equipamento":"CATAVENTO","municipio":"Cubati","microregiao":"Seridó Oriental Paraibano","mesoregiao":"Borborema"},"geometry":{"type":"Point","coordinates":[-36.3244935344,-6.8751276504]}},
{"type":"Feature","properties":{"fid":409,"proprietario":"Prefeitura","orgao":"CDRM","data_perfuracao":"1982-01-01","profundidade":50.0,"q_m3h":1.0,"equipamento":"CATAVENTO","municipio":"Cubati","microregiao":"Seridó Oriental Paraibano","mesoregiao":"Borborema"},"geometry":{"type":"Point","coordinates":[-36.335048642,-6.8948497994]}},
{"type":"Feature","properties":{"fid":410,"proprietario":"Prefeitura","orgao":"CONESP","data_perfuracao":"1984-01-08","profundidade":36.0,"q_m3h":3.0,"equipamento":"CATAVENTO","municipio":"Olivedos","microregiao":"Curimataú Ocidental","mesoregiao":"Agreste Paraibano"},"geometry":{"type":"Point","coordinates":[-36.2781041246,-6.8809617282]}},
{"type":"Feature","properties":{"fid":411,"proprietario":"Saelpa","orgao":"DNOCS","data_perfuracao":"1975-01-06","profundidade":25.0,"q_m3h":1.0,"equipamento":"INJ. ELÉTRICA","municipio":"Jericó","microregiao":"Catolé do Rocha","mesoregiao":"Sertão Paraibano"},"geometry":{"type":"Point","coordinates":[-37.7970063269,-6.5462350633]}},
{"type":"Feature","properties":{"fid":412,"proprietario":"Prefeitura","orgao":"PREFEITURA","data_perfuracao":"1987-01-10","profundidade":10.0,"q_m3h":1.0,"equipamento":null,"municipio":"Jericó","microregiao":"Catolé do Rocha","mesoregiao":"Sertão Paraibano"},"geometry":{"type":"Point","coordinates":[-37.8131174738,-6.5548461197]}},
{"type":"Feature","properties":{"fid":413,"proprietario":"Prefeitura","orgao":"CDRM","data_perfuracao":"1982-01-06","profundidade":8.0,"q_m3h":2.0,"equipamento":"INJ. ELÉTRICA","municipio":"Jericó","microregiao":"Catolé do Rocha","mesoregiao":"Sertão Paraibano"},"geometry":{"type":"Point","coordinates":[-37.8142284823,-6.5529021038]}},
{"type":"Feature","properties":{"fid":414,"proprietario":"Prefeitura","orgao":"DNOCS","data_perfuracao":"1984-01-08","profundidade":50.0,"q_m3h":1.0,"equipamento":"CATAVENTO","municipio":"Mato Grosso","microregiao":"Catolé do Rocha","mesoregiao":"Sertão Paraibano"},"geometry":{"type":"Point","coordinates":[-37.737838805,-6.5412350642]}},
{"type":"Feature","properties":{"fid":415,"proprietario":"Prefeitura","orgao":"CONESP","data_perfuracao":"1968-01-11","profundidade":60.0,"q_m3h":4.0,"equipamento":null,"municipio":"Curral Velho","microregiao":"Itaporanga","mesoregiao":"Sertão Paraibano"},"geometry":{"type":"Point","coordinates":[-38.198121559,-7.5345764114]}},
{"type":"Feature","properties":{"fid":416,"proprietario":"At. H.chaves","orgao":"DNOCS","data_perfuracao":"1978-01-10","profundidade":35.0,"q_m3h":2.0,"equipamento":"CATAVENTO","municipio":"Curral Velho","microregiao":"Itaporanga","mesoregiao":"Sertão Paraibano"},"geometry":{"type":"Point","coordinates":[-38.2131216894,-7.5337423932]}},
{"type":"Feature","properties":{"fid":417,"proprietario":"Prefeitura","orgao":"CDRM","data_perfuracao":"1981-01-06","profundidade":50.0,"q_m3h":4.0,"equipamento":"INJ. ELÉTRICA","municipio":"Curral Velho","microregiao":"Itaporanga","mesoregiao":"Sertão Paraibano"},"geometry":{"type":"Point","coordinates":[-38.1953435352,-7.5351314178]}},
{"type":"Feature","properties":{"fid":418,"proprietario":"Prefeitura","orgao":"CPRM","data_perfuracao":"1984-01-11","profundidade":60.0,"q_m3h":3.0,"equipamento":null,"municipio":"Belém","microregiao":"Guarabira","mesoregiao":"Agreste Paraibano"},"geometry":{"type":"Point","coordinates":[-35.5003190596,-6.7348490824]}},
{"type":"Feature","properties":{"fid":419,"proprietario":"Prefeitura","orgao":"CPRM","data_perfuracao":"1983-01-11","profundidade":56.0,"q_m3h":3.0,"equipamento":null,"municipio":"Belém","microregiao":"Guarabira","mesoregiao":"Agreste Paraibano"},"geometry":{"type":"Point","coordinates":[-35.4714298086,-6.7484612104]}},
{"type":"Feature","properties":{"fid":420,"proprietario":"Prefeitura","orgao":"DNOCS","data_perfuracao":"1969-01-01","profundidade":40.0,"q_m3h":4.0,"equipamento":"CATAVENTO","municipio":"Boa Ventura","microregiao":"Itaporanga","mesoregiao":"Sertão Paraibano"},"geometry":{"type":"Point","coordinates":[-38.2150656131,-7.4142974775]}},
{"type":"Feature","properties":{"fid":421,"proprietario":"Prefeitura","orgao":"DNOCS","data_perfuracao":"1976-01-12","profundidade":38.0,"q_m3h":2.0,"equipamento":"CATAVENTO","municipio":"Itaporanga","microregiao":"Itaporanga","mesoregiao":"Sertão Paraibano"},"geometry":{"type":"Point","coordinates":[-38.2706220537,-7.3567969941]}},
{"type":"Feature","properties":{"fid":422,"proprietario":"Fc. Diniz","orgao":"DNOCS","data_perfuracao":"1974-01-12","profundidade":28.0,"q_m3h":3.0,"equipamento":"CATAVENTO","municipio":"Boa Ventura","microregiao":"Itaporanga","mesoregiao":"Sertão Paraibano"},"geometry":{"type":"Point","coordinates":[-38.2300657449,-7.4154084744]}},
{"type":"Feature","properties":{"fid":423,"proprietario":"Joaquim  Leite","orgao":"DNOCS","data_perfuracao":"1978-01-04","profundidade":41.0,"q_m3h":2.0,"equipamento":"CATAVENTO","municipio":"Boa Ventura","microregiao":"Itaporanga","mesoregiao":"Sertão Paraibano"},"geometry":{"type":"Point","coordinates":[-38.2406218332,-7.4104084279]}},
{"type":"Feature","properties":{"fid":424,"proprietario":"Abraao Diniz","orgao":"DNOCS","data_perfuracao":"1963-01-11","profundidade":25.0,"q_m3h":2.0,"equipamento":"CATAVENTO","municipio":"Boa Ventura","microregiao":"Itaporanga","mesoregiao":"Sertão Paraibano"},"geometry":{"type":"Point","coordinates":[-38.2314547532,-7.410408435]}},
{"type":"Feature","properties":{"fid":425,"proprietario":"Abraao Diniz","orgao":"DNOCS","data_perfuracao":"1967-01-08","profundidade":21.0,"q_m3h":1.0,"equipamento":"CATAVENTO","municipio":"Boa Ventura","microregiao":"Itaporanga","mesoregiao":"Sertão Paraibano"},"geometry":{"type":"Point","coordinates":[-38.2370107929,-7.3990193435]}},
{"type":"Feature","properties":{"fid":426,"proprietario":"Prefeitura","orgao":"CONESP","data_perfuracao":"1984-01-05","profundidade":33.0,"q_m3h":4.0,"equipamento":null,"municipio":"Camalaú","microregiao":"Cariri Ocidental","mesoregiao":"Borborema"},"geometry":{"type":"Point","coordinates":[-36.8233877243,-7.888191217]}},
{"type":"Feature","properties":{"fid":427,"proprietario":"Ant. Bernardo","orgao":"CONESP","data_perfuracao":"1964-01-07","profundidade":34.0,"q_m3h":2.0,"equipamento":"CATAVENTO","municipio":"Camalaú","microregiao":"Cariri Ocidental","mesoregiao":"Borborema"},"geometry":{"type":"Point","coordinates":[-36.651719218,-7.9143025552]}},
{"type":"Feature","properties":{"fid":428,"proprietario":"Sady","orgao":"CONESP","data_perfuracao":"1973-01-08","profundidade":52.0,"q_m3h":2.0,"equipamento":"CATAVENTO","municipio":"Camalaú","microregiao":"Cariri Ocidental","mesoregiao":"Borborema"},"geometry":{"type":"Point","coordinates":[-36.8911653858,-7.9623577366]}},
{"type":"Feature","properties":{"fid":429,"proprietario":"Socadeagro","orgao":"DNOCS","data_perfuracao":"1979-01-02","profundidade":38.0,"q_m3h":2.0,"equipamento":null,"municipio":"Camalaú","microregiao":"Cariri Ocidental","mesoregiao":"Borborema"},"geometry":{"type":"Point","coordinates":[-36.7572751447,-7.8984693489]}},
{"type":"Feature","properties":{"fid":430,"proprietario":"Jose Lucas","orgao":"DNOCS","data_perfuracao":"1972-01-08","profundidade":34.0,"q_m3h":2.0,"equipamento":"CATAVENTO","municipio":"Camalaú","microregiao":"Cariri Ocidental","mesoregiao":"Borborema"},"geometry":{"type":"Point","coordinates":[-36.6739413856,-7.8762462425]}},
{"type":"Feature","properties":{"fid":431,"proprietario":"Antonio Lucas","orgao":"DNOCS","data_perfuracao":"1970-01-10","profundidade":30.0,"q_m3h":3.0,"equipamento":"CATAVENTO","municipio":"Camalaú","microregiao":"Cariri Ocidental","mesoregiao":"Borborema"},"geometry":{"type":"Point","coordinates":[-36.8956103282,-7.8409687943]}},
{"type":"Feature","properties":{"fid":432,"proprietario":"J. A. Sobrinho","orgao":"DNOCS","data_perfuracao":"1975-01-10","profundidade":24.0,"q_m3h":4.0,"equipamento":"CATAVENTO","municipio":"Camalaú","microregiao":"Cariri Ocidental","mesoregiao":"Borborema"},"geometry":{"type":"Point","coordinates":[-36.8836652635,-7.8929132057]}},
{"type":"Feature","properties":{"fid":433,"proprietario":"Inacio Bezerra","orgao":"DNOCS","data_perfuracao":"1963-01-09","profundidade":45.0,"q_m3h":1.0,"equipamento":"CATAVENTO","municipio":"São João do Tigre","microregiao":"Cariri Ocidental","mesoregiao":"Borborema"},"geometry":{"type":"Point","coordinates":[-36.658941314,-7.9540248575]}},
{"type":"Feature","properties":{"fid":434,"proprietario":"Jose Lucas","orgao":"DNOCS","data_perfuracao":"1972-01-03","profundidade":36.0,"q_m3h":2.0,"equipamento":null,"municipio":"Camalaú","microregiao":"Cariri Ocidental","mesoregiao":"Borborema"},"geometry":{"type":"Point","coordinates":[-36.67644141,-7.879024262]}},
{"type":"Feature","properties":{"fid":435,"proprietario":"Jose Lucas","orgao":"DNOCS","data_perfuracao":"1971-01-07","profundidade":40.0,"q_m3h":1.0,"equipamento":"CATAVENTO","municipio":"Camalaú","microregiao":"Cariri Ocidental","mesoregiao":"Borborema"},"geometry":{"type":"Point","coordinates":[-36.6950525449,-7.8401349456]}},
{"type":"Feature","properties":{"fid":436,"proprietario":"Jose Romao","orgao":"NAO INFORMADO","data_perfuracao":"2000-01-01","profundidade":10.0,"q_m3h":1.0,"equipamento":null,"municipio":"Camalaú","microregiao":"Cariri Ocidental","mesoregiao":"Borborema"},"geometry":{"type":"Point","coordinates":[-36.889221361,-7.9529136652]}},
{"type":"Feature","properties":{"fid":437,"proprietario":"Laura Farias","orgao":"NAO INFORMADO","data_perfuracao":"1979-01-02","profundidade":10.0,"q_m3h":1.0,"equipamento":"BOMBA MANUAL","municipio":"Camalaú","microregiao":"Cariri Ocidental","mesoregiao":"Borborema"},"geometry":{"type":"Point","coordinates":[-36.7658872335,-7.9137464605]}},
{"type":"Feature","properties":{"fid":438,"proprietario":"Prefeitura","orgao":"CDRM","data_perfuracao":"1982-01-02","profundidade":50.0,"q_m3h":3.0,"equipamento":"CATAVENTO","municipio":"Camalaú","microregiao":"Cariri Ocidental","mesoregiao":"Borborema"},"geometry":{"type":"Point","coordinates":[-36.7247748401,-7.8790242239]}},
{"type":"Feature","properties":{"fid":439,"proprietario":"Prefeitura","orgao":"CDRM","data_perfuracao":"1981-01-09","profundidade":50.0,"q_m3h":1.0,"equipamento":"CATAVENTO","municipio":"Camalaú","microregiao":"Cariri Ocidental","mesoregiao":"Borborema"},"geometry":{"type":"Point","coordinates":[-36.7047746894,-7.9131915046]}},
{"type":"Feature","properties":{"fid":440,"proprietario":"Prefeitura","orgao":"CDRM","data_perfuracao":"1983-01-01","profundidade":50.0,"q_m3h":1.0,"equipamento":"INJ. ELÉTRICA","municipio":"Camalaú","microregiao":"Cariri Ocidental","mesoregiao":"Borborema"},"geometry":{"type":"Point","coordinates":[-36.8206097005,-7.8893022278]}},
{"type":"Feature","properties":{"fid":441,"proprietario":"Prefeitura","orgao":"CDRM","data_perfuracao":"1983-01-05","profundidade":40.0,"q_m3h":1.0,"equipamento":"CATAVENTO","municipio":"Camalaú","microregiao":"Cariri Ocidental","mesoregiao":"Borborema"},"geometry":{"type":"Point","coordinates":[-36.775053262,-7.8470799366]}},
{"type":"Feature","properties":{"fid":442,"proprietario":"Prefeitura","orgao":"CDRM","data_perfuracao":"1983-01-05","profundidade":40.0,"q_m3h":1.0,"equipamento":"CATAVENTO","municipio":"Camalaú","microregiao":"Cariri Ocidental","mesoregiao":"Borborema"},"geometry":{"type":"Point","coordinates":[-36.591996693,-7.9231916715]}},
{"type":"Feature","properties":{"fid":443,"proprietario":"Prefeitura","orgao":"CDRM","data_perfuracao":"1984-01-10","profundidade":40.0,"q_m3h":5.0,"equipamento":"CATAVENTO","municipio":"Camalaú","microregiao":"Cariri Ocidental","mesoregiao":"Borborema"},"geometry":{"type":"Point","coordinates":[-36.9094994524,-7.8420797919]}},
{"type":"Feature","properties":{"fid":444,"proprietario":"Prefeitura","orgao":"CDRM","data_perfuracao":"1985-01-07","profundidade":40.0,"q_m3h":5.0,"equipamento":"CATAVENTO","municipio":"Camalaú","microregiao":"Cariri Ocidental","mesoregiao":"Borborema"},"geometry":{"type":"Point","coordinates":[-36.8147756265,-7.8615240173]}},
{"type":"Feature","properties":{"fid":445,"proprietario":"Prefeitura","orgao":"CONESP","data_perfuracao":"1984-01-02","profundidade":42.0,"q_m3h":6.0,"equipamento":"ELETRO-BOMBA","municipio":"Camalaú","microregiao":"Cariri Ocidental","mesoregiao":"Borborema"},"geometry":{"type":"Point","coordinates":[-36.8228317204,-7.8895802282]}},
{"type":"Feature","properties":{"fid":446,"proprietario":"Prefeitura","orgao":"DNOCS","data_perfuracao":"1983-01-11","profundidade":48.0,"q_m3h":1.0,"equipamento":null,"municipio":"Camalaú","microregiao":"Cariri Ocidental","mesoregiao":"Borborema"},"geometry":{"type":"Point","coordinates":[-36.8947764005,-7.9406915663]}},
{"type":"Feature","properties":{"fid":447,"proprietario":"Prefeitura","orgao":"CDRM","data_perfuracao":"1986-01-08","profundidade":50.0,"q_m3h":1.0,"equipamento":"CATAVENTO","municipio":"Camalaú","microregiao":"Cariri Ocidental","mesoregiao":"Borborema"},"geometry":{"type":"Point","coordinates":[-36.8025535296,-7.876246141]}},
{"type":"Feature","properties":{"fid":448,"proprietario":"Prefeitura","orgao":"CDRM","data_perfuracao":"1983-01-08","profundidade":50.0,"q_m3h":1.0,"equipamento":"CATAVENTO","municipio":"Curral Velho","microregiao":"Itaporanga","mesoregiao":"Sertão Paraibano"},"geometry":{"type":"Point","coordinates":[-38.206454661,-7.5715206873]}},
{"type":"Feature","properties":{"fid":449,"proprietario":"Prefeitura","orgao":"CDRM","data_perfuracao":"1983-01-05","profundidade":40.0,"q_m3h":1.0,"equipamento":"CATAVENTO","municipio":"Curral Velho","microregiao":"Itaporanga","mesoregiao":"Sertão Paraibano"},"geometry":{"type":"Point","coordinates":[-38.1517321689,-7.5540205965]}},
{"type":"Feature","properties":{"fid":450,"proprietario":"Prefeitura","orgao":"CDRM","data_perfuracao":"1983-01-12","profundidade":54.0,"q_m3h":1.0,"equipamento":"CATAVENTO","municipio":"Curral Velho","microregiao":"Itaporanga","mesoregiao":"Sertão Paraibano"},"geometry":{"type":"Point","coordinates":[-38.1972875557,-7.5395764503]}},
{"type":"Feature","properties":{"fid":451,"proprietario":"Prefeitura","orgao":"CDRM","data_perfuracao":"1983-01-12","profundidade":48.0,"q_m3h":1.0,"equipamento":"CATAVENTO","municipio":"Curral Velho","microregiao":"Itaporanga","mesoregiao":"Sertão Paraibano"},"geometry":{"type":"Point","coordinates":[-38.2128436761,-7.5198532872]}},
{"type":"Feature","properties":{"fid":452,"proprietario":"Prefeitura","orgao":"EXERCITO","data_perfuracao":"1985-01-06","profundidade":52.0,"q_m3h":3.0,"equipamento":"ELETRO-BOMBA","municipio":"Curral Velho","microregiao":"Itaporanga","mesoregiao":"Sertão Paraibano"},"geometry":{"type":"Point","coordinates":[-38.2003435806,-7.5373534309]}},
{"type":"Feature","properties":{"fid":453,"proprietario":"Jose Pereira","orgao":"EXERCITO","data_perfuracao":"1986-01-12","profundidade":50.0,"q_m3h":5.0,"equipamento":"CATAVENTO","municipio":"Diamante","microregiao":"Itaporanga","mesoregiao":"Sertão Paraibano"},"geometry":{"type":"Point","coordinates":[-38.2450659759,-7.5431874403]}},
{"type":"Feature","properties":{"fid":454,"proprietario":"A. A. Barbosa","orgao":"CONESP","data_perfuracao":"1970-01-01","profundidade":51.0,"q_m3h":1.0,"equipamento":"CATAVENTO","municipio":"Desterro","microregiao":"Serra do Teixeira","mesoregiao":"Sertão Paraibano"},"geometry":{"type":"Point","coordinates":[-37.1397780799,-7.3048524455]}},
{"type":"Feature","properties":{"fid":455,"proprietario":"Manoel. Dantas","orgao":"CONESP","data_perfuracao":"1970-01-01","profundidade":60.0,"q_m3h":1.0,"equipamento":"CATAVENTO","municipio":"Desterro","microregiao":"Serra do Teixeira","mesoregiao":"Sertão Paraibano"},"geometry":{"type":"Point","coordinates":[-37.0383891468,-7.2559641392]}},
{"type":"Feature","properties":{"fid":456,"proprietario":"Prefeitura","orgao":"CONESP","data_perfuracao":"1966-01-02","profundidade":50.0,"q_m3h":2.0,"equipamento":"CATAVENTO","municipio":"Desterro","microregiao":"Serra do Teixeira","mesoregiao":"Sertão Paraibano"},"geometry":{"type":"Point","coordinates":[-37.0864445954,-7.2876303507]}},
{"type":"Feature","properties":{"fid":457,"proprietario":"Prefeitura","orgao":"DNOCS","data_perfuracao":"1970-01-06","profundidade":64.0,"q_m3h":1.0,"equipamento":"CATAVENTO","municipio":"Diamante","microregiao":"Itaporanga","mesoregiao":"Sertão Paraibano"},"geometry":{"type":"Point","coordinates":[-38.354511836,-7.422075429]}},
{"type":"Feature","properties":{"fid":458,"proprietario":"Prefeitura","orgao":"CONESP","data_perfuracao":"1968-01-12","profundidade":60.0,"q_m3h":2.0,"equipamento":"CATAVENTO","municipio":"Diamante","microregiao":"Itaporanga","mesoregiao":"Sertão Paraibano"},"geometry":{"type":"Point","coordinates":[-38.2625660392,-7.4290195535]}},
{"type":"Feature","properties":{"fid":459,"proprietario":"Prefeitura","orgao":"CONESP","data_perfuracao":"1971-01-11","profundidade":30.0,"q_m3h":1.0,"equipamento":"CATAVENTO","municipio":"Diamante","microregiao":"Itaporanga","mesoregiao":"Sertão Paraibano"},"geometry":{"type":"Point","coordinates":[-38.3003443407,-7.3926302457]}},
{"type":"Feature","properties":{"fid":460,"proprietario":"Fc. Diniz","orgao":"NAO INFORMADO","data_perfuracao":"1980-01-08","profundidade":10.0,"q_m3h":2.0,"equipamento":"CATAVENTO","municipio":"Boa Ventura","microregiao":"Itaporanga","mesoregiao":"Sertão Paraibano"},"geometry":{"type":"Point","coordinates":[-38.2367327947,-7.4045753863]}},
{"type":"Feature","properties":{"fid":461,"proprietario":"Prefeitura","orgao":"NAO INFORMADO","data_perfuracao":"2000-01-01","profundidade":10.0,"q_m3h":2.0,"equipamento":null,"municipio":"Boa Ventura","microregiao":"Itaporanga","mesoregiao":"Sertão Paraibano"},"geometry":{"type":"Point","coordinates":[-38.1592321382,-7.4309646483]}},
{"type":"Feature","properties":{"fid":462,"proprietario":"Prefeitura","orgao":"NAO INFORMADO","data_perfuracao":"2000-01-01","profundidade":9.0,"q_m3h":2.0,"equipamento":"BOMBA SUBMERSA","municipio":"Boa Ventura","microregiao":"Itaporanga","mesoregiao":"Sertão Paraibano"},"geometry":{"type":"Point","coordinates":[-38.218676645,-7.4148524789]}},
{"type":"Feature","properties":{"fid":463,"proprietario":"Prefeitura","orgao":"CONESP","data_perfuracao":"1981-01-03","profundidade":52.0,"q_m3h":2.0,"equipamento":null,"municipio":"Boa Ventura","microregiao":"Itaporanga","mesoregiao":"Sertão Paraibano"},"geometry":{"type":"Point","coordinates":[-38.1092317347,-7.4742980192]}},
{"type":"Feature","properties":{"fid":464,"proprietario":"Prefeitura","orgao":"CONESP","data_perfuracao":"1980-01-09","profundidade":52.0,"q_m3h":1.0,"equipamento":"CATAVENTO","municipio":"Boa Ventura","microregiao":"Itaporanga","mesoregiao":"Sertão Paraibano"},"geometry":{"type":"Point","coordinates":[-38.200343481,-7.4098524548]}},
{"type":"Feature","properties":{"fid":465,"proprietario":"Prefeitura","orgao":"CDRM","data_perfuracao":"1983-01-11","profundidade":40.0,"q_m3h":2.0,"equipamento":"INJ. ELÉTRICA","municipio":"Boa Ventura","microregiao":"Itaporanga","mesoregiao":"Sertão Paraibano"},"geometry":{"type":"Point","coordinates":[-38.2020105018,-7.4179085152]}},
{"type":"Feature","properties":{"fid":466,"proprietario":"Prefeitura","orgao":"PREFEITURA","data_perfuracao":"1982-01-10","profundidade":10.0,"q_m3h":3.0,"equipamento":"INJ. ELÉTRICA","municipio":"Boa Ventura","microregiao":"Itaporanga","mesoregiao":"Sertão Paraibano"},"geometry":{"type":"Point","coordinates":[-38.2197876593,-7.4206865228]}},
{"type":"Feature","properties":{"fid":467,"proprietario":"Sev. Felix","orgao":"EXERCITO","data_perfuracao":"1985-01-07","profundidade":57.0,"q_m3h":1.0,"equipamento":"CATAVENTO","municipio":"Curral Velho","microregiao":"Itaporanga","mesoregiao":"Sertão Paraibano"},"geometry":{"type":"Point","coordinates":[-38.1097867615,-7.5023532338]}},
{"type":"Feature","properties":{"fid":468,"proprietario":"J.alves Carv.","orgao":"EXERCITO","data_perfuracao":"1985-01-08","profundidade":43.0,"q_m3h":4.0,"equipamento":"CATAVENTO","municipio":"Itaporanga","microregiao":"Itaporanga","mesoregiao":"Sertão Paraibano"},"geometry":{"type":"Point","coordinates":[-38.2345107427,-7.3623520644]}},
{"type":"Feature","properties":{"fid":469,"proprietario":"Antonio Lopes","orgao":"EXERCITO","data_perfuracao":"1985-01-09","profundidade":50.0,"q_m3h":3.0,"equipamento":"CATAVENTO","municipio":"Curral Velho","microregiao":"Itaporanga","mesoregiao":"Sertão Paraibano"},"geometry":{"type":"Point","coordinates":[-38.1214538633,-7.5020762226]}},
{"type":"Feature","properties":{"fid":470,"proprietario":"P.de Oliveira","orgao":"EXERCITO","data_perfuracao":"1985-01-12","profundidade":50.0,"q_m3h":4.0,"equipamento":"ELETRO-BOMBA","municipio":"Bonito de Santa Fé","microregiao":"Cajazeiras","mesoregiao":"Sertão Paraibano"},"geometry":{"type":"Point","coordinates":[-38.4339563793,-7.2284628862]}},
{"type":"Feature","properties":{"fid":471,"proprietario":"R. Figueredo","orgao":"EXERCITO","data_perfuracao":"1986-01-05","profundidade":50.0,"q_m3h":5.0,"equipamento":"CATAVENTO","municipio":"Boa Ventura","microregiao":"Itaporanga","mesoregiao":"Sertão Paraibano"},"geometry":{"type":"Point","coordinates":[-38.219232652,-7.4176304998]}},
{"type":"Feature","properties":{"fid":472,"proprietario":"Jose Moacir","orgao":"EXERCITO","data_perfuracao":"1986-01-09","profundidade":50.0,"q_m3h":1.0,"equipamento":"CATAVENTO","municipio":"Boa Ventura","microregiao":"Itaporanga","mesoregiao":"Sertão Paraibano"},"geometry":{"type":"Point","coordinates":[-38.2078435152,-7.3692971381]}},
{"type":"Feature","properties":{"fid":473,"proprietario":"Elias Pinto","orgao":"EXERCITO","data_perfuracao":"1986-01-10","profundidade":50.0,"q_m3h":7.0,"equipamento":"CATAVENTO","municipio":"Boa Ventura","microregiao":"Itaporanga","mesoregiao":"Sertão Paraibano"},"geometry":{"type":"Point","coordinates":[-38.2192326404,-7.4026303849]}},
{"type":"Feature","properties":{"fid":474,"proprietario":"J.de Freitas","orgao":"EXERCITO","data_perfuracao":"1986-01-12","profundidade":50.0,"q_m3h":1.0,"equipamento":"CATAVENTO","municipio":"Boa Ventura","microregiao":"Itaporanga","mesoregiao":"Sertão Paraibano"},"geometry":{"type":"Point","coordinates":[-38.2245107436,-7.4759649423]}},
{"type":"Feature","properties":{"fid":475,"proprietario":"Victorino","orgao":"NAO INFORMADO","data_perfuracao":"1959-01-09","profundidade":18.0,"q_m3h":1.0,"equipamento":"CATAVENTO","municipio":"Boa Vista","microregiao":"Campina Grande","mesoregiao":"Agreste Paraibano"},"geometry":{"type":"Point","coordinates":[-36.2556042354,-7.3231872366]}},
{"type":"Feature","properties":{"fid":476,"proprietario":"Ant.gomes","orgao":"NAO INFORMADO","data_perfuracao":"1958-01-12","profundidade":13.0,"q_m3h":5.0,"equipamento":"CATAVENTO","municipio":"Campina Grande","microregiao":"Campina Grande","mesoregiao":"Agreste Paraibano"},"geometry":{"type":"Point","coordinates":[-36.0444913704,-7.354853639]}},
{"type":"Feature","properties":{"fid":477,"proprietario":"J.g. Filho","orgao":"CARIRI","data_perfuracao":"1961-01-11","profundidade":28.0,"q_m3h":2.0,"equipamento":null,"municipio":"Campina Grande","microregiao":"Campina Grande","mesoregiao":"Agreste Paraibano"},"geometry":{"type":"Point","coordinates":[-36.0381022008,-7.1981864062]}},
{"type":"Feature","properties":{"fid":478,"proprietario":"Orl.ramos","orgao":"NAO INFORMADO","data_perfuracao":"1959-01-10","profundidade":60.0,"q_m3h":1.0,"equipamento":null,"municipio":"Boa Vista","microregiao":"Campina Grande","mesoregiao":"Agreste Paraibano"},"geometry":{"type":"Point","coordinates":[-36.1258809966,-7.2129084603]}},
{"type":"Feature","properties":{"fid":479,"proprietario":"P. Araujo","orgao":"NAO INFORMADO","data_perfuracao":"1958-01-08","profundidade":18.0,"q_m3h":1.0,"equipamento":"BOMBA MANUAL","municipio":"Boa Vista","microregiao":"Campina Grande","mesoregiao":"Agreste Paraibano"},"geometry":{"type":"Point","coordinates":[-36.2400480825,-7.3040200969]}},
{"type":"Feature","properties":{"fid":480,"proprietario":"Ant.gomes","orgao":"NAO INFORMADO","data_perfuracao":"1958-01-01","profundidade":22.0,"q_m3h":7.0,"equipamento":null,"municipio":"Campina Grande","microregiao":"Campina Grande","mesoregiao":"Agreste Paraibano"},"geometry":{"type":"Point","coordinates":[-36.0417133355,-7.3409655314]}},
{"type":"Feature","properties":{"fid":481,"proprietario":"J.p.ramos","orgao":"NAO INFORMADO","data_perfuracao":"1961-01-12","profundidade":13.0,"q_m3h":1.0,"equipamento":"CATAVENTO","municipio":"Campina Grande","microregiao":"Campina Grande","mesoregiao":"Agreste Paraibano"},"geometry":{"type":"Point","coordinates":[-36.0583804476,-7.2895761138]}},
{"type":"Feature","properties":{"fid":482,"proprietario":"Jose Silva","orgao":"NAO INFORMADO","data_perfuracao":"1960-01-01","profundidade":20.0,"q_m3h":3.0,"equipamento":"BOMBA MANUAL","municipio":"Boa Vista","microregiao":"Campina Grande","mesoregiao":"Agreste Paraibano"},"geometry":{"type":"Point","coordinates":[-36.2056037633,-7.2881869971]}},
{"type":"Feature","properties":{"fid":483,"proprietario":"J.g.silva","orgao":"NAO INFORMADO","data_perfuracao":"1961-01-01","profundidade":20.0,"q_m3h":4.0,"equipamento":"CATAVENTO","municipio":"Boa Vista","microregiao":"Campina Grande","mesoregiao":"Agreste Paraibano"},"geometry":{"type":"Point","coordinates":[-36.1853255481,-7.2409646393]}},
{"type":"Feature","properties":{"fid":484,"proprietario":"Prefeitura","orgao":"CDRM","data_perfuracao":"1981-01-06","profundidade":51.0,"q_m3h":2.0,"equipamento":"CATAVENTO","municipio":"Diamante","microregiao":"Itaporanga","mesoregiao":"Sertão Paraibano"},"geometry":{"type":"Point","coordinates":[-38.3378446699,-7.395408238]}},
{"type":"Feature","properties":{"fid":485,"proprietario":"Prefeitura","orgao":"CDRM","data_perfuracao":"1984-01-07","profundidade":50.0,"q_m3h":1.0,"equipamento":"CATAVENTO","municipio":"Diamante","microregiao":"Itaporanga","mesoregiao":"Sertão Paraibano"},"geometry":{"type":"Point","coordinates":[-38.2722881124,-7.4140194311]}},
{"type":"Feature","properties":{"fid":486,"proprietario":"Ademar Silva","orgao":"EXERCITO","data_perfuracao":"1985-01-06","profundidade":40.0,"q_m3h":1.0,"equipamento":"CATAVENTO","municipio":"Aguiar","microregiao":"Piancó","mesoregiao":"Sertão Paraibano"},"geometry":{"type":"Point","coordinates":[-38.3239553388,-7.1192951309]}},
{"type":"Feature","properties":{"fid":487,"proprietario":"Hermes Mang.","orgao":"EXERCITO","data_perfuracao":"1985-01-07","profundidade":54.0,"q_m3h":1.0,"equipamento":"CATAVENTO","municipio":"São José de Piranhas","microregiao":"Cajazeiras","mesoregiao":"Sertão Paraibano"},"geometry":{"type":"Point","coordinates":[-38.3370114398,-7.1020729888]}},
{"type":"Feature","properties":{"fid":488,"proprietario":"Prefeitura","orgao":"EXERCITO","data_perfuracao":"1985-01-06","profundidade":40.0,"q_m3h":3.0,"equipamento":"CATAVENTO","municipio":"Aguiar","microregiao":"Piancó","mesoregiao":"Sertão Paraibano"},"geometry":{"type":"Point","coordinates":[-38.2653438643,-7.1681845505]}},
{"type":"Feature","properties":{"fid":489,"proprietario":"Manoel Zito","orgao":"EXERCITO","data_perfuracao":"1985-01-07","profundidade":40.0,"q_m3h":1.0,"equipamento":"CATAVENTO","municipio":"Diamante","microregiao":"Itaporanga","mesoregiao":"Sertão Paraibano"},"geometry":{"type":"Point","coordinates":[-38.3061773976,-7.4004083007]}},
{"type":"Feature","properties":{"fid":490,"proprietario":"A.f. De Lima","orgao":"EXERCITO","data_perfuracao":"1986-01-05","profundidade":50.0,"q_m3h":3.0,"equipamento":"CATAVENTO","municipio":"Itaporanga","microregiao":"Itaporanga","mesoregiao":"Sertão Paraibano"},"geometry":{"type":"Point","coordinates":[-38.1061756012,-7.3359639601]}},
{"type":"Feature","properties":{"fid":491,"proprietario":"Hermes M.diniz","orgao":"EXERCITO","data_perfuracao":"1986-01-05","profundidade":50.0,"q_m3h":1.0,"equipamento":"CATAVENTO","municipio":"Boa Ventura","microregiao":"Itaporanga","mesoregiao":"Sertão Paraibano"},"geometry":{"type":"Point","coordinates":[-38.2175656121,-7.3848522499]}},
{"type":"Feature","properties":{"fid":492,"proprietario":"Napoleao Bido","orgao":"EXERCITO","data_perfuracao":"1986-01-05","profundidade":50.0,"q_m3h":1.0,"equipamento":"CATAVENTO","municipio":"Itaporanga","microregiao":"Itaporanga","mesoregiao":"Sertão Paraibano"},"geometry":{"type":"Point","coordinates":[-38.2172875917,-7.3615190712]}},
{"type":"Feature","properties":{"fid":493,"proprietario":"L.vieira Silva","orgao":"EXERCITO","data_perfuracao":"1986-01-06","profundidade":50.0,"q_m3h":6.0,"equipamento":"CATAVENTO","municipio":"Diamante","microregiao":"Itaporanga","mesoregiao":"Sertão Paraibano"},"geometry":{"type":"Point","coordinates":[-38.2770111524,-7.4123524147]}},
{"type":"Feature","properties":{"fid":494,"proprietario":"Balt. Pereira","orgao":"EXERCITO","data_perfuracao":"1986-01-11","profundidade":50.0,"q_m3h":3.0,"equipamento":"CATAVENTO","municipio":"Diamante","microregiao":"Itaporanga","mesoregiao":"Sertão Paraibano"},"geometry":{"type":"Point","coordinates":[-38.2831222102,-7.4181864546]}},
{"type":"Feature","properties":{"fid":495,"proprietario":"J.abilio Neto","orgao":"EXERCITO","data_perfuracao":"1986-01-11","profundidade":50.0,"q_m3h":2.0,"equipamento":"CATAVENTO","municipio":"Diamante","microregiao":"Itaporanga","mesoregiao":"Sertão Paraibano"},"geometry":{"type":"Point","coordinates":[-38.350622747,-7.350963888]}},
{"type":"Feature","properties":{"fid":496,"proprietario":"Prefeitura","orgao":"DNOCS","data_perfuracao":"1971-01-08","profundidade":30.0,"q_m3h":2.0,"equipamento":"INJ. ELÉTRICA","municipio":"Serra da Raiz","microregiao":"Guarabira","mesoregiao":"Agreste Paraibano"},"geometry":{"type":"Point","coordinates":[-35.4222623258,-6.6865157452]}},
{"type":"Feature","properties":{"fid":497,"proprietario":"Prefeitura","orgao":"DNOCS","data_perfuracao":"1970-01-01","profundidade":45.0,"q_m3h":2.0,"equipamento":"BOMBA MANUAL","municipio":"Sertãozinho","microregiao":"Guarabira","mesoregiao":"Agreste Paraibano"},"geometry":{"type":"Point","coordinates":[-35.4461515823,-6.7504052425]}},
{"type":"Feature","properties":{"fid":498,"proprietario":"Prefeitura","orgao":"CDRM","data_perfuracao":"1985-01-11","profundidade":40.0,"q_m3h":2.0,"equipamento":"CATAVENTO","municipio":"Sertãozinho","microregiao":"Guarabira","mesoregiao":"Agreste Paraibano"},"geometry":{"type":"Point","coordinates":[-35.4403185134,-6.7251270435]}},
{"type":"Feature","properties":{"fid":499,"proprietario":"Cagepa","orgao":"CONESP","data_perfuracao":"1969-01-01","profundidade":121.0,"q_m3h":8.0,"equipamento":"BOMBA SUBMERSA","municipio":"Bom Sucesso","microregiao":"Catolé do Rocha","mesoregiao":"Sertão Paraibano"},"geometry":{"type":"Point","coordinates":[-37.935896469,-6.4365121129]}},
{"type":"Feature","properties":{"fid":500,"proprietario":"C. Almeida","orgao":"PREFEITURA","data_perfuracao":"1960-01-01","profundidade":55.0,"q_m3h":1.0,"equipamento":null,"municipio":"Boa Vista","microregiao":"Campina Grande","mesoregiao":"Agreste Paraibano"},"geometry":{"type":"Point","coordinates":[-36.220881883,-7.2648528022]}},
{"type":"Feature","properties":{"fid":501,"proprietario":"Ant.gomes","orgao":"NAO INFORMADO","data_perfuracao":"1958-01-01","profundidade":15.0,"q_m3h":2.0,"equipamento":"ELETRO-BOMBA","municipio":"Campina Grande","microregiao":"Campina Grande","mesoregiao":"Agreste Paraibano"},"geometry":{"type":"Point","coordinates":[-36.04726837,-7.3198533608]}},
{"type":"Feature","properties":{"fid":502,"proprietario":"G.frutuoso","orgao":"NAO INFORMADO","data_perfuracao":"1958-01-10","profundidade":17.0,"q_m3h":8.0,"equipamento":"CATAVENTO","municipio":"Boa Vista","microregiao":"Campina Grande","mesoregiao":"Agreste Paraibano"},"geometry":{"type":"Point","coordinates":[-36.172269436,-7.247352699]}},
{"type":"Feature","properties":{"fid":503,"proprietario":"S.b.cabral","orgao":"NAO INFORMADO","data_perfuracao":"1959-01-01","profundidade":25.0,"q_m3h":1.0,"equipamento":null,"municipio":"Campina Grande","microregiao":"Campina Grande","mesoregiao":"Agreste Paraibano"},"geometry":{"type":"Point","coordinates":[-36.0972688151,-7.3165202985]}},
{"type":"Feature","properties":{"fid":504,"proprietario":"A.guimaraes","orgao":"NAO INFORMADO","data_perfuracao":"1961-01-04","profundidade":17.0,"q_m3h":1.0,"equipamento":null,"municipio":"Boa Vista","microregiao":"Campina Grande","mesoregiao":"Agreste Paraibano"},"geometry":{"type":"Point","coordinates":[-36.1825475113,-7.2242975098]}},
{"type":"Feature","properties":{"fid":505,"proprietario":"Ant.gomes","orgao":"NAO INFORMADO","data_perfuracao":"1961-01-01","profundidade":60.0,"q_m3h":3.0,"equipamento":"CATAVENTO","municipio":"Boa Vista","microregiao":"Campina Grande","mesoregiao":"Agreste Paraibano"},"geometry":{"type":"Point","coordinates":[-36.1592143432,-7.2806869713]}},
{"type":"Feature","properties":{"fid":506,"proprietario":"Ant.gomes","orgao":"DNOCS","data_perfuracao":"1961-01-01","profundidade":30.0,"q_m3h":1.0,"equipamento":"CATAVENTO","municipio":"Boa Vista","microregiao":"Campina Grande","mesoregiao":"Agreste Paraibano"},"geometry":{"type":"Point","coordinates":[-36.1547693067,-7.2851310096]}},
{"type":"Feature","properties":{"fid":507,"proprietario":"J.lira Braga","orgao":"DNOCS","data_perfuracao":"1961-01-01","profundidade":28.0,"q_m3h":1.0,"equipamento":"CATAVENTO","municipio":"Campina Grande","microregiao":"Campina Grande","mesoregiao":"Agreste Paraibano"},"geometry":{"type":"Point","coordinates":[-36.0353242268,-7.2695759724]}},
{"type":"Feature","properties":{"fid":508,"proprietario":"Ant.gomes","orgao":"NAO INFORMADO","data_perfuracao":"1961-01-01","profundidade":10.0,"q_m3h":1.0,"equipamento":null,"municipio":"Campina Grande","microregiao":"Campina Grande","mesoregiao":"Agreste Paraibano"},"geometry":{"type":"Point","coordinates":[-36.0322682067,-7.2795760536]}},
{"type":"Feature","properties":{"fid":509,"proprietario":"Ant.almeida","orgao":"NAO INFORMADO","data_perfuracao":"1960-01-01","profundidade":32.0,"q_m3h":1.0,"equipamento":"CATAVENTO","municipio":"Boa Vista","microregiao":"Campina Grande","mesoregiao":"Agreste Paraibano"},"geometry":{"type":"Point","coordinates":[-36.1889366502,-7.3376313986]}},
{"type":"Feature","properties":{"fid":510,"proprietario":"Jose Almeida","orgao":"NAO INFORMADO","data_perfuracao":"1962-01-01","profundidade":50.0,"q_m3h":1.0,"equipamento":"CATAVENTO","municipio":"Boa Vista","microregiao":"Campina Grande","mesoregiao":"Agreste Paraibano"},"geometry":{"type":"Point","coordinates":[-36.1961586637,-7.2670758375]}},
{"type":"Feature","properties":{"fid":511,"proprietario":"L.b.da Silva","orgao":"NAO INFORMADO","data_perfuracao":"1959-01-04","profundidade":35.0,"q_m3h":5.0,"equipamento":"BOMBA MANUAL","municipio":"Boa Vista","microregiao":"Campina Grande","mesoregiao":"Agreste Paraibano"},"geometry":{"type":"Point","coordinates":[-36.1389361082,-7.2056863939]}},
{"type":"Feature","properties":{"fid":512,"proprietario":"J.b. Lima","orgao":"NAO INFORMADO","data_perfuracao":"1963-01-06","profundidade":30.0,"q_m3h":6.0,"equipamento":null,"municipio":"Campina Grande","microregiao":"Campina Grande","mesoregiao":"Agreste Paraibano"},"geometry":{"type":"Point","coordinates":[-36.0972687784,-7.2656868974]}},
{"type":"Feature","properties":{"fid":513,"proprietario":"C. Palhano","orgao":"NAO INFORMADO","data_perfuracao":"1961-01-08","profundidade":30.0,"q_m3h":1.0,"equipamento":"CATAVENTO","municipio":"Campina Grande","microregiao":"Campina Grande","mesoregiao":"Agreste Paraibano"},"geometry":{"type":"Point","coordinates":[-36.0600463769,-7.1695751644]}},
{"type":"Feature","properties":{"fid":514,"proprietario":"Jose Romao","orgao":"NAO INFORMADO","data_perfuracao":"1960-01-01","profundidade":20.0,"q_m3h":2.0,"equipamento":null,"municipio":"Boa Vista","microregiao":"Campina Grande","mesoregiao":"Agreste Paraibano"},"geometry":{"type":"Point","coordinates":[-36.1483812071,-7.2259645473]}},
{"type":"Feature","properties":{"fid":515,"proprietario":"Ant.gomes","orgao":"NAO INFORMADO","data_perfuracao":"1960-01-01","profundidade":16.0,"q_m3h":2.0,"equipamento":null,"municipio":"Campina Grande","microregiao":"Campina Grande","mesoregiao":"Agreste Paraibano"},"geometry":{"type":"Point","coordinates":[-36.0414353119,-7.3117983014]}},
{"type":"Feature","properties":{"fid":516,"proprietario":"M. Almeida","orgao":"PREFEITURA","data_perfuracao":"1962-01-01","profundidade":20.0,"q_m3h":4.0,"equipamento":null,"municipio":"Boa Vista","microregiao":"Campina Grande","mesoregiao":"Agreste Paraibano"},"geometry":{"type":"Point","coordinates":[-36.2417151032,-7.3120761592]}},
{"type":"Feature","properties":{"fid":517,"proprietario":"L. De Barros","orgao":"NAO INFORMADO","data_perfuracao":"1961-01-06","profundidade":45.0,"q_m3h":4.0,"equipamento":null,"municipio":"Boa Vista","microregiao":"Campina Grande","mesoregiao":"Agreste Paraibano"},"geometry":{"type":"Point","coordinates":[-36.0944917022,-7.1937413311]}},
{"type":"Feature","properties":{"fid":518,"proprietario":"Prefeitura","orgao":"CDRM","data_perfuracao":"1986-01-12","profundidade":30.0,"q_m3h":3.0,"equipamento":"CATAVENTO","municipio":"Duas Estradas","microregiao":"Guarabira","mesoregiao":"Agreste Paraibano"},"geometry":{"type":"Point","coordinates":[-35.3805959811,-6.7334611493]}},
{"type":"Feature","properties":{"fid":519,"proprietario":"Prefeitura","orgao":"CDRM","data_perfuracao":"1986-01-12","profundidade":42.0,"q_m3h":3.0,"equipamento":"ELETRO-BOMBA","municipio":"Lagoa de Dentro","microregiao":"Guarabira","mesoregiao":"Agreste Paraibano"},"geometry":{"type":"Point","coordinates":[-35.3961511029,-6.7054049138]}},
{"type":"Feature","properties":{"fid":520,"proprietario":"Prefeitura","orgao":"CDRM","data_perfuracao":"1988-01-02","profundidade":40.0,"q_m3h":2.0,"equipamento":"CATAVENTO","municipio":"Lagoa de Dentro","microregiao":"Guarabira","mesoregiao":"Agreste Paraibano"},"geometry":{"type":"Point","coordinates":[-35.4097622046,-6.6731826462]}},
{"type":"Feature","properties":{"fid":521,"proprietario":"Ivon Araujo","orgao":"DNOCS","data_perfuracao":"1965-01-01","profundidade":22.0,"q_m3h":3.0,"equipamento":"CATAVENTO","municipio":"Emas","microregiao":"Piancó","mesoregiao":"Sertão Paraibano"},"geometry":{"type":"Point","coordinates":[-37.7647834598,-7.1348506645]}},
{"type":"Feature","properties":{"fid":522,"proprietario":"Raul L. Lopes","orgao":"DNOCS","data_perfuracao":"1965-01-03","profundidade":19.0,"q_m3h":9.0,"equipamento":null,"municipio":"Emas","microregiao":"Piancó","mesoregiao":"Sertão Paraibano"},"geometry":{"type":"Point","coordinates":[-37.7200610485,-7.1092954993]}},
{"type":"Feature","properties":{"fid":523,"proprietario":"F. Teotonio","orgao":"CONESP","data_perfuracao":"1973-01-10","profundidade":70.0,"q_m3h":2.0,"equipamento":"INJ. ELÉTRICA","municipio":"Emas","microregiao":"Piancó","mesoregiao":"Sertão Paraibano"},"geometry":{"type":"Point","coordinates":[-37.7917286721,-7.1020733909]}},
{"type":"Feature","properties":{"fid":524,"proprietario":"F. Teotonio","orgao":"CONESP","data_perfuracao":"1973-01-09","profundidade":70.0,"q_m3h":2.0,"equipamento":"INJ. ELÉTRICA","municipio":"Emas","microregiao":"Piancó","mesoregiao":"Sertão Paraibano"},"geometry":{"type":"Point","coordinates":[-37.7778395552,-7.1087394527]}},
{"type":"Feature","properties":{"fid":525,"proprietario":"Prefeitura","orgao":"CDRM","data_perfuracao":"1981-01-11","profundidade":8.0,"q_m3h":2.0,"equipamento":"MOTO-BOMBA","municipio":"Emas","microregiao":"Piancó","mesoregiao":"Sertão Paraibano"},"geometry":{"type":"Point","coordinates":[-37.7147830036,-7.1112395182]}},
{"type":"Feature","properties":{"fid":526,"proprietario":"N. Loureiro","orgao":"EXERCITO","data_perfuracao":"1986-01-08","profundidade":50.0,"q_m3h":6.0,"equipamento":"CATAVENTO","municipio":"Emas","microregiao":"Piancó","mesoregiao":"Sertão Paraibano"},"geometry":{"type":"Point","coordinates":[-37.7386722166,-7.1156845352]}},
{"type":"Feature","properties":{"fid":527,"proprietario":"C. L. Loureiro","orgao":"EXERCITO","data_perfuracao":"1986-01-08","profundidade":50.0,"q_m3h":1.0,"equipamento":"CATAVENTO","municipio":"Emas","microregiao":"Piancó","mesoregiao":"Sertão Paraibano"},"geometry":{"type":"Point","coordinates":[-37.7286721339,-7.1226285963]}},
{"type":"Feature","properties":{"fid":528,"proprietario":"Edv. Miranda","orgao":"EXERCITO","data_perfuracao":"1986-01-08","profundidade":50.0,"q_m3h":5.0,"equipamento":"CATAVENTO","municipio":"Monteiro","microregiao":"Cariri Ocidental","mesoregiao":"Borborema"},"geometry":{"type":"Point","coordinates":[-37.1608906874,-7.8504126571]}},
{"type":"Feature","properties":{"fid":529,"proprietario":"Fc. Caripuna","orgao":"EXERCITO","data_perfuracao":"1986-01-09","profundidade":50.0,"q_m3h":1.0,"equipamento":"CATAVENTO","municipio":"Emas","microregiao":"Piancó","mesoregiao":"Sertão Paraibano"},"geometry":{"type":"Point","coordinates":[-37.6878387886,-7.1406847662]}},
{"type":"Feature","properties":{"fid":530,"proprietario":"E.b.cabral","orgao":"DNOCS","data_perfuracao":"1973-01-12","profundidade":20.0,"q_m3h":2.0,"equipamento":null,"municipio":"Campina Grande","microregiao":"Campina Grande","mesoregiao":"Agreste Paraibano"},"geometry":{"type":"Point","coordinates":[-36.0750466124,-7.3112422729]}},
{"type":"Feature","properties":{"fid":531,"proprietario":"Fco. Lira","orgao":"DNOCS","data_perfuracao":"1979-01-06","profundidade":20.0,"q_m3h":1.0,"equipamento":"BOMBA MANUAL","municipio":"Campina Grande","microregiao":"Campina Grande","mesoregiao":"Agreste Paraibano"},"geometry":{"type":"Point","coordinates":[-36.021991112,-7.2759650324]}},
{"type":"Feature","properties":{"fid":532,"proprietario":"Sev. Almeida","orgao":"DNOCS","data_perfuracao":"1975-01-06","profundidade":19.0,"q_m3h":4.0,"equipamento":"CATAVENTO","municipio":"Boa Vista","microregiao":"Campina Grande","mesoregiao":"Agreste Paraibano"},"geometry":{"type":"Point","coordinates":[-36.3139377773,-7.3520764215]}},
{"type":"Feature","properties":{"fid":533,"proprietario":"13d.r.f.","orgao":"DNOCS","data_perfuracao":"1977-01-05","profundidade":24.0,"q_m3h":1.0,"equipamento":"ELETRO-BOMBA","municipio":"Campina Grande","microregiao":"Campina Grande","mesoregiao":"Agreste Paraibano"},"geometry":{"type":"Point","coordinates":[-36.0944916752,-7.1556860303]}},
{"type":"Feature","properties":{"fid":534,"proprietario":"A.araujo","orgao":"DNOCS","data_perfuracao":"1979-01-01","profundidade":25.0,"q_m3h":2.0,"equipamento":"ELETRO-BOMBA","municipio":"Boa Vista","microregiao":"Campina Grande","mesoregiao":"Agreste Paraibano"},"geometry":{"type":"Point","coordinates":[-36.2408820638,-7.2679088119]}},
{"type":"Feature","properties":{"fid":535,"proprietario":"Leonildo Pedro","orgao":"DNOCS","data_perfuracao":"1974-01-09","profundidade":58.0,"q_m3h":1.0,"equipamento":null,"municipio":"Campina Grande","microregiao":"Campina Grande","mesoregiao":"Agreste Paraibano"},"geometry":{"type":"Point","coordinates":[-36.0872686187,-7.1670751254]}},
{"type":"Feature","properties":{"fid":536,"proprietario":"Ant. A.filho","orgao":"PREFEITURA","data_perfuracao":"1971-01-12","profundidade":42.0,"q_m3h":1.0,"equipamento":"CATAVENTO","municipio":"Boa Vista","microregiao":"Campina Grande","mesoregiao":"Agreste Paraibano"},"geometry":{"type":"Point","coordinates":[-36.2342150298,-7.3031870946]}},
{"type":"Feature","properties":{"fid":537,"proprietario":"N.p. Almeida","orgao":"PREFEITURA","data_perfuracao":"1973-01-01","profundidade":10.0,"q_m3h":1.0,"equipamento":"CATAVENTO","municipio":"Boa Vista","microregiao":"Campina Grande","mesoregiao":"Agreste Paraibano"},"geometry":{"type":"Point","coordinates":[-36.2436591232,-7.3156871862]}},
{"type":"Feature","properties":{"fid":538,"proprietario":"Miguel Tota","orgao":"NAO INFORMADO","data_perfuracao":"1961-01-01","profundidade":10.0,"q_m3h":1.0,"equipamento":"BOMBA MANUAL","municipio":"Boa Vista","microregiao":"Campina Grande","mesoregiao":"Agreste Paraibano"},"geometry":{"type":"Point","coordinates":[-36.2444931349,-7.3215202315]}},
{"type":"Feature","properties":{"fid":539,"proprietario":"Joao Flor","orgao":"NAO INFORMADO","data_perfuracao":"1960-01-10","profundidade":42.0,"q_m3h":2.0,"equipamento":"BOMBA MANUAL","municipio":"Boa Vista","microregiao":"Campina Grande","mesoregiao":"Agreste Paraibano"},"geometry":{"type":"Point","coordinates":[-36.2425481383,-7.3501314581]}},
{"type":"Feature","properties":{"fid":540,"proprietario":"M.j. Pereira","orgao":"PREFEITURA","data_perfuracao":"1963-01-01","profundidade":12.0,"q_m3h":3.0,"equipamento":null,"municipio":"Cabaceiras","microregiao":"Cariri Oriental","mesoregiao":"Borborema"},"geometry":{"type":"Point","coordinates":[-36.2344930757,-7.3629095645]}},
{"type":"Feature","properties":{"fid":541,"proprietario":"L.g.da Silva","orgao":"PREFEITURA","data_perfuracao":"2000-01-01","profundidade":10.0,"q_m3h":3.0,"equipamento":"BOMBA MANUAL","municipio":"Boa Vista","microregiao":"Campina Grande","mesoregiao":"Agreste Paraibano"},"geometry":{"type":"Point","coordinates":[-36.1794924985,-7.244575672]}},
{"type":"Feature","properties":{"fid":542,"proprietario":"B. Vitoriano","orgao":"PREFEITURA","data_perfuracao":"2000-01-01","profundidade":18.0,"q_m3h":3.0,"equipamento":"CATAVENTO","municipio":"Boa Vista","microregiao":"Campina Grande","mesoregiao":"Agreste Paraibano"},"geometry":{"type":"Point","coordinates":[-36.1628253515,-7.2473527058]}},
{"type":"Feature","properties":{"fid":543,"proprietario":"C. Porto","orgao":"PREFEITURA","data_perfuracao":"2000-01-01","profundidade":10.0,"q_m3h":3.0,"equipamento":null,"municipio":"Boa Vista","microregiao":"Campina Grande","mesoregiao":"Agreste Paraibano"},"geometry":{"type":"Point","coordinates":[-36.1147688735,-7.1795752048]}},
{"type":"Feature","properties":{"fid":544,"proprietario":"M. Monteiro","orgao":"PREFEITURA","data_perfuracao":"2000-01-01","profundidade":10.0,"q_m3h":3.0,"equipamento":"BOMBA MANUAL","municipio":"Boa Vista","microregiao":"Campina Grande","mesoregiao":"Agreste Paraibano"},"geometry":{"type":"Point","coordinates":[-36.1147688765,-7.1837412377]}},
{"type":"Feature","properties":{"fid":545,"proprietario":"A.j. Raposo","orgao":"NAO INFORMADO","data_perfuracao":"2000-01-01","profundidade":44.0,"q_m3h":1.0,"equipamento":null,"municipio":"Boa Vista","microregiao":"Campina Grande","mesoregiao":"Agreste Paraibano"},"geometry":{"type":"Point","coordinates":[-36.1119918593,-7.1945753253]}},
{"type":"Feature","properties":{"fid":546,"proprietario":"J. Felinto","orgao":"NAO INFORMADO","data_perfuracao":"2000-01-01","profundidade":10.0,"q_m3h":1.0,"equipamento":null,"municipio":"Campina Grande","microregiao":"Campina Grande","mesoregiao":"Agreste Paraibano"},"geometry":{"type":"Point","coordinates":[-36.0814355923,-7.2034644172]}},
{"type":"Feature","properties":{"fid":547,"proprietario":"A.a. Filho","orgao":"PREFEITURA","data_perfuracao":"2000-01-01","profundidade":10.0,"q_m3h":1.0,"equipamento":"BOMBA MANUAL","municipio":"Boa Vista","microregiao":"Campina Grande","mesoregiao":"Agreste Paraibano"},"geometry":{"type":"Point","coordinates":[-36.2244929098,-7.2573527405]}},
{"type":"Feature","properties":{"fid":548,"proprietario":"S. Soares","orgao":"PREFEITURA","data_perfuracao":"1965-01-01","profundidade":28.0,"q_m3h":2.0,"equipamento":"CATAVENTO","municipio":"Boa Vista","microregiao":"Campina Grande","mesoregiao":"Agreste Paraibano"},"geometry":{"type":"Point","coordinates":[-36.2733823555,-7.2698528038]}},
{"type":"Feature","properties":{"fid":549,"proprietario":"N. Barbosa","orgao":"NAO INFORMADO","data_perfuracao":"2000-01-01","profundidade":10.0,"q_m3h":2.0,"equipamento":"ELETRO-BOMBA","municipio":"Boa Vista","microregiao":"Campina Grande","mesoregiao":"Agreste Paraibano"},"geometry":{"type":"Point","coordinates":[-36.2575482053,-7.2576307189]}},
{"type":"Feature","properties":{"fid":550,"proprietario":"E. Soares","orgao":"PREFEITURA","data_perfuracao":"2000-01-01","profundidade":10.0,"q_m3h":2.0,"equipamento":null,"municipio":"Boa Vista","microregiao":"Campina Grande","mesoregiao":"Agreste Paraibano"},"geometry":{"type":"Point","coordinates":[-36.2700482941,-7.2259644604]}},
{"type":"Feature","properties":{"fid":551,"proprietario":"J.b.sampaiao","orgao":"PREFEITURA","data_perfuracao":"1963-01-01","profundidade":21.0,"q_m3h":6.0,"equipamento":"CATAVENTO","municipio":"Boa Vista","microregiao":"Campina Grande","mesoregiao":"Agreste Paraibano"},"geometry":{"type":"Point","coordinates":[-36.334493973,-7.3687425374]}},
{"type":"Feature","properties":{"fid":552,"proprietario":"Boni Gomes","orgao":"NAO INFORMADO","data_perfuracao":"2000-01-01","profundidade":10.0,"q_m3h":6.0,"equipamento":"CATAVENTO","municipio":"Boa Vista","microregiao":"Campina Grande","mesoregiao":"Agreste Paraibano"},"geometry":{"type":"Point","coordinates":[-36.3011596268,-7.3020760375]}},
{"type":"Feature","properties":{"fid":553,"proprietario":"J.r. Net_","orgao":"NAO INFORMADO","data_perfuracao":"1963-01-01","profundidade":18.0,"q_m3h":6.0,"equipamento":"BOMBA MANUAL","municipio":"Boa Vista","microregiao":"Campina Grande","mesoregiao":"Agreste Paraibano"},"geometry":{"type":"Point","coordinates":[-36.3083826742,-7.2784648464]}},
{"type":"Feature","properties":{"fid":554,"proprietario":"I. Bernadino","orgao":"NAO INFORMADO","data_perfuracao":"2000-01-01","profundidade":12.0,"q_m3h":6.0,"equipamento":null,"municipio":"Boa Vista","microregiao":"Campina Grande","mesoregiao":"Agreste Paraibano"},"geometry":{"type":"Point","coordinates":[-36.3242157788,-7.2276304348]}},
{"type":"Feature","properties":{"fid":555,"proprietario":"Prefeitura","orgao":"CPRM","data_perfuracao":"1984-01-10","profundidade":60.0,"q_m3h":1.0,"equipamento":"CATAVENTO","municipio":"Fagundes","microregiao":"Campina Grande","mesoregiao":"Agreste Paraibano"},"geometry":{"type":"Point","coordinates":[-35.7711549227,-7.3592988712]}},
{"type":"Feature","properties":{"fid":556,"proprietario":"Prefeitura","orgao":"CPRM","data_perfuracao":"1984-01-10","profundidade":60.0,"q_m3h":1.0,"equipamento":"CATAVENTO","municipio":"Itatuba","microregiao":"Itabaiana","mesoregiao":"Agreste Paraibano"},"geometry":{"type":"Point","coordinates":[-35.6919882401,-7.3990212425]}},
{"type":"Feature","properties":{"fid":557,"proprietario":"Prefeitura","orgao":"CPRM","data_perfuracao":"1984-01-10","profundidade":15.0,"q_m3h":13.0,"equipamento":"MOTO-BOMBA","municipio":"Fagundes","microregiao":"Campina Grande","mesoregiao":"Agreste Paraibano"},"geometry":{"type":"Point","coordinates":[-35.7433776788,-7.3670769527]}},
{"type":"Feature","properties":{"fid":558,"proprietario":"Prefeitura","orgao":"CDRM","data_perfuracao":"1981-01-09","profundidade":6.0,"q_m3h":2.0,"equipamento":"MOTO-BOMBA","municipio":"Frei Martinho","microregiao":"Seridó Oriental Paraibano","mesoregiao":"Borborema"},"geometry":{"type":"Point","coordinates":[-36.4783836012,-6.4156799]}},
{"type":"Feature","properties":{"fid":559,"proprietario":"Prefeitura","orgao":"CDRM","data_perfuracao":"1983-01-08","profundidade":8.0,"q_m3h":3.0,"equipamento":"BOMBA CENTRÍFUGA","municipio":"Frei Martinho","microregiao":"Seridó Oriental Paraibano","mesoregiao":"Borborema"},"geometry":{"type":"Point","coordinates":[-36.4547714084,-6.4426241296]}},
{"type":"Feature","properties":{"fid":560,"proprietario":"Israel Silva","orgao":"CDRM","data_perfuracao":"1982-01-12","profundidade":50.0,"q_m3h":1.0,"equipamento":null,"municipio":"Campina Grande","microregiao":"Campina Grande","mesoregiao":"Agreste Paraibano"},"geometry":{"type":"Point","coordinates":[-36.0175460067,-7.1840193087]}},
{"type":"Feature","properties":{"fid":561,"proprietario":"R. Franca","orgao":"CDRM","data_perfuracao":"1982-01-08","profundidade":50.0,"q_m3h":1.0,"equipamento":null,"municipio":"Boa Vista","microregiao":"Campina Grande","mesoregiao":"Agreste Paraibano"},"geometry":{"type":"Point","coordinates":[-36.1894925813,-7.2354085925]}},
{"type":"Feature","properties":{"fid":562,"proprietario":"S. Soares","orgao":"CDRM","data_perfuracao":"1982-01-05","profundidade":50.0,"q_m3h":1.0,"equipamento":null,"municipio":"Boa Vista","microregiao":"Campina Grande","mesoregiao":"Agreste Paraibano"},"geometry":{"type":"Point","coordinates":[-36.143381166,-7.2309645904]}},
{"type":"Feature","properties":{"fid":563,"proprietario":"Fc.s.silva","orgao":"CDRM","data_perfuracao":"1982-01-05","profundidade":50.0,"q_m3h":1.0,"equipamento":null,"municipio":"Campina Grande","microregiao":"Campina Grande","mesoregiao":"Agreste Paraibano"},"geometry":{"type":"Point","coordinates":[-36.0197680981,-7.2842980998]}},
{"type":"Feature","properties":{"fid":564,"proprietario":"N.v.correia","orgao":"CDRM","data_perfuracao":"1981-01-11","profundidade":50.0,"q_m3h":1.0,"equipamento":"CATAVENTO","municipio":"Boa Vista","microregiao":"Campina Grande","mesoregiao":"Agreste Paraibano"},"geometry":{"type":"Point","coordinates":[-36.2456041247,-7.293742012]}},
{"type":"Feature","properties":{"fid":565,"proprietario":"Ant.gomes","orgao":"CDRM","data_perfuracao":"1983-01-04","profundidade":50.0,"q_m3h":1.0,"equipamento":null,"municipio":"Campina Grande","microregiao":"Campina Grande","mesoregiao":"Agreste Paraibano"},"geometry":{"type":"Point","coordinates":[-36.0472683682,-7.3173533411]}},
{"type":"Feature","properties":{"fid":566,"proprietario":"Prefeitura","orgao":"CDRM","data_perfuracao":"1985-01-07","profundidade":40.0,"q_m3h":4.0,"equipamento":"CATAVENTO","municipio":"Serra Branca","microregiao":"Cariri Ocidental","mesoregiao":"Borborema"},"geometry":{"type":"Point","coordinates":[-36.6022734216,-7.4526319975]}},
{"type":"Feature","properties":{"fid":567,"proprietario":"Prefeitura","orgao":"CDRM","data_perfuracao":"1985-01-10","profundidade":40.0,"q_m3h":2.0,"equipamento":"CATAVENTO","municipio":"Serra Branca","microregiao":"Cariri Ocidental","mesoregiao":"Borborema"},"geometry":{"type":"Point","coordinates":[-36.7408868175,-7.6670785653]}},
{"type":"Feature","properties":{"fid":568,"proprietario":"Prefeitura","orgao":"CDRM","data_perfuracao":"1986-01-07","profundidade":40.0,"q_m3h":1.0,"equipamento":null,"municipio":"Serra Branca","microregiao":"Cariri Ocidental","mesoregiao":"Borborema"},"geometry":{"type":"Point","coordinates":[-36.6958863394,-7.5654108079]}},
{"type":"Feature","properties":{"fid":569,"proprietario":"Prefeitura","orgao":"CDRM","data_perfuracao":"1987-01-10","profundidade":35.0,"q_m3h":1.0,"equipamento":"CATAVENTO","municipio":"São João do Cariri","microregiao":"Cariri Oriental","mesoregiao":"Borborema"},"geometry":{"type":"Point","coordinates":[-36.5225507915,-7.5587438868]}},
{"type":"Feature","properties":{"fid":570,"proprietario":"Prefeitura","orgao":"CDRM","data_perfuracao":"1987-01-10","profundidade":22.0,"q_m3h":3.0,"equipamento":"CATAVENTO","municipio":"Serra Branca","microregiao":"Cariri Ocidental","mesoregiao":"Borborema"},"geometry":{"type":"Point","coordinates":[-36.6336627036,-7.4562430024]}},
{"type":"Feature","properties":{"fid":571,"proprietario":"Prefeitura","orgao":"DNOCS","data_perfuracao":"1971-01-12","profundidade":25.0,"q_m3h":2.0,"equipamento":"CATAVENTO","municipio":"Serra Grande","microregiao":"Itaporanga","mesoregiao":"Sertão Paraibano"},"geometry":{"type":"Point","coordinates":[-38.3750668693,-7.2323509606]}},
{"type":"Feature","properties":{"fid":572,"proprietario":"Prefeitura","orgao":"CDEM","data_perfuracao":"1984-01-08","profundidade":40.0,"q_m3h":2.0,"equipamento":"CATAVENTO","municipio":"Serra Grande","microregiao":"Itaporanga","mesoregiao":"Sertão Paraibano"},"geometry":{"type":"Point","coordinates":[-38.3831229515,-7.2481850759]}},
{"type":"Feature","properties":{"fid":573,"proprietario":"G.lei.sobrinho","orgao":"EXERCITO","data_perfuracao":"1986-01-06","profundidade":10.0,"q_m3h":2.0,"equipamento":null,"municipio":"Serra Grande","microregiao":"Itaporanga","mesoregiao":"Sertão Paraibano"},"geometry":{"type":"Point","coordinates":[-38.3900670387,-7.2831853388]}},
{"type":"Feature","properties":{"fid":574,"proprietario":"Prefeitura","orgao":"CPRM","data_perfuracao":"1983-01-08","profundidade":60.0,"q_m3h":1.0,"equipamento":"CATAVENTO","municipio":"Pedra Lavrada","microregiao":"Seridó Oriental Paraibano","mesoregiao":"Borborema"},"geometry":{"type":"Point","coordinates":[-36.3281044562,-6.7115153504]}},
{"type":"Feature","properties":{"fid":575,"proprietario":"Prefeitura","orgao":"CDRM","data_perfuracao":"1986-01-05","profundidade":42.0,"q_m3h":3.0,"equipamento":"MOTO-BOMBA","municipio":"Nova Palmeira","microregiao":"Seridó Oriental Paraibano","mesoregiao":"Borborema"},"geometry":{"type":"Point","coordinates":[-36.5244951694,-6.6584597989]}},
{"type":"Feature","properties":{"fid":576,"proprietario":"Prefeitura","orgao":"CDRM","data_perfuracao":"1986-01-05","profundidade":40.0,"q_m3h":2.0,"equipamento":null,"municipio":"Nova Palmeira","microregiao":"Seridó Oriental Paraibano","mesoregiao":"Borborema"},"geometry":{"type":"Point","coordinates":[-36.3733828164,-6.6462368019]}},
{"type":"Feature","properties":{"fid":577,"proprietario":"P. C. Ferreira","orgao":"CONESP","data_perfuracao":"1971-01-12","profundidade":30.0,"q_m3h":5.0,"equipamento":"CATAVENTO","municipio":"Olho D'água","microregiao":"Piancó","mesoregiao":"Sertão Paraibano"},"geometry":{"type":"Point","coordinates":[-37.7806177057,-7.2784637633]}},
{"type":"Feature","properties":{"fid":578,"proprietario":"G. C. Almeida","orgao":"CONESP","data_perfuracao":"1977-01-03","profundidade":60.0,"q_m3h":2.0,"equipamento":"CATAVENTO","municipio":"Olho D'água","microregiao":"Piancó","mesoregiao":"Sertão Paraibano"},"geometry":{"type":"Point","coordinates":[-37.8453402913,-7.3020748969]}},
{"type":"Feature","properties":{"fid":579,"proprietario":"D. L. Ferreira","orgao":"DNOCS","data_perfuracao":"1976-01-07","profundidade":28.0,"q_m3h":2.0,"equipamento":"INJ. ELÉTRICA","municipio":"Olho D'água","microregiao":"Piancó","mesoregiao":"Sertão Paraibano"},"geometry":{"type":"Point","coordinates":[-37.6758947241,-7.1954071989]}},
{"type":"Feature","properties":{"fid":580,"proprietario":"Sev. Freitas","orgao":"NAO INFORMADO","data_perfuracao":"2000-01-01","profundidade":10.0,"q_m3h":2.0,"equipamento":null,"municipio":"Olho D'água","microregiao":"Piancó","mesoregiao":"Sertão Paraibano"},"geometry":{"type":"Point","coordinates":[-37.7553394445,-7.2259633765]}},
{"type":"Feature","properties":{"fid":581,"proprietario":"Prefeitura","orgao":"CDRM","data_perfuracao":"1982-01-02","profundidade":50.0,"q_m3h":1.0,"equipamento":"CATAVENTO","municipio":"Olho D'água","microregiao":"Piancó","mesoregiao":"Sertão Paraibano"},"geometry":{"type":"Point","coordinates":[-37.7714506533,-7.3156860576]}},
{"type":"Feature","properties":{"fid":582,"proprietario":"Prefeitura","orgao":"CDRM","data_perfuracao":"1982-01-09","profundidade":5.0,"q_m3h":2.0,"equipamento":"BOMBA CENTRÍFUGA","municipio":"Olho D'água","microregiao":"Piancó","mesoregiao":"Sertão Paraibano"},"geometry":{"type":"Point","coordinates":[-37.780061682,-7.2534635706]}},
{"type":"Feature","properties":{"fid":583,"proprietario":"Prefeitura","orgao":"CDRM","data_perfuracao":"1983-01-08","profundidade":7.0,"q_m3h":4.0,"equipamento":"BOMBA CENTRÍFUGA","municipio":"Olho D'água","microregiao":"Piancó","mesoregiao":"Sertão Paraibano"},"geometry":{"type":"Point","coordinates":[-37.7403393473,-7.2720747441]}},
{"type":"Feature","properties":{"fid":584,"proprietario":"Prefeitura","orgao":"CDRM","data_perfuracao":"1984-01-01","profundidade":40.0,"q_m3h":3.0,"equipamento":"MOTO-BOMBA","municipio":"Olho D'água","microregiao":"Piancó","mesoregiao":"Sertão Paraibano"},"geometry":{"type":"Point","coordinates":[-37.8047838529,-7.1917960756]}},
{"type":"Feature","properties":{"fid":585,"proprietario":"Prefeitura","orgao":"CDRM","data_perfuracao":"1984-01-01","profundidade":50.0,"q_m3h":1.0,"equipamento":"CATAVENTO","municipio":"Olho D'água","microregiao":"Piancó","mesoregiao":"Sertão Paraibano"},"geometry":{"type":"Point","coordinates":[-37.7047830553,-7.299018979]}},
{"type":"Feature","properties":{"fid":586,"proprietario":"A.v.dos Santos","orgao":"NAO INFORMADO","data_perfuracao":"1962-01-06","profundidade":29.0,"q_m3h":1.0,"equipamento":"CATAVENTO","municipio":"Prata","microregiao":"Cariri Ocidental","mesoregiao":"Borborema"},"geometry":{"type":"Point","coordinates":[-37.0417225409,-7.7354118624]}},
{"type":"Feature","properties":{"fid":587,"proprietario":"Jesse Lima","orgao":"NAO INFORMADO","data_perfuracao":"1962-01-08","profundidade":40.0,"q_m3h":1.0,"equipamento":null,"municipio":"Prata","microregiao":"Cariri Ocidental","mesoregiao":"Borborema"},"geometry":{"type":"Point","coordinates":[-37.0528335675,-7.6434671416]}},
{"type":"Feature","properties":{"fid":588,"proprietario":"E.n. De Farias","orgao":"NAO INFORMADO","data_perfuracao":"1962-01-05","profundidade":30.0,"q_m3h":2.0,"equipamento":"CATAVENTO","municipio":"Emas","microregiao":"Piancó","mesoregiao":"Sertão Paraibano"},"geometry":{"type":"Point","coordinates":[-37.7336721615,-7.1004064204]}},
{"type":"Feature","properties":{"fid":589,"proprietario":"J.s. Oliveiras","orgao":"DNOCS","data_perfuracao":"1970-01-11","profundidade":30.0,"q_m3h":2.0,"equipamento":"CATAVENTO","municipio":"Prata","microregiao":"Cariri Ocidental","mesoregiao":"Borborema"},"geometry":{"type":"Point","coordinates":[-37.1345013386,-7.7048555535]}},
{"type":"Feature","properties":{"fid":590,"proprietario":"Boaventura","orgao":"DNOCS","data_perfuracao":"1971-01-02","profundidade":20.0,"q_m3h":10.0,"equipamento":"INJ. ELÉTRICA","municipio":"Prata","microregiao":"Cariri Ocidental","mesoregiao":"Borborema"},"geometry":{"type":"Point","coordinates":[-37.0722777765,-7.6906894924]}},
{"type":"Feature","properties":{"fid":591,"proprietario":"Prefeitura","orgao":"DNOCS","data_perfuracao":"1961-01-11","profundidade":31.0,"q_m3h":7.0,"equipamento":"INJ. ELÉTRICA","municipio":"Passagem","microregiao":"Patos","mesoregiao":"Sertão Paraibano"},"geometry":{"type":"Point","coordinates":[-37.0795003824,-7.0795737316]}},
{"type":"Feature","properties":{"fid":592,"proprietario":"Prefeitura","orgao":"DNOCS","data_perfuracao":"1961-01-01","profundidade":48.0,"q_m3h":4.0,"equipamento":"INJ. ELÉTRICA","municipio":"Prata","microregiao":"Cariri Ocidental","mesoregiao":"Borborema"},"geometry":{"type":"Point","coordinates":[-37.083389878,-7.6945785138]}},
{"type":"Feature","properties":{"fid":593,"proprietario":"R. Oliveira","orgao":"CONESP","data_perfuracao":"1963-01-08","profundidade":35.0,"q_m3h":3.0,"equipamento":"CATAVENTO","municipio":"Prata","microregiao":"Cariri Ocidental","mesoregiao":"Borborema"},"geometry":{"type":"Point","coordinates":[-37.1195012298,-7.7354118016]}},
{"type":"Feature","properties":{"fid":594,"proprietario":"Jesse Lima","orgao":"DNOCS","data_perfuracao":"1975-01-08","profundidade":33.0,"q_m3h":1.0,"equipamento":null,"municipio":"Prata","microregiao":"Cariri Ocidental","mesoregiao":"Borborema"},"geometry":{"type":"Point","coordinates":[-37.0714448003,-7.7304118005]}},
{"type":"Feature","properties":{"fid":595,"proprietario":"P. P. Freitas","orgao":"DNOCS","data_perfuracao":"1971-01-01","profundidade":30.0,"q_m3h":2.0,"equipamento":"CATAVENTO","municipio":"Prata","microregiao":"Cariri Ocidental","mesoregiao":"Borborema"},"geometry":{"type":"Point","coordinates":[-37.1145011532,-7.6943004874]}},
{"type":"Feature","properties":{"fid":596,"proprietario":"Fc. Da Silva","orgao":"DNOCS","data_perfuracao":"1978-01-02","profundidade":20.0,"q_m3h":2.0,"equipamento":null,"municipio":"Prata","microregiao":"Cariri Ocidental","mesoregiao":"Borborema"},"geometry":{"type":"Point","coordinates":[-37.0853339233,-7.7304117896]}},
{"type":"Feature","properties":{"fid":597,"proprietario":"Fc.vasconcelos","orgao":"DNOCS","data_perfuracao":"1978-01-04","profundidade":31.0,"q_m3h":5.0,"equipamento":"CATAVENTO","municipio":"Prata","microregiao":"Cariri Ocidental","mesoregiao":"Borborema"},"geometry":{"type":"Point","coordinates":[-37.0503335995,-7.7129116815]}},
{"type":"Feature","properties":{"fid":598,"proprietario":"Sebt. Bezerra","orgao":"DNOCS","data_perfuracao":"1978-01-03","profundidade":20.0,"q_m3h":3.0,"equipamento":null,"municipio":"Prata","microregiao":"Cariri Ocidental","mesoregiao":"Borborema"},"geometry":{"type":"Point","coordinates":[-37.0370004445,-7.6656893261]}},
{"type":"Feature","properties":{"fid":599,"proprietario":"Jose E.filho","orgao":"DNOCS","data_perfuracao":"1971-01-01","profundidade":30.0,"q_m3h":4.0,"equipamento":"CATAVENTO","municipio":"Prata","microregiao":"Cariri Ocidental","mesoregiao":"Borborema"},"geometry":{"type":"Point","coordinates":[-37.102834061,-7.7084676062]}},
{"type":"Feature","properties":{"fid":600,"proprietario":"I. A. Da Silva","orgao":"DNOCS","data_perfuracao":"1978-01-04","profundidade":25.0,"q_m3h":5.0,"equipamento":"CATAVENTO","municipio":"Prata","microregiao":"Cariri Ocidental","mesoregiao":"Borborema"},"geometry":{"type":"Point","coordinates":[-37.0695007433,-7.6795784085]}},
{"type":"Feature","properties":{"fid":601,"proprietario":"Prefeitura","orgao":"CDRM","data_perfuracao":"1981-01-08","profundidade":50.0,"q_m3h":1.0,"equipamento":"CATAVENTO","municipio":"Prata","microregiao":"Cariri Ocidental","mesoregiao":"Borborema"},"geometry":{"type":"Point","coordinates":[-37.1128341431,-7.7001335339]}},
{"type":"Feature","properties":{"fid":602,"proprietario":"Prefeitura","orgao":"CDRM","data_perfuracao":"1982-01-06","profundidade":30.0,"q_m3h":3.0,"equipamento":"CATAVENTO","municipio":"Prata","microregiao":"Cariri Ocidental","mesoregiao":"Borborema"},"geometry":{"type":"Point","coordinates":[-37.0664446948,-7.6520781978]}},
{"type":"Feature","properties":{"fid":603,"proprietario":"Prefeitura","orgao":"CDRM","data_perfuracao":"1983-01-10","profundidade":50.0,"q_m3h":1.0,"equipamento":"CATAVENTO","municipio":"Monteiro","microregiao":"Cariri Ocidental","mesoregiao":"Borborema"},"geometry":{"type":"Point","coordinates":[-37.0336664636,-7.7279118106]}},
{"type":"Feature","properties":{"fid":604,"proprietario":"Prefeitura","orgao":"CONESP","data_perfuracao":"1984-01-01","profundidade":50.0,"q_m3h":1.0,"equipamento":null,"municipio":"Prata","microregiao":"Cariri Ocidental","mesoregiao":"Borborema"},"geometry":{"type":"Point","coordinates":[-37.0808898454,-7.6812444125]}},
{"type":"Feature","properties":{"fid":605,"proprietario":"Sebast. Felipe","orgao":"DNOCS","data_perfuracao":"1958-01-01","profundidade":20.0,"q_m3h":2.0,"equipamento":"CATAVENTO","municipio":"São João do Tigre","microregiao":"Cariri Ocidental","mesoregiao":"Borborema"},"geometry":{"type":"Point","coordinates":[-36.8492211142,-8.0868037313]}},
{"type":"Feature","properties":{"fid":606,"proprietario":"Paroquia","orgao":"DNOCS","data_perfuracao":"1958-01-01","profundidade":60.0,"q_m3h":2.0,"equipamento":null,"municipio":"São João do Tigre","microregiao":"Cariri Ocidental","mesoregiao":"Borborema"},"geometry":{"type":"Point","coordinates":[-36.849221111,-8.0829147013]}},
{"type":"Feature","properties":{"fid":607,"proprietario":"Sebast. Felipe","orgao":"CONESP","data_perfuracao":"1968-01-01","profundidade":55.0,"q_m3h":1.0,"equipamento":"CATAVENTO","municipio":"São João do Tigre","microregiao":"Cariri Ocidental","mesoregiao":"Borborema"},"geometry":{"type":"Point","coordinates":[-36.8492211156,-8.0884707441]}},
{"type":"Feature","properties":{"fid":608,"proprietario":"Luis Pereira","orgao":"EXERCITO","data_perfuracao":"1986-01-07","profundidade":50.0,"q_m3h":2.0,"equipamento":"CATAVENTO","municipio":"São José de Piranhas","microregiao":"Cajazeiras","mesoregiao":"Sertão Paraibano"},"geometry":{"type":"Point","coordinates":[-38.4006229583,-7.0540165723]}},
{"type":"Feature","properties":{"fid":609,"proprietario":"Prefeitura","orgao":"DNOCS","data_perfuracao":"1962-01-01","profundidade":50.0,"q_m3h":2.0,"equipamento":"CATAVENTO","municipio":"Ouro Velho","microregiao":"Cariri Ocidental","mesoregiao":"Borborema"},"geometry":{"type":"Point","coordinates":[-37.1503344143,-7.6223549027]}},
{"type":"Feature","properties":{"fid":610,"proprietario":"Rui Oliveira","orgao":"NAO INFORMADO","data_perfuracao":"1965-01-01","profundidade":47.0,"q_m3h":4.0,"equipamento":"CATAVENTO","municipio":"Ouro Velho","microregiao":"Cariri Ocidental","mesoregiao":"Borborema"},"geometry":{"type":"Point","coordinates":[-37.1539454276,-7.5981887128]}},
{"type":"Feature","properties":{"fid":611,"proprietario":"Delmiro Neto","orgao":"NAO INFORMADO","data_perfuracao":"1965-01-03","profundidade":25.0,"q_m3h":4.0,"equipamento":null,"municipio":"Prata","microregiao":"Cariri Ocidental","mesoregiao":"Borborema"},"geometry":{"type":"Point","coordinates":[-37.083666832,-7.6323550317]}},
{"type":"Feature","properties":{"fid":612,"proprietario":"Edson Neto","orgao":"NAO INFORMADO","data_perfuracao":"1965-01-07","profundidade":28.0,"q_m3h":4.0,"equipamento":null,"municipio":"Ouro Velho","microregiao":"Cariri Ocidental","mesoregiao":"Borborema"},"geometry":{"type":"Point","coordinates":[-37.152001434,-7.6287439509]}},
{"type":"Feature","properties":{"fid":613,"proprietario":"Jose Araujo","orgao":"NAO INFORMADO","data_perfuracao":"1965-01-06","profundidade":19.0,"q_m3h":6.0,"equipamento":null,"municipio":"Ouro Velho","microregiao":"Cariri Ocidental","mesoregiao":"Borborema"},"geometry":{"type":"Point","coordinates":[-37.1481123925,-7.6195778829]}},
{"type":"Feature","properties":{"fid":614,"proprietario":"Pedro S. Silva","orgao":"DNOCS","data_perfuracao":"1962-01-08","profundidade":30.0,"q_m3h":3.0,"equipamento":"CATAVENTO","municipio":"Ouro Velho","microregiao":"Cariri Ocidental","mesoregiao":"Borborema"},"geometry":{"type":"Point","coordinates":[-37.1795016831,-7.6362439877]}},
{"type":"Feature","properties":{"fid":615,"proprietario":"Prefeitura","orgao":"DNOCS","data_perfuracao":"1974-01-02","profundidade":20.0,"q_m3h":4.0,"equipamento":"INJ. ELÉTRICA","municipio":"Ouro Velho","microregiao":"Cariri Ocidental","mesoregiao":"Borborema"},"geometry":{"type":"Point","coordinates":[-37.1547784502,-7.6179108649]}},
{"type":"Feature","properties":{"fid":616,"proprietario":"Prefeitura","orgao":"DNOCS","data_perfuracao":"1974-01-04","profundidade":30.0,"q_m3h":1.0,"equipamento":null,"municipio":"Ouro Velho","microregiao":"Cariri Ocidental","mesoregiao":"Borborema"},"geometry":{"type":"Point","coordinates":[-37.1511674189,-7.6187438741]}},
{"type":"Feature","properties":{"fid":617,"proprietario":"Antonio Mariz","orgao":"DNOCS","data_perfuracao":"1979-01-10","profundidade":26.0,"q_m3h":3.0,"equipamento":"INJ. ELÉTRICA","municipio":"Ouro Velho","microregiao":"Cariri Ocidental","mesoregiao":"Borborema"},"geometry":{"type":"Point","coordinates":[-37.1233901707,-7.6156888719]}},
{"type":"Feature","properties":{"fid":618,"proprietario":"Antonio Mariz","orgao":"DNOCS","data_perfuracao":"1979-01-10","profundidade":22.0,"q_m3h":1.0,"equipamento":"CATAVENTO","municipio":"Ouro Velho","microregiao":"Cariri Ocidental","mesoregiao":"Borborema"},"geometry":{"type":"Point","coordinates":[-37.11950112,-7.5945777113]}},
{"type":"Feature","properties":{"fid":619,"proprietario":"Pedro P. Melo","orgao":"NAO INFORMADO","data_perfuracao":"2000-01-01","profundidade":21.0,"q_m3h":2.0,"equipamento":null,"municipio":"Ouro Velho","microregiao":"Cariri Ocidental","mesoregiao":"Borborema"},"geometry":{"type":"Point","coordinates":[-37.1056119692,-7.558466442]}},
{"type":"Feature","properties":{"fid":620,"proprietario":"Elisa Santos","orgao":"CONESP","data_perfuracao":"1963-01-08","profundidade":50.0,"q_m3h":1.0,"equipamento":"CATAVENTO","municipio":"Ouro Velho","microregiao":"Cariri Ocidental","mesoregiao":"Borborema"},"geometry":{"type":"Point","coordinates":[-37.1536674849,-7.6751333087]}},
{"type":"Feature","properties":{"fid":621,"proprietario":"Paulo Goes","orgao":"NAO INFORMADO","data_perfuracao":"1962-01-10","profundidade":14.0,"q_m3h":4.0,"equipamento":"INJ. ELÉTRICA","municipio":"Ouro Velho","microregiao":"Cariri Ocidental","mesoregiao":"Borborema"},"geometry":{"type":"Point","coordinates":[-37.0900558873,-7.6306890138]}},
{"type":"Feature","properties":{"fid":622,"proprietario":"Antonio Mariz","orgao":"DNOCS","data_perfuracao":"1979-01-12","profundidade":20.0,"q_m3h":4.0,"equipamento":"INJ. ELÉTRICA","municipio":"Ouro Velho","microregiao":"Cariri Ocidental","mesoregiao":"Borborema"},"geometry":{"type":"Point","coordinates":[-37.1278342073,-7.6120778405]}},
{"type":"Feature","properties":{"fid":623,"proprietario":"Fc. P. Silva","orgao":"DNOCS","data_perfuracao":"1974-01-06","profundidade":38.0,"q_m3h":1.0,"equipamento":null,"municipio":"Ouro Velho","microregiao":"Cariri Ocidental","mesoregiao":"Borborema"},"geometry":{"type":"Point","coordinates":[-37.1695015574,-7.5881886233]}},
{"type":"Feature","properties":{"fid":624,"proprietario":"Paulo Goes","orgao":"CARIRI","data_perfuracao":"1965-01-10","profundidade":15.0,"q_m3h":3.0,"equipamento":null,"municipio":"Ouro Velho","microregiao":"Cariri Ocidental","mesoregiao":"Borborema"},"geometry":{"type":"Point","coordinates":[-37.1020009629,-7.5917997032]}},
{"type":"Feature","properties":{"fid":625,"proprietario":"Prefeitura","orgao":"CDRM","data_perfuracao":"1982-01-03","profundidade":50.0,"q_m3h":1.0,"equipamento":"CATAVENTO","municipio":"Prata","microregiao":"Cariri Ocidental","mesoregiao":"Borborema"},"geometry":{"type":"Point","coordinates":[-37.1025560148,-7.652355172]}},
{"type":"Feature","properties":{"fid":626,"proprietario":"Prefeitura","orgao":"CDRM","data_perfuracao":"1982-01-09","profundidade":4.0,"q_m3h":2.0,"equipamento":"BOMBA CENTRÍFUGA","municipio":"Ouro Velho","microregiao":"Cariri Ocidental","mesoregiao":"Borborema"},"geometry":{"type":"Point","coordinates":[-37.1489453934,-7.6112438177]}},
{"type":"Feature","properties":{"fid":627,"proprietario":"Prefeitura","orgao":"NAO INFORMADO","data_perfuracao":"1961-01-01","profundidade":110.0,"q_m3h":4.0,"equipamento":null,"municipio":"Princesa Isabel","microregiao":"Serra do Teixeira","mesoregiao":"Sertão Paraibano"},"geometry":{"type":"Point","coordinates":[-37.9958979524,-7.7390221348]}},
{"type":"Feature","properties":{"fid":628,"proprietario":"Manoel Santos","orgao":"DNOCS","data_perfuracao":"1971-01-09","profundidade":35.0,"q_m3h":2.0,"equipamento":null,"municipio":"São José de Princesa","microregiao":"Serra do Teixeira","mesoregiao":"Sertão Paraibano"},"geometry":{"type":"Point","coordinates":[-38.0956208257,-7.7390220548]}},
{"type":"Feature","properties":{"fid":629,"proprietario":"Prefeitura","orgao":"CDRM","data_perfuracao":"1983-01-12","profundidade":50.0,"q_m3h":1.0,"equipamento":"MOTO-BOMBA","municipio":"Princesa Isabel","microregiao":"Serra do Teixeira","mesoregiao":"Sertão Paraibano"},"geometry":{"type":"Point","coordinates":[-38.0445092606,-7.59179897]}},
{"type":"Feature","properties":{"fid":630,"proprietario":"Prefeitura","orgao":"DNOCS","data_perfuracao":"1984-01-06","profundidade":48.0,"q_m3h":1.0,"equipamento":"CATAVENTO","municipio":"São José de Princesa","microregiao":"Serra do Teixeira","mesoregiao":"Sertão Paraibano"},"geometry":{"type":"Point","coordinates":[-38.097564843,-7.7393000554]}},
{"type":"Feature","properties":{"fid":631,"proprietario":"Sudene","orgao":"CONESP","data_perfuracao":"1984-01-02","profundidade":42.0,"q_m3h":1.0,"equipamento":null,"municipio":"São João do Tigre","microregiao":"Cariri Ocidental","mesoregiao":"Borborema"},"geometry":{"type":"Point","coordinates":[-36.675886507,-8.0065252507]}},
{"type":"Feature","properties":{"fid":632,"proprietario":"Sudene","orgao":"CONESP","data_perfuracao":"1984-01-02","profundidade":50.0,"q_m3h":1.0,"equipamento":"CATAVENTO","municipio":"São João do Tigre","microregiao":"Cariri Ocidental","mesoregiao":"Borborema"},"geometry":{"type":"Point","coordinates":[-36.6419972842,-8.1040260324]}},
{"type":"Feature","properties":{"fid":633,"proprietario":"Sudene","orgao":"CONESP","data_perfuracao":"1984-01-02","profundidade":42.0,"q_m3h":1.0,"equipamento":null,"municipio":"São João do Tigre","microregiao":"Cariri Ocidental","mesoregiao":"Borborema"},"geometry":{"type":"Point","coordinates":[-36.675886592,-8.1112480608]}},
{"type":"Feature","properties":{"fid":634,"proprietario":"Cagepa","orgao":"CDRM","data_perfuracao":"1986-01-08","profundidade":15.0,"q_m3h":10.0,"equipamento":null,"municipio":"São João do Tigre","microregiao":"Cariri Ocidental","mesoregiao":"Borborema"},"geometry":{"type":"Point","coordinates":[-36.8736652735,-8.0156921626]}},
{"type":"Feature","properties":{"fid":635,"proprietario":null,"orgao":"DNOCS","data_perfuracao":"1977-01-07","profundidade":50.0,"q_m3h":2.0,"equipamento":null,"municipio":"São José da Lagoa Tapada","microregiao":"Sousa","mesoregiao":"Sertão Paraibano"},"geometry":{"type":"Point","coordinates":[-38.1147863765,-6.9323488428]}},
{"type":"Feature","properties":{"fid":636,"proprietario":null,"orgao":"SUPLAN","data_perfuracao":"1963-01-04","profundidade":62.0,"q_m3h":5.0,"equipamento":"INJ. ELÉTRICA","municipio":"São José da Lagoa Tapada","microregiao":"Sousa","mesoregiao":"Sertão Paraibano"},"geometry":{"type":"Point","coordinates":[-38.1147864075,-6.9751271735]}},
{"type":"Feature","properties":{"fid":637,"proprietario":null,"orgao":"NAO INFORMADO","data_perfuracao":"1974-01-09","profundidade":25.0,"q_m3h":3.0,"equipamento":null,"municipio":"São José da Lagoa Tapada","microregiao":"Sousa","mesoregiao":"Sertão Paraibano"},"geometry":{"type":"Point","coordinates":[-38.1003422774,-6.9698491431]}},
{"type":"Feature","properties":{"fid":638,"proprietario":null,"orgao":"NAO INFORMADO","data_perfuracao":"1974-01-06","profundidade":28.0,"q_m3h":2.0,"equipamento":null,"municipio":"São José da Lagoa Tapada","microregiao":"Sousa","mesoregiao":"Sertão Paraibano"},"geometry":{"type":"Point","coordinates":[-38.1020092985,-6.9787382106]}},
{"type":"Feature","properties":{"fid":639,"proprietario":null,"orgao":"DNOCS","data_perfuracao":"1966-01-10","profundidade":50.0,"q_m3h":4.0,"equipamento":null,"municipio":"São José da Lagoa Tapada","microregiao":"Sousa","mesoregiao":"Sertão Paraibano"},"geometry":{"type":"Point","coordinates":[-38.1489536797,-6.9390158697]}},
{"type":"Feature","properties":{"fid":640,"proprietario":null,"orgao":"DNOCS","data_perfuracao":"1966-01-11","profundidade":35.0,"q_m3h":10.0,"equipamento":"INJ. ELÉTRICA","municipio":"São José da Lagoa Tapada","microregiao":"Sousa","mesoregiao":"Sertão Paraibano"},"geometry":{"type":"Point","coordinates":[-38.1445096341,-6.9295717999]}},
{"type":"Feature","properties":{"fid":641,"proprietario":null,"orgao":"DNOCS","data_perfuracao":"1974-01-05","profundidade":30.0,"q_m3h":3.0,"equipamento":"INJ. ELÉTRICA","municipio":"São José da Lagoa Tapada","microregiao":"Sousa","mesoregiao":"Sertão Paraibano"},"geometry":{"type":"Point","coordinates":[-38.1364535705,-6.9390158787]}},
{"type":"Feature","properties":{"fid":642,"proprietario":null,"orgao":"DNOCS","data_perfuracao":"1974-01-10","profundidade":29.0,"q_m3h":3.0,"equipamento":null,"municipio":"São José da Lagoa Tapada","microregiao":"Sousa","mesoregiao":"Sertão Paraibano"},"geometry":{"type":"Point","coordinates":[-38.2197872937,-6.9331827735]}},
{"type":"Feature","properties":{"fid":643,"proprietario":null,"orgao":"DNOCS","data_perfuracao":"1979-01-12","profundidade":26.0,"q_m3h":1.0,"equipamento":"CATAVENTO","municipio":"São José da Lagoa Tapada","microregiao":"Sousa","mesoregiao":"Sertão Paraibano"},"geometry":{"type":"Point","coordinates":[-38.0214525556,-6.9251268541]}},
{"type":"Feature","properties":{"fid":644,"proprietario":null,"orgao":"CAGEPA","data_perfuracao":"2000-01-01","profundidade":6.0,"q_m3h":1.0,"equipamento":"BOMBA CENTRÍFUGA","municipio":"São José da Lagoa Tapada","microregiao":"Sousa","mesoregiao":"Sertão Paraibano"},"geometry":{"type":"Point","coordinates":[-38.1647868179,-6.9390158582]}},
{"type":"Feature","properties":{"fid":645,"proprietario":null,"orgao":"CDRM","data_perfuracao":"1984-01-01","profundidade":40.0,"q_m3h":2.0,"equipamento":"MOTO-BOMBA","municipio":"Nazarezinho","microregiao":"Sousa","mesoregiao":"Sertão Paraibano"},"geometry":{"type":"Point","coordinates":[-38.2639547015,-6.9642939815]}},
{"type":"Feature","properties":{"fid":646,"proprietario":null,"orgao":"CDRM","data_perfuracao":"1984-01-04","profundidade":50.0,"q_m3h":2.0,"equipamento":"ELETRO-BOMBA","municipio":"São José da Lagoa Tapada","microregiao":"Sousa","mesoregiao":"Sertão Paraibano"},"geometry":{"type":"Point","coordinates":[-38.1372865875,-6.9523489812]}},
{"type":"Feature","properties":{"fid":647,"proprietario":"Paroquia","orgao":"DNOCS","data_perfuracao":"1967-01-10","profundidade":106.0,"q_m3h":2.0,"equipamento":"CATAVENTO","municipio":"Passagem","microregiao":"Patos","mesoregiao":"Sertão Paraibano"},"geometry":{"type":"Point","coordinates":[-37.0489441543,-7.1381852118]}},
{"type":"Feature","properties":{"fid":648,"proprietario":"Prefeitura","orgao":"CONESP","data_perfuracao":"1969-01-01","profundidade":60.0,"q_m3h":6.0,"equipamento":"CATAVENTO","municipio":"Areia de Baraúnas","microregiao":"Patos","mesoregiao":"Sertão Paraibano"},"geometry":{"type":"Point","coordinates":[-36.9503322706,-7.1234631677]}},
{"type":"Feature","properties":{"fid":649,"proprietario":"Inacio P.","orgao":"NAO INFORMADO","data_perfuracao":"1980-01-10","profundidade":10.0,"q_m3h":6.0,"equipamento":null,"municipio":"Passagem","microregiao":"Patos","mesoregiao":"Sertão Paraibano"},"geometry":{"type":"Point","coordinates":[-37.0489441527,-7.1359631944]}},
{"type":"Feature","properties":{"fid":650,"proprietario":"Prefeitura","orgao":"CDRM","data_perfuracao":"1982-01-05","profundidade":50.0,"q_m3h":3.0,"equipamento":"CATAVENTO","municipio":"Areia de Baraúnas","microregiao":"Patos","mesoregiao":"Sertão Paraibano"},"geometry":{"type":"Point","coordinates":[-36.975054506,-7.1462403281]}},
{"type":"Feature","properties":{"fid":651,"proprietario":"Prefeitura","orgao":"PF/CDRM","data_perfuracao":"1982-01-10","profundidade":5.0,"q_m3h":2.0,"equipamento":"BOMBA CENTRÍFUGA","municipio":"Areia de Baraúnas","microregiao":"Patos","mesoregiao":"Sertão Paraibano"},"geometry":{"type":"Point","coordinates":[-36.9519992896,-7.1292962121]}},
{"type":"Feature","properties":{"fid":652,"proprietario":"Prefeitura","orgao":"CDRM","data_perfuracao":"1983-01-02","profundidade":50.0,"q_m3h":1.0,"equipamento":"CATAVENTO","municipio":"Passagem","microregiao":"Patos","mesoregiao":"Sertão Paraibano"},"geometry":{"type":"Point","coordinates":[-37.0461661391,-7.1512403158]}},
{"type":"Feature","properties":{"fid":653,"proprietario":"Prefeitura","orgao":"CDRM","data_perfuracao":"1983-01-02","profundidade":28.0,"q_m3h":1.0,"equipamento":"CATAVENTO","municipio":"Areia de Baraúnas","microregiao":"Patos","mesoregiao":"Sertão Paraibano"},"geometry":{"type":"Point","coordinates":[-36.985332576,-7.1170740925]}},
{"type":"Feature","properties":{"fid":654,"proprietario":"Prefeitura","orgao":"CDRM","data_perfuracao":"1984-01-08","profundidade":40.0,"q_m3h":3.0,"equipamento":"MOTO-BOMBA","municipio":"Passagem","microregiao":"Patos","mesoregiao":"Sertão Paraibano"},"geometry":{"type":"Point","coordinates":[-37.0567221755,-7.0720736893]}},
{"type":"Feature","properties":{"fid":655,"proprietario":"Cagepa","orgao":"CDRM","data_perfuracao":"1986-01-06","profundidade":9.0,"q_m3h":6.0,"equipamento":null,"municipio":"Passagem","microregiao":"Patos","mesoregiao":"Sertão Paraibano"},"geometry":{"type":"Point","coordinates":[-37.0531111889,-7.1351291849]}},
{"type":"Feature","properties":{"fid":656,"proprietario":"Cagepa","orgao":"CDRM","data_perfuracao":"1986-01-06","profundidade":8.0,"q_m3h":6.0,"equipamento":null,"municipio":"Passagem","microregiao":"Patos","mesoregiao":"Sertão Paraibano"},"geometry":{"type":"Point","coordinates":[-37.0506111664,-7.1345741824]}},
{"type":"Feature","properties":{"fid":657,"proprietario":"Adalto Pereira","orgao":"NAO INFORMADO","data_perfuracao":"1967-01-01","profundidade":31.0,"q_m3h":3.0,"equipamento":"BOMBA MANUAL","municipio":"Patos","microregiao":"Patos","mesoregiao":"Sertão Paraibano"},"geometry":{"type":"Point","coordinates":[-37.22505658,-6.9554056571]}},
{"type":"Feature","properties":{"fid":658,"proprietario":"Joao Terezo","orgao":"CONESP","data_perfuracao":"1969-01-01","profundidade":28.0,"q_m3h":7.0,"equipamento":null,"municipio":"Patos","microregiao":"Patos","mesoregiao":"Sertão Paraibano"},"geometry":{"type":"Point","coordinates":[-37.3895030276,-6.9517945124]}},
{"type":"Feature","properties":{"fid":659,"proprietario":"Darc. Nobrega","orgao":"DNOCS","data_perfuracao":"1968-01-01","profundidade":38.0,"q_m3h":2.0,"equipamento":null,"municipio":"Patos","microregiao":"Patos","mesoregiao":"Sertão Paraibano"},"geometry":{"type":"Point","coordinates":[-37.3017243187,-7.0426282838]}},
{"type":"Feature","properties":{"fid":660,"proprietario":"Albertourquiza","orgao":"DNOCS","data_perfuracao":"1975-01-07","profundidade":29.0,"q_m3h":2.0,"equipamento":"CATAVENTO","municipio":"São José de Espinharas","microregiao":"Patos","mesoregiao":"Sertão Paraibano"},"geometry":{"type":"Point","coordinates":[-37.4064471599,-6.927905314]}},
{"type":"Feature","properties":{"fid":661,"proprietario":"Albertourquiza","orgao":"DNOCS","data_perfuracao":"1975-01-08","profundidade":30.0,"q_m3h":4.0,"equipamento":"CATAVENTO","municipio":"Patos","microregiao":"Patos","mesoregiao":"Sertão Paraibano"},"geometry":{"type":"Point","coordinates":[-37.4106141974,-6.9290163197]}},
{"type":"Feature","properties":{"fid":662,"proprietario":"Luzia Queiroz","orgao":"DNOCS","data_perfuracao":"1977-01-05","profundidade":33.0,"q_m3h":3.0,"equipamento":"CATAVENTO","municipio":"Patos","microregiao":"Patos","mesoregiao":"Sertão Paraibano"},"geometry":{"type":"Point","coordinates":[-37.3278355193,-7.0012389422]}},
{"type":"Feature","properties":{"fid":663,"proprietario":"C. Souza","orgao":"DNOCS","data_perfuracao":"1966-01-03","profundidade":86.0,"q_m3h":7.0,"equipamento":null,"municipio":"Patos","microregiao":"Patos","mesoregiao":"Sertão Paraibano"},"geometry":{"type":"Point","coordinates":[-37.2692240345,-7.0462393353]}},
{"type":"Feature","properties":{"fid":664,"proprietario":"Seu Dao Ltda","orgao":"DNOCS","data_perfuracao":"1977-01-08","profundidade":40.0,"q_m3h":1.0,"equipamento":null,"municipio":"Patos","microregiao":"Patos","mesoregiao":"Sertão Paraibano"},"geometry":{"type":"Point","coordinates":[-37.2511678551,-7.0181841292]}},
{"type":"Feature","properties":{"fid":665,"proprietario":"Jose Gomes","orgao":"DNOCS","data_perfuracao":"1975-01-10","profundidade":25.0,"q_m3h":5.0,"equipamento":"INJ. ELÉTRICA","municipio":"Patos","microregiao":"Patos","mesoregiao":"Sertão Paraibano"},"geometry":{"type":"Point","coordinates":[-37.2836681355,-7.0092950366]}},
{"type":"Feature","properties":{"fid":666,"proprietario":"Suplan","orgao":"DNOCS","data_perfuracao":"1977-01-10","profundidade":40.0,"q_m3h":2.0,"equipamento":"INJ. ELÉTRICA","municipio":"Patos","microregiao":"Patos","mesoregiao":"Sertão Paraibano"},"geometry":{"type":"Point","coordinates":[-37.2822791689,-7.072906534]}},
{"type":"Feature","properties":{"fid":667,"proprietario":"Fc. Vigorvino","orgao":"CONESP","data_perfuracao":"1977-01-02","profundidade":61.0,"q_m3h":12.0,"equipamento":"INJ. ELÉTRICA","municipio":"Monteiro","microregiao":"Cariri Ocidental","mesoregiao":"Borborema"},"geometry":{"type":"Point","coordinates":[-37.2364464421,-7.9570804182]}},
{"type":"Feature","properties":{"fid":668,"proprietario":"Prefeitura","orgao":"CONESP","data_perfuracao":"1977-01-02","profundidade":61.0,"q_m3h":1.0,"equipamento":null,"municipio":"Patos","microregiao":"Patos","mesoregiao":"Sertão Paraibano"},"geometry":{"type":"Point","coordinates":[-37.2642239665,-7.0129060786]}},
{"type":"Feature","properties":{"fid":669,"proprietario":"Manoel Lucena","orgao":"CONESP","data_perfuracao":"1977-01-02","profundidade":48.0,"q_m3h":5.0,"equipamento":"INJ. ELÉTRICA","municipio":"Patos","microregiao":"Patos","mesoregiao":"Sertão Paraibano"},"geometry":{"type":"Point","coordinates":[-37.3933920625,-6.9526275162]}},
{"type":"Feature","properties":{"fid":670,"proprietario":"J. Macario","orgao":"CONESP","data_perfuracao":"1968-01-01","profundidade":60.0,"q_m3h":1.0,"equipamento":"CATAVENTO","municipio":"Quixaba","microregiao":"Patos","mesoregiao":"Sertão Paraibano"},"geometry":{"type":"Point","coordinates":[-37.167001126,-7.0379063433]}},
{"type":"Feature","properties":{"fid":671,"proprietario":"Prefeitura","orgao":"CONESP","data_perfuracao":"1974-01-01","profundidade":50.0,"q_m3h":2.0,"equipamento":"INJ. ELÉTRICA","municipio":"Quixaba","microregiao":"Patos","mesoregiao":"Sertão Paraibano"},"geometry":{"type":"Point","coordinates":[-37.1483899582,-7.0331843197]}},
{"type":"Feature","properties":{"fid":672,"proprietario":"Alcidescandeia","orgao":"CONESP","data_perfuracao":"1976-01-12","profundidade":58.0,"q_m3h":3.0,"equipamento":"CATAVENTO","municipio":"Quixaba","microregiao":"Patos","mesoregiao":"Sertão Paraibano"},"geometry":{"type":"Point","coordinates":[-37.1439449167,-7.030128299]}},
{"type":"Feature","properties":{"fid":673,"proprietario":"Prefeitura","orgao":"CDRM","data_perfuracao":"1983-01-07","profundidade":40.0,"q_m3h":1.0,"equipamento":"INJ. ELÉTRICA","municipio":"Passagem","microregiao":"Patos","mesoregiao":"Sertão Paraibano"},"geometry":{"type":"Point","coordinates":[-37.0825554088,-7.0787397229]}},
{"type":"Feature","properties":{"fid":674,"proprietario":"Prefeitura","orgao":"CDRM","data_perfuracao":"1983-01-03","profundidade":48.0,"q_m3h":2.0,"equipamento":"CATAVENTO","municipio":"Quixaba","microregiao":"Patos","mesoregiao":"Sertão Paraibano"},"geometry":{"type":"Point","coordinates":[-37.1453339254,-7.0251282589]}},
{"type":"Feature","properties":{"fid":675,"proprietario":"S.cesarqueiroz","orgao":"CDRM","data_perfuracao":"1984-01-02","profundidade":40.0,"q_m3h":2.0,"equipamento":"CATAVENTO","municipio":"Quixaba","microregiao":"Patos","mesoregiao":"Sertão Paraibano"},"geometry":{"type":"Point","coordinates":[-37.0836663896,-7.0381844049]}},
{"type":"Feature","properties":{"fid":676,"proprietario":"Prefeitura","orgao":"CDRM","data_perfuracao":"1984-01-06","profundidade":40.0,"q_m3h":2.0,"equipamento":"CATAVENTO","municipio":"Quixaba","microregiao":"Patos","mesoregiao":"Sertão Paraibano"},"geometry":{"type":"Point","coordinates":[-37.148666963,-7.0365173456]}},
{"type":"Feature","properties":{"fid":677,"proprietario":"Prefeitura","orgao":"CDRM","data_perfuracao":"1984-01-06","profundidade":40.0,"q_m3h":2.0,"equipamento":"CATAVENTO","municipio":"São Mamede","microregiao":"Seridó Ocidental Paraibano","mesoregiao":"Borborema"},"geometry":{"type":"Point","coordinates":[-37.1039445479,-7.0087391601]}},
{"type":"Feature","properties":{"fid":678,"proprietario":"Prefeitura","orgao":"CDRM","data_perfuracao":"1985-01-05","profundidade":50.0,"q_m3h":1.0,"equipamento":"CATAVENTO","municipio":"Quixaba","microregiao":"Patos","mesoregiao":"Sertão Paraibano"},"geometry":{"type":"Point","coordinates":[-37.1450559255,-7.0287392873]}},
{"type":"Feature","properties":{"fid":679,"proprietario":"Prefeitura","orgao":"CDRM","data_perfuracao":"1985-01-05","profundidade":40.0,"q_m3h":3.0,"equipamento":"MOTO-BOMBA","municipio":"Quixaba","microregiao":"Patos","mesoregiao":"Sertão Paraibano"},"geometry":{"type":"Point","coordinates":[-37.2181125856,-7.0492953958]}},
{"type":"Feature","properties":{"fid":680,"proprietario":null,"orgao":"CDRM","data_perfuracao":"1984-01-06","profundidade":40.0,"q_m3h":2.0,"equipamento":"CATAVENTO","municipio":"São José da Lagoa Tapada","microregiao":"Sousa","mesoregiao":"Sertão Paraibano"},"geometry":{"type":"Point","coordinates":[-38.110342358,-6.9604050629]}},
{"type":"Feature","properties":{"fid":681,"proprietario":null,"orgao":"DNOCS","data_perfuracao":"1985-01-08","profundidade":50.0,"q_m3h":3.0,"equipamento":"CATAVENTO","municipio":"São José da Lagoa Tapada","microregiao":"Sousa","mesoregiao":"Sertão Paraibano"},"geometry":{"type":"Point","coordinates":[-38.1128423752,-6.9540160117]}},
{"type":"Feature","properties":{"fid":682,"proprietario":null,"orgao":"DNOCS","data_perfuracao":"1985-01-10","profundidade":48.0,"q_m3h":5.0,"equipamento":"CATAVENTO","municipio":"São José da Lagoa Tapada","microregiao":"Sousa","mesoregiao":"Sertão Paraibano"},"geometry":{"type":"Point","coordinates":[-38.1192314489,-6.9787381981]}},
{"type":"Feature","properties":{"fid":683,"proprietario":null,"orgao":"DNOCS","data_perfuracao":"1985-01-08","profundidade":50.0,"q_m3h":1.0,"equipamento":"CATAVENTO","municipio":"São José da Lagoa Tapada","microregiao":"Sousa","mesoregiao":"Sertão Paraibano"},"geometry":{"type":"Point","coordinates":[-38.1586757425,-6.9084606265]}},
{"type":"Feature","properties":{"fid":684,"proprietario":null,"orgao":"DNOCS","data_perfuracao":"1985-01-08","profundidade":45.0,"q_m3h":2.0,"equipamento":"CATAVENTO","municipio":"São José da Lagoa Tapada","microregiao":"Sousa","mesoregiao":"Sertão Paraibano"},"geometry":{"type":"Point","coordinates":[-38.238121455,-6.9351267752]}},
{"type":"Feature","properties":{"fid":685,"proprietario":null,"orgao":"CDRM","data_perfuracao":"1985-01-12","profundidade":40.0,"q_m3h":2.0,"equipamento":"CATAVENTO","municipio":"São José da Lagoa Tapada","microregiao":"Sousa","mesoregiao":"Sertão Paraibano"},"geometry":{"type":"Point","coordinates":[-38.2047871668,-6.9387378272]}},
{"type":"Feature","properties":{"fid":686,"proprietario":"Prefeitura","orgao":"DNOCS","data_perfuracao":"1969-01-01","profundidade":50.0,"q_m3h":5.0,"equipamento":"INJ. ELÉTRICA","municipio":"São José de Caiana","microregiao":"Itaporanga","mesoregiao":"Sertão Paraibano"},"geometry":{"type":"Point","coordinates":[-38.3011772378,-7.2490181444]}},
{"type":"Feature","properties":{"fid":687,"proprietario":"Prefeitura","orgao":"CDRM","data_perfuracao":"1981-01-06","profundidade":50.0,"q_m3h":2.0,"equipamento":"CATAVENTO","municipio":"São José de Caiana","microregiao":"Itaporanga","mesoregiao":"Sertão Paraibano"},"geometry":{"type":"Point","coordinates":[-38.3042332598,-7.2429070951]}},
{"type":"Feature","properties":{"fid":688,"proprietario":"P.c.de Souza","orgao":"EXERCITO","data_perfuracao":"1986-01-11","profundidade":50.0,"q_m3h":2.0,"equipamento":"CATAVENTO","municipio":"São José de Caiana","microregiao":"Itaporanga","mesoregiao":"Sertão Paraibano"},"geometry":{"type":"Point","coordinates":[-38.3036772776,-7.2726293236]}},
{"type":"Feature","properties":{"fid":689,"proprietario":"Franc.joaquim","orgao":"EXERCITO","data_perfuracao":"1986-01-11","profundidade":50.0,"q_m3h":2.0,"equipamento":"CATAVENTO","municipio":"São José de Caiana","microregiao":"Itaporanga","mesoregiao":"Sertão Paraibano"},"geometry":{"type":"Point","coordinates":[-38.2886771319,-7.2531851858]}},
{"type":"Feature","properties":{"fid":690,"proprietario":"J.rodrigues S.","orgao":"EXERCITO","data_perfuracao":"1986-01-11","profundidade":50.0,"q_m3h":1.0,"equipamento":"CATAVENTO","municipio":"São José de Caiana","microregiao":"Itaporanga","mesoregiao":"Sertão Paraibano"},"geometry":{"type":"Point","coordinates":[-38.3253444053,-7.1917956869]}},
{"type":"Feature","properties":{"fid":691,"proprietario":"Mozart Nobrega","orgao":"DNOCS","data_perfuracao":"1967-01-11","profundidade":36.0,"q_m3h":4.0,"equipamento":"CATAVENTO","municipio":"São José de Espinharas","microregiao":"Patos","mesoregiao":"Sertão Paraibano"},"geometry":{"type":"Point","coordinates":[-37.3667247642,-6.8629048342]}},
{"type":"Feature","properties":{"fid":692,"proprietario":"Ant. Wanderley","orgao":"DNOCS","data_perfuracao":"1967-01-08","profundidade":32.0,"q_m3h":5.0,"equipamento":"BOMBA SUBMERSA","municipio":"São José de Espinharas","microregiao":"Patos","mesoregiao":"Sertão Paraibano"},"geometry":{"type":"Point","coordinates":[-37.3067241635,-6.7592930648]}},
{"type":"Feature","properties":{"fid":693,"proprietario":"Severino Ayres","orgao":"DNOCS","data_perfuracao":"1967-01-12","profundidade":27.0,"q_m3h":4.0,"equipamento":"BOMBA MANUAL","municipio":"São José de Espinharas","microregiao":"Patos","mesoregiao":"Sertão Paraibano"},"geometry":{"type":"Point","coordinates":[-37.364779651,-6.7242927507]}},
{"type":"Feature","properties":{"fid":694,"proprietario":"Ant. A. Silva","orgao":"DNOCS","data_perfuracao":"1978-01-10","profundidade":45.0,"q_m3h":1.0,"equipamento":"CATAVENTO","municipio":"Juru","microregiao":"Serra do Teixeira","mesoregiao":"Sertão Paraibano"},"geometry":{"type":"Point","coordinates":[-37.7531177107,-7.5990212541]}},
{"type":"Feature","properties":{"fid":695,"proprietario":"Prefeitura","orgao":"DNOCS","data_perfuracao":"1978-01-07","profundidade":35.0,"q_m3h":3.0,"equipamento":"CATAVENTO","municipio":"Juru","microregiao":"Serra do Teixeira","mesoregiao":"Sertão Paraibano"},"geometry":{"type":"Point","coordinates":[-37.8806187899,-7.5479097619]}},
{"type":"Feature","properties":{"fid":696,"proprietario":"Ant. A. Silva","orgao":"DNOCS","data_perfuracao":"1980-01-06","profundidade":10.0,"q_m3h":3.0,"equipamento":"INJ. ELÉTRICA","municipio":"Juru","microregiao":"Serra do Teixeira","mesoregiao":"Sertão Paraibano"},"geometry":{"type":"Point","coordinates":[-37.7664508244,-7.5945772095]}},
{"type":"Feature","properties":{"fid":697,"proprietario":"Ant. A. Silva","orgao":"DNOCS","data_perfuracao":"1980-01-12","profundidade":25.0,"q_m3h":3.0,"equipamento":"CATAVENTO","municipio":"Água Branca","microregiao":"Serra do Teixeira","mesoregiao":"Sertão Paraibano"},"geometry":{"type":"Point","coordinates":[-37.7364505499,-7.5806881262]}},
{"type":"Feature","properties":{"fid":698,"proprietario":"Prefeitura","orgao":"CDRM","data_perfuracao":"1984-01-01","profundidade":40.0,"q_m3h":10.0,"equipamento":"MOTO-BOMBA","municipio":"Juru","microregiao":"Serra do Teixeira","mesoregiao":"Sertão Paraibano"},"geometry":{"type":"Point","coordinates":[-37.8803407875,-7.5479097621]}},
{"type":"Feature","properties":{"fid":699,"proprietario":"Prefeitura","orgao":"DNOCS","data_perfuracao":"1984-01-06","profundidade":48.0,"q_m3h":2.0,"equipamento":"CATAVENTO","municipio":"Juru","microregiao":"Serra do Teixeira","mesoregiao":"Sertão Paraibano"},"geometry":{"type":"Point","coordinates":[-37.8356184112,-7.5684659549]}},
{"type":"Feature","properties":{"fid":700,"proprietario":"Prefeitura","orgao":"DNOCS","data_perfuracao":"1984-01-08","profundidade":36.0,"q_m3h":36.0,"equipamento":"CATAVENTO","municipio":"Juru","microregiao":"Serra do Teixeira","mesoregiao":"Sertão Paraibano"},"geometry":{"type":"Point","coordinates":[-37.8364514117,-7.5598538881]}},
{"type":"Feature","properties":{"fid":701,"proprietario":"Prefeitura","orgao":"DNOCS","data_perfuracao":"1984-01-08","profundidade":51.0,"q_m3h":4.0,"equipamento":"CATAVENTO","municipio":"Juru","microregiao":"Serra do Teixeira","mesoregiao":"Sertão Paraibano"},"geometry":{"type":"Point","coordinates":[-37.7892289924,-7.5537428779]}},
{"type":"Feature","properties":{"fid":702,"proprietario":"Prefeitura","orgao":"DNOCS","data_perfuracao":"1955-01-01","profundidade":33.0,"q_m3h":7.0,"equipamento":null,"municipio":"Lagoa","microregiao":"Catolé do Rocha","mesoregiao":"Sertão Paraibano"},"geometry":{"type":"Point","coordinates":[-37.9150623897,-6.5892913193]}},
{"type":"Feature","properties":{"fid":703,"proprietario":"Prefeitura","orgao":"NAO INFORMADO","data_perfuracao":"1961-01-01","profundidade":3.0,"q_m3h":7.0,"equipamento":"INJ. ELÉTRICA","municipio":"Lagoa","microregiao":"Catolé do Rocha","mesoregiao":"Sertão Paraibano"},"geometry":{"type":"Point","coordinates":[-37.9170074084,-6.5917913374]}},
{"type":"Feature","properties":{"fid":704,"proprietario":"Prefeitura","orgao":"NAO INFORMADO","data_perfuracao":"1981-01-01","profundidade":10.0,"q_m3h":7.0,"equipamento":null,"municipio":"Lagoa","microregiao":"Catolé do Rocha","mesoregiao":"Sertão Paraibano"},"geometry":{"type":"Point","coordinates":[-37.9170074054,-6.5873463028]}},
{"type":"Feature","properties":{"fid":705,"proprietario":"Prefeitura","orgao":"CONESP","data_perfuracao":"1984-01-07","profundidade":52.0,"q_m3h":2.0,"equipamento":"MOTO-BOMBA","municipio":"Lagoa","microregiao":"Catolé do Rocha","mesoregiao":"Sertão Paraibano"},"geometry":{"type":"Point","coordinates":[-37.9050623041,-6.5920693478]}},
{"type":"Feature","properties":{"fid":706,"proprietario":"Cagepa","orgao":"CDRM","data_perfuracao":"1985-01-08","profundidade":12.0,"q_m3h":5.0,"equipamento":null,"municipio":"Lagoa","microregiao":"Catolé do Rocha","mesoregiao":"Sertão Paraibano"},"geometry":{"type":"Point","coordinates":[-37.9170074041,-6.5854022876]}},
{"type":"Feature","properties":{"fid":707,"proprietario":"Cagepa","orgao":"CDRM","data_perfuracao":"1985-01-09","profundidade":10.0,"q_m3h":5.0,"equipamento":null,"municipio":"Lagoa","microregiao":"Catolé do Rocha","mesoregiao":"Sertão Paraibano"},"geometry":{"type":"Point","coordinates":[-37.9181184142,-6.5859582912]}},
{"type":"Feature","properties":{"fid":708,"proprietario":"Prefeitura","orgao":"CPRM","data_perfuracao":"1984-01-11","profundidade":60.0,"q_m3h":2.0,"equipamento":"ELETRO-BOMBA","municipio":"Lagoa de Dentro","microregiao":"Guarabira","mesoregiao":"Agreste Paraibano"},"geometry":{"type":"Point","coordinates":[-35.3794849586,-6.7142939961]}},
{"type":"Feature","properties":{"fid":709,"proprietario":"Albertourquiza","orgao":"CONESP","data_perfuracao":"2000-01-01","profundidade":28.0,"q_m3h":7.0,"equipamento":null,"municipio":"São José de Espinharas","microregiao":"Patos","mesoregiao":"Sertão Paraibano"},"geometry":{"type":"Point","coordinates":[-37.389503016,-6.9354053845]}},
{"type":"Feature","properties":{"fid":710,"proprietario":"Adauto Pereira","orgao":"NAO INFORMADO","data_perfuracao":"1967-01-01","profundidade":31.0,"q_m3h":1.0,"equipamento":"CATAVENTO","municipio":"Patos","microregiao":"Patos","mesoregiao":"Sertão Paraibano"},"geometry":{"type":"Point","coordinates":[-37.278391082,-6.9995729644]}},
{"type":"Feature","properties":{"fid":711,"proprietario":"Prefeitura","orgao":"CDRM","data_perfuracao":"1982-01-05","profundidade":40.0,"q_m3h":1.0,"equipamento":"CATAVENTO","municipio":"Patos","microregiao":"Patos","mesoregiao":"Sertão Paraibano"},"geometry":{"type":"Point","coordinates":[-37.4242253189,-6.9312383274]}},
{"type":"Feature","properties":{"fid":712,"proprietario":"Prefeitura","orgao":"CDRM","data_perfuracao":"1984-01-09","profundidade":39.0,"q_m3h":5.0,"equipamento":"CATAVENTO","municipio":"Patos","microregiao":"Patos","mesoregiao":"Sertão Paraibano"},"geometry":{"type":"Point","coordinates":[-37.3575578004,-7.027906129]}},
{"type":"Feature","properties":{"fid":713,"proprietario":"Prefeitura","orgao":"CDRM","data_perfuracao":"1985-01-11","profundidade":40.0,"q_m3h":2.0,"equipamento":"CATAVENTO","municipio":"Quixaba","microregiao":"Patos","mesoregiao":"Sertão Paraibano"},"geometry":{"type":"Point","coordinates":[-37.07700033,-7.0373504031]}},
{"type":"Feature","properties":{"fid":714,"proprietario":"Prefeitura","orgao":"CDRM","data_perfuracao":"1987-01-12","profundidade":40.0,"q_m3h":2.0,"equipamento":null,"municipio":"Algodão de Jandaíra","microregiao":"Curimataú Ocidental","mesoregiao":"Agreste Paraibano"},"geometry":{"type":"Point","coordinates":[-36.0136567795,-6.9067951131]}},
{"type":"Feature","properties":{"fid":715,"proprietario":"Prefeitura","orgao":"DNOCS","data_perfuracao":"1977-01-12","profundidade":10.0,"q_m3h":4.0,"equipamento":null,"municipio":"Catolé do Rocha","microregiao":"Catolé do Rocha","mesoregiao":"Sertão Paraibano"},"geometry":{"type":"Point","coordinates":[-37.7436718094,-6.4715125147]}},
{"type":"Feature","properties":{"fid":716,"proprietario":"Gilda Medeiros","orgao":"DNOCS","data_perfuracao":"1956-01-10","profundidade":21.0,"q_m3h":1.0,"equipamento":"CATAVENTO","municipio":"Malta","microregiao":"Sousa","mesoregiao":"Sertão Paraibano"},"geometry":{"type":"Point","coordinates":[-37.5125590473,-6.8617937232]}},
{"type":"Feature","properties":{"fid":717,"proprietario":"D. Wanderley","orgao":"DNOCS","data_perfuracao":"1968-01-01","profundidade":31.0,"q_m3h":3.0,"equipamento":"CATAVENTO","municipio":"São José de Espinharas","microregiao":"Patos","mesoregiao":"Sertão Paraibano"},"geometry":{"type":"Point","coordinates":[-37.4381143518,-6.804015324]}},
{"type":"Feature","properties":{"fid":718,"proprietario":"D.w. Nobrega","orgao":"DNOCS","data_perfuracao":"1967-01-01","profundidade":20.0,"q_m3h":2.0,"equipamento":"CATAVENTO","municipio":"São José de Espinharas","microregiao":"Patos","mesoregiao":"Sertão Paraibano"},"geometry":{"type":"Point","coordinates":[-37.3081132698,-6.8945721229]}},
{"type":"Feature","properties":{"fid":719,"proprietario":"Mozart Nobrega","orgao":"DNOCS","data_perfuracao":"1967-01-01","profundidade":23.0,"q_m3h":3.0,"equipamento":null,"municipio":"São José de Espinharas","microregiao":"Patos","mesoregiao":"Sertão Paraibano"},"geometry":{"type":"Point","coordinates":[-37.3664467591,-6.859015804]}},
{"type":"Feature","properties":{"fid":720,"proprietario":"Edmilson Lucio","orgao":"DNOCS","data_perfuracao":"1965-01-11","profundidade":21.0,"q_m3h":4.0,"equipamento":"CATAVENTO","municipio":"São José de Espinharas","microregiao":"Patos","mesoregiao":"Sertão Paraibano"},"geometry":{"type":"Point","coordinates":[-37.4553365794,-6.912349158]}},
{"type":"Feature","properties":{"fid":721,"proprietario":"Severino Ayres","orgao":"DNOCS","data_perfuracao":"1967-01-10","profundidade":20.0,"q_m3h":2.0,"equipamento":"CATAVENTO","municipio":"São José de Espinharas","microregiao":"Patos","mesoregiao":"Sertão Paraibano"},"geometry":{"type":"Point","coordinates":[-37.3936689309,-6.7612370201]}},
{"type":"Feature","properties":{"fid":722,"proprietario":"Severino Ayres","orgao":"DNOCS","data_perfuracao":"1967-01-12","profundidade":25.0,"q_m3h":2.0,"equipamento":"CATAVENTO","municipio":"São José de Espinharas","microregiao":"Patos","mesoregiao":"Sertão Paraibano"},"geometry":{"type":"Point","coordinates":[-37.3845028455,-6.7545709743]}},
{"type":"Feature","properties":{"fid":723,"proprietario":"A.w. Nobrega","orgao":"DNOCS","data_perfuracao":"1967-01-10","profundidade":23.0,"q_m3h":6.0,"equipamento":"CATAVENTO","municipio":"São José de Espinharas","microregiao":"Patos","mesoregiao":"Sertão Paraibano"},"geometry":{"type":"Point","coordinates":[-37.3981140738,-6.9098491789]}},
{"type":"Feature","properties":{"fid":724,"proprietario":"Prefeitura","orgao":"DNOCS","data_perfuracao":"1968-01-12","profundidade":72.0,"q_m3h":1.0,"equipamento":"CATAVENTO","municipio":"São José de Espinharas","microregiao":"Patos","mesoregiao":"Sertão Paraibano"},"geometry":{"type":"Point","coordinates":[-37.3258913948,-6.8492937563]}},
{"type":"Feature","properties":{"fid":725,"proprietario":"Fc. Lucio","orgao":"DNOCS","data_perfuracao":"1967-01-04","profundidade":33.0,"q_m3h":2.0,"equipamento":null,"municipio":"São José de Espinharas","microregiao":"Patos","mesoregiao":"Sertão Paraibano"},"geometry":{"type":"Point","coordinates":[-37.4475584902,-6.8829049337]}},
{"type":"Feature","properties":{"fid":726,"proprietario":"Gilda Medeiros","orgao":"DNOCS","data_perfuracao":"1966-01-11","profundidade":17.0,"q_m3h":5.0,"equipamento":null,"municipio":"Malta","microregiao":"Sousa","mesoregiao":"Sertão Paraibano"},"geometry":{"type":"Point","coordinates":[-37.5075590029,-6.8612377224]}},
{"type":"Feature","properties":{"fid":727,"proprietario":"D. Wanderley","orgao":"DNOCS","data_perfuracao":"1969-01-06","profundidade":32.0,"q_m3h":3.0,"equipamento":null,"municipio":"São José de Espinharas","microregiao":"Patos","mesoregiao":"Sertão Paraibano"},"geometry":{"type":"Point","coordinates":[-37.4778367187,-6.8287374895]}},
{"type":"Feature","properties":{"fid":728,"proprietario":"Edmilson Lucio","orgao":"DNOCS","data_perfuracao":"1967-01-12","profundidade":13.0,"q_m3h":4.0,"equipamento":"CATAVENTO","municipio":"Patos","microregiao":"Patos","mesoregiao":"Sertão Paraibano"},"geometry":{"type":"Point","coordinates":[-37.4503365456,-6.9267942743]}},
{"type":"Feature","properties":{"fid":729,"proprietario":"Edmilson Lucio","orgao":"DNOCS","data_perfuracao":"1967-01-11","profundidade":20.0,"q_m3h":4.0,"equipamento":"BOMBA MANUAL","municipio":"São José de Espinharas","microregiao":"Patos","mesoregiao":"Sertão Paraibano"},"geometry":{"type":"Point","coordinates":[-37.4567255905,-6.9106831441]}},
{"type":"Feature","properties":{"fid":730,"proprietario":"A.w. Nobrega","orgao":"DNOCS","data_perfuracao":"1967-01-08","profundidade":42.0,"q_m3h":6.0,"equipamento":null,"municipio":"São José de Espinharas","microregiao":"Patos","mesoregiao":"Sertão Paraibano"},"geometry":{"type":"Point","coordinates":[-37.4089471721,-6.9140162038]}},
{"type":"Feature","properties":{"fid":731,"proprietario":"Armando G.melo","orgao":"DNOCS","data_perfuracao":"1967-01-01","profundidade":10.0,"q_m3h":6.0,"equipamento":null,"municipio":"São José de Espinharas","microregiao":"Patos","mesoregiao":"Sertão Paraibano"},"geometry":{"type":"Point","coordinates":[-37.4092250659,-6.7584599877]}},
{"type":"Feature","properties":{"fid":732,"proprietario":"Prefeitura","orgao":"CONESP","data_perfuracao":"1970-01-01","profundidade":45.0,"q_m3h":4.0,"equipamento":"INJ. ELÉTRICA","municipio":"Lastro","microregiao":"Sousa","mesoregiao":"Sertão Paraibano"},"geometry":{"type":"Point","coordinates":[-38.1778426351,-6.5156795673]}},
{"type":"Feature","properties":{"fid":733,"proprietario":"Manoel Filho","orgao":"DNOCS","data_perfuracao":"1974-01-12","profundidade":40.0,"q_m3h":1.0,"equipamento":"INJ. ELÉTRICA","municipio":"Lastro","microregiao":"Sousa","mesoregiao":"Sertão Paraibano"},"geometry":{"type":"Point","coordinates":[-38.1742316052,-6.5179015871]}},
{"type":"Feature","properties":{"fid":734,"proprietario":"Valdemar Sena","orgao":"DNOCS","data_perfuracao":"1972-01-11","profundidade":50.0,"q_m3h":1.0,"equipamento":"INJ. ELÉTRICA","municipio":"Lastro","microregiao":"Sousa","mesoregiao":"Sertão Paraibano"},"geometry":{"type":"Point","coordinates":[-38.1864537078,-6.5120685334]}},
{"type":"Feature","properties":{"fid":735,"proprietario":"A. G. Abrantes","orgao":"DNOCS","data_perfuracao":"1975-01-05","profundidade":16.0,"q_m3h":3.0,"equipamento":null,"municipio":"Lastro","microregiao":"Sousa","mesoregiao":"Sertão Paraibano"},"geometry":{"type":"Point","coordinates":[-38.1889537415,-6.5295686678]}},
{"type":"Feature","properties":{"fid":736,"proprietario":"Prefeitura","orgao":"CDRM","data_perfuracao":"1981-01-12","profundidade":6.0,"q_m3h":2.0,"equipamento":"BOMBA CENTRÍFUGA","municipio":"Lastro","microregiao":"Sousa","mesoregiao":"Sertão Paraibano"},"geometry":{"type":"Point","coordinates":[-38.2136759385,-6.5023454393]}},
{"type":"Feature","properties":{"fid":737,"proprietario":"Prefeitura","orgao":"P./CDRM","data_perfuracao":"1982-01-01","profundidade":6.0,"q_m3h":5.0,"equipamento":"BOMBA CENTRÍFUGA","municipio":"Lastro","microregiao":"Sousa","mesoregiao":"Sertão Paraibano"},"geometry":{"type":"Point","coordinates":[-38.1733986028,-6.5251236438]}},
{"type":"Feature","properties":{"fid":738,"proprietario":"Prefeitura","orgao":"DNOCS","data_perfuracao":"1984-01-06","profundidade":51.0,"q_m3h":2.0,"equipamento":"CATAVENTO","municipio":"Lastro","microregiao":"Sousa","mesoregiao":"Sertão Paraibano"},"geometry":{"type":"Point","coordinates":[-38.1564534533,-6.5226236359]}},
{"type":"Feature","properties":{"fid":739,"proprietario":"Prefeitura","orgao":"DNOCS","data_perfuracao":"1984-01-06","profundidade":51.0,"q_m3h":2.0,"equipamento":"CATAVENTO","municipio":"Vieirópolis","microregiao":"Sousa","mesoregiao":"Sertão Paraibano"},"geometry":{"type":"Point","coordinates":[-38.2203429968,-6.502623437]}},
{"type":"Feature","properties":{"fid":740,"proprietario":"Prefeitura","orgao":"CDRM","data_perfuracao":"1986-01-07","profundidade":30.0,"q_m3h":4.0,"equipamento":"ELETRO-BOMBA","municipio":"Patos","microregiao":"Patos","mesoregiao":"Sertão Paraibano"},"geometry":{"type":"Point","coordinates":[-37.2361676633,-6.9345724863]}},
{"type":"Feature","properties":{"fid":741,"proprietario":"Prefeitura","orgao":"CDRM","data_perfuracao":"1986-01-07","profundidade":30.0,"q_m3h":2.0,"equipamento":"ELETRO-BOMBA","municipio":"Patos","microregiao":"Patos","mesoregiao":"Sertão Paraibano"},"geometry":{"type":"Point","coordinates":[-37.2400566961,-6.9323494662]}},
{"type":"Feature","properties":{"fid":742,"proprietario":"Marcello Benigno","orgao":"DNOCS","data_perfuracao":"1984-07-02","profundidade":150.0,"q_m3h":6.7,"equipamento":null,"municipio":"João Pessoa","microregiao":"João Pessoa","mesoregiao":"Litoral Paraibano"},"geometry":{"type":"Point","coordinates":[-34.8572774057,-7.1303559065]}},
{"type":"Feature","properties":{"fid":743,"proprietario":"Prefeitura","orgao":"CONESP","data_perfuracao":"2000-01-01","profundidade":40.0,"q_m3h":6.0,"equipamento":"INJ. ELÉTRICA","municipio":"Salgadinho","microregiao":"Seridó Ocidental Paraibano","mesoregiao":"Borborema"},"geometry":{"type":"Point","coordinates":[-36.8472753438,-7.1048510957]}},
{"type":"Feature","properties":{"fid":744,"proprietario":"Pref/cagepa","orgao":"NAO INFORMADO","data_perfuracao":"1970-01-01","profundidade":4.0,"q_m3h":1.0,"equipamento":"INJ. ELÉTRICA","municipio":"Salgadinho","microregiao":"Seridó Ocidental Paraibano","mesoregiao":"Borborema"},"geometry":{"type":"Point","coordinates":[-36.7758866796,-7.0615178065]}},
{"type":"Feature","properties":{"fid":745,"proprietario":"Prefeitura","orgao":"CDRM","data_perfuracao":"1983-01-07","profundidade":50.0,"q_m3h":1.0,"equipamento":null,"municipio":"Salgadinho","microregiao":"Seridó Ocidental Paraibano","mesoregiao":"Borborema"},"geometry":{"type":"Point","coordinates":[-36.8019979473,-7.1120741847]}},
{"type":"Feature","properties":{"fid":746,"proprietario":"Prefeitura","orgao":"CDRM","data_perfuracao":"1983-01-07","profundidade":40.0,"q_m3h":2.0,"equipamento":"MOTO-BOMBA","municipio":"Salgadinho","microregiao":"Seridó Ocidental Paraibano","mesoregiao":"Borborema"},"geometry":{"type":"Point","coordinates":[-36.9092209037,-7.1198511689]}},
{"type":"Feature","properties":{"fid":747,"proprietario":"Prefeitura","orgao":"CONESP","data_perfuracao":"1984-01-03","profundidade":50.0,"q_m3h":1.0,"equipamento":"CATAVENTO","municipio":"Salgadinho","microregiao":"Seridó Ocidental Paraibano","mesoregiao":"Borborema"},"geometry":{"type":"Point","coordinates":[-36.7878308163,-7.104574136]}},
{"type":"Feature","properties":{"fid":748,"proprietario":"Prefeitura","orgao":"CONESP","data_perfuracao":"1984-01-03","profundidade":45.0,"q_m3h":3.0,"equipamento":"CATAVENTO","municipio":"Salgadinho","microregiao":"Seridó Ocidental Paraibano","mesoregiao":"Borborema"},"geometry":{"type":"Point","coordinates":[-36.7878307964,-7.076795918]}},
{"type":"Feature","properties":{"fid":749,"proprietario":"Prefeitura","orgao":"CDRM","data_perfuracao":"1986-01-12","profundidade":50.0,"q_m3h":1.0,"equipamento":"CATAVENTO","municipio":"Salgadinho","microregiao":"Seridó Ocidental Paraibano","mesoregiao":"Borborema"},"geometry":{"type":"Point","coordinates":[-36.7683866144,-7.0634628271]}},
{"type":"Feature","properties":{"fid":750,"proprietario":"Prefeitura","orgao":"CDRM","data_perfuracao":"1985-01-12","profundidade":40.0,"q_m3h":1.0,"equipamento":"CATAVENTO","municipio":"São José de Espinharas","microregiao":"Patos","mesoregiao":"Sertão Paraibano"},"geometry":{"type":"Point","coordinates":[-37.3489466351,-6.9020721528]}},
{"type":"Feature","properties":{"fid":751,"proprietario":"Oscar Silva","orgao":"CONESP","data_perfuracao":"1967-01-04","profundidade":46.0,"q_m3h":1.0,"equipamento":"CATAVENTO","municipio":"Livramento","microregiao":"Cariri Ocidental","mesoregiao":"Borborema"},"geometry":{"type":"Point","coordinates":[-36.865609663,-7.320130767]}},
{"type":"Feature","properties":{"fid":752,"proprietario":"Antonio Filho","orgao":"DNOCS","data_perfuracao":"1967-01-04","profundidade":33.0,"q_m3h":2.0,"equipamento":"CATAVENTO","municipio":"Livramento","microregiao":"Cariri Ocidental","mesoregiao":"Borborema"},"geometry":{"type":"Point","coordinates":[-36.9942217985,-7.3140196245]}},
{"type":"Feature","properties":{"fid":753,"proprietario":"Prefeitura","orgao":"CONESP","data_perfuracao":"1966-01-03","profundidade":50.0,"q_m3h":1.0,"equipamento":"CATAVENTO","municipio":"Livramento","microregiao":"Cariri Ocidental","mesoregiao":"Borborema"},"geometry":{"type":"Point","coordinates":[-36.9453324114,-7.3759651437]}},
{"type":"Feature","properties":{"fid":754,"proprietario":"Clovis Almeida","orgao":"DNOCS","data_perfuracao":"2000-01-01","profundidade":10.0,"q_m3h":1.0,"equipamento":null,"municipio":"Livramento","microregiao":"Cariri Ocidental","mesoregiao":"Borborema"},"geometry":{"type":"Point","coordinates":[-36.9475544298,-7.3742981291]}},
{"type":"Feature","properties":{"fid":755,"proprietario":"Prefeitura","orgao":"DNOCS","data_perfuracao":"1967-01-10","profundidade":59.0,"q_m3h":4.0,"equipamento":null,"municipio":"Livramento","microregiao":"Cariri Ocidental","mesoregiao":"Borborema"},"geometry":{"type":"Point","coordinates":[-36.9478324329,-7.3751311353]}},
{"type":"Feature","properties":{"fid":756,"proprietario":"Prefeitura","orgao":"CDRM","data_perfuracao":"1983-01-10","profundidade":40.0,"q_m3h":2.0,"equipamento":"CATAVENTO","municipio":"Livramento","microregiao":"Cariri Ocidental","mesoregiao":"Borborema"},"geometry":{"type":"Point","coordinates":[-36.8567206043,-7.3473529862]}},
{"type":"Feature","properties":{"fid":757,"proprietario":"Prefeitura","orgao":"CDRM","data_perfuracao":"1983-01-06","profundidade":50.0,"q_m3h":1.0,"equipamento":"CATAVENTO","municipio":"Livramento","microregiao":"Cariri Ocidental","mesoregiao":"Borborema"},"geometry":{"type":"Point","coordinates":[-36.9389432979,-7.2992975504]}},
{"type":"Feature","properties":{"fid":758,"proprietario":"Sudene","orgao":"CONESP","data_perfuracao":"1984-01-04","profundidade":60.0,"q_m3h":2.0,"equipamento":"CATAVENTO","municipio":"Livramento","microregiao":"Cariri Ocidental","mesoregiao":"Borborema"},"geometry":{"type":"Point","coordinates":[-37.0061659123,-7.3248527001]}},
{"type":"Feature","properties":{"fid":759,"proprietario":"Prefeitura","orgao":"DNOCS","data_perfuracao":"1971-01-03","profundidade":125.0,"q_m3h":53.0,"equipamento":"BOMBA SUBMERSA","municipio":"Lucena","microregiao":"João Pessoa","mesoregiao":"Litoral Paraibano"},"geometry":{"type":"Point","coordinates":[-34.8619804131,-6.9117959231]}},
{"type":"Feature","properties":{"fid":760,"proprietario":"Prefeitura","orgao":"CONESP","data_perfuracao":"2000-01-01","profundidade":120.0,"q_m3h":17.0,"equipamento":"BOMBA SUBMERSA","municipio":"Lucena","microregiao":"João Pessoa","mesoregiao":"Litoral Paraibano"},"geometry":{"type":"Point","coordinates":[-34.8575354109,-6.9692963891]}},
{"type":"Feature","properties":{"fid":761,"proprietario":"Cia.p.n.brasil","orgao":"DNOCS","data_perfuracao":"1975-01-09","profundidade":98.0,"q_m3h":51.0,"equipamento":"BOMBA SUBMERSA","municipio":"Lucena","microregiao":"João Pessoa","mesoregiao":"Litoral Paraibano"},"geometry":{"type":"Point","coordinates":[-34.8586464215,-6.9701293951]}},
{"type":"Feature","properties":{"fid":762,"proprietario":"F.s.s.publica","orgao":"DNOCS","data_perfuracao":"1978-01-02","profundidade":100.0,"q_m3h":35.0,"equipamento":"BOMBA SUBMERSA","municipio":"Lucena","microregiao":"João Pessoa","mesoregiao":"Litoral Paraibano"},"geometry":{"type":"Point","coordinates":[-34.8658694559,-6.9231850122]}},
{"type":"Feature","properties":{"fid":763,"proprietario":"F.s.s.publica","orgao":"DNOCS","data_perfuracao":"1977-01-11","profundidade":91.0,"q_m3h":30.0,"equipamento":"BOMBA SUBMERSA","municipio":"Lucena","microregiao":"João Pessoa","mesoregiao":"Litoral Paraibano"},"geometry":{"type":"Point","coordinates":[-34.8697574986,-6.9345741014]}},
{"type":"Feature","properties":{"fid":764,"proprietario":"Prefeitura","orgao":"CDRM","data_perfuracao":"1982-01-08","profundidade":99.0,"q_m3h":1.0,"equipamento":"MOTO-BOMBA","municipio":"Santa Rita","microregiao":"João Pessoa","mesoregiao":"Litoral Paraibano"},"geometry":{"type":"Point","coordinates":[-34.9886475601,-6.9120738418]}},
{"type":"Feature","properties":{"fid":765,"proprietario":"Prefeitura","orgao":"CDRM","data_perfuracao":"1983-01-01","profundidade":66.0,"q_m3h":2.0,"equipamento":"MOTO-BOMBA","municipio":"Lucena","microregiao":"João Pessoa","mesoregiao":"Litoral Paraibano"},"geometry":{"type":"Point","coordinates":[-34.8894806666,-6.9184629587]}},
{"type":"Feature","properties":{"fid":766,"proprietario":"Usina Santana","orgao":"CDRM","data_perfuracao":"1984-01-01","profundidade":78.0,"q_m3h":3.0,"equipamento":"MOTO-BOMBA","municipio":"Lucena","microregiao":"João Pessoa","mesoregiao":"Litoral Paraibano"},"geometry":{"type":"Point","coordinates":[-34.9383700948,-6.8965177497]}},
{"type":"Feature","properties":{"fid":767,"proprietario":"Prefeitura","orgao":"DNOCS","data_perfuracao":"1967-01-12","profundidade":62.0,"q_m3h":1.0,"equipamento":"INJ. ELÉTRICA","municipio":"Mãe D'água","microregiao":"Patos","mesoregiao":"Sertão Paraibano"},"geometry":{"type":"Point","coordinates":[-37.425892573,-7.2609638923]}},
{"type":"Feature","properties":{"fid":768,"proprietario":"Eneas Silveira","orgao":"DNOCS","data_perfuracao":"1964-01-09","profundidade":74.0,"q_m3h":4.0,"equipamento":"CATAVENTO","municipio":"Mãe D'água","microregiao":"Patos","mesoregiao":"Sertão Paraibano"},"geometry":{"type":"Point","coordinates":[-37.3970032723,-7.1987404304]}},
{"type":"Feature","properties":{"fid":769,"proprietario":"Nabor Wanderly","orgao":"DNOCS","data_perfuracao":"1968-01-02","profundidade":67.0,"q_m3h":2.0,"equipamento":null,"municipio":"Mãe D'água","microregiao":"Patos","mesoregiao":"Sertão Paraibano"},"geometry":{"type":"Point","coordinates":[-37.392558245,-7.2148515588]}},
{"type":"Feature","properties":{"fid":770,"proprietario":"S.s.dos Santos","orgao":"PREFEITURA","data_perfuracao":"1980-01-10","profundidade":5.0,"q_m3h":2.0,"equipamento":"INJ. ELÉTRICA","municipio":"Mãe D'água","microregiao":"Patos","mesoregiao":"Sertão Paraibano"},"geometry":{"type":"Point","coordinates":[-37.3986692842,-7.1948513989]}},
{"type":"Feature","properties":{"fid":771,"proprietario":"Justino Caval.","orgao":"NAO INFORMADO","data_perfuracao":"1975-01-11","profundidade":4.0,"q_m3h":2.0,"equipamento":null,"municipio":"Paulista","microregiao":"Sousa","mesoregiao":"Sertão Paraibano"},"geometry":{"type":"Point","coordinates":[-37.5553372129,-6.5556803]}},
{"type":"Feature","properties":{"fid":772,"proprietario":"Prefeitura","orgao":"CDRM","data_perfuracao":"1984-01-04","profundidade":50.0,"q_m3h":1.0,"equipamento":"CATAVENTO","municipio":"Paulista","microregiao":"Sousa","mesoregiao":"Sertão Paraibano"},"geometry":{"type":"Point","coordinates":[-37.6003376724,-6.6504030111]}},
{"type":"Feature","properties":{"fid":773,"proprietario":"Prefeitura","orgao":"CDRM","data_perfuracao":"1986-01-04","profundidade":6.0,"q_m3h":25.0,"equipamento":null,"municipio":"Paulista","microregiao":"Sousa","mesoregiao":"Sertão Paraibano"},"geometry":{"type":"Point","coordinates":[-37.6358939544,-6.6059586393]}},
{"type":"Feature","properties":{"fid":774,"proprietario":"Prefeitura","orgao":"CONESP","data_perfuracao":"1970-01-01","profundidade":60.0,"q_m3h":1.0,"equipamento":"INJ. ELÉTRICA","municipio":"Pedra Branca","microregiao":"Itaporanga","mesoregiao":"Sertão Paraibano"},"geometry":{"type":"Point","coordinates":[-38.0664533245,-7.4279086965]}},
{"type":"Feature","properties":{"fid":775,"proprietario":"Prefeitura","orgao":"CDRM","data_perfuracao":"1981-01-12","profundidade":50.0,"q_m3h":2.0,"equipamento":"CATAVENTO","municipio":"Pedra Branca","microregiao":"Itaporanga","mesoregiao":"Sertão Paraibano"},"geometry":{"type":"Point","coordinates":[-38.1039536683,-7.4481868231]}},
{"type":"Feature","properties":{"fid":776,"proprietario":"Prefeitura","orgao":"CDRM","data_perfuracao":"1981-01-11","profundidade":9.0,"q_m3h":2.0,"equipamento":"CATAVENTO","municipio":"Pedra Branca","microregiao":"Itaporanga","mesoregiao":"Sertão Paraibano"},"geometry":{"type":"Point","coordinates":[-38.084509449,-7.38457535]}},
{"type":"Feature","properties":{"fid":777,"proprietario":"Prefeitura","orgao":"CDRM","data_perfuracao":"1983-01-07","profundidade":10.0,"q_m3h":2.0,"equipamento":"CATAVENTO","municipio":"Pedra Branca","microregiao":"Itaporanga","mesoregiao":"Sertão Paraibano"},"geometry":{"type":"Point","coordinates":[-38.0533982096,-7.4270757002]}},
{"type":"Feature","properties":{"fid":778,"proprietario":"Prefeitura","orgao":"CDRM","data_perfuracao":"1983-01-07","profundidade":12.0,"q_m3h":3.0,"equipamento":"INJ. ELÉTRICA","municipio":"Nova Olinda","microregiao":"Piancó","mesoregiao":"Sertão Paraibano"},"geometry":{"type":"Point","coordinates":[-38.0503421923,-7.4392977964]}},
{"type":"Feature","properties":{"fid":779,"proprietario":"Prefeitura","orgao":"CDRM","data_perfuracao":"1983-01-08","profundidade":11.0,"q_m3h":3.0,"equipamento":"MOTO-BOMBA","municipio":"Pedra Branca","microregiao":"Itaporanga","mesoregiao":"Sertão Paraibano"},"geometry":{"type":"Point","coordinates":[-38.0661753188,-7.4237416648]}},
{"type":"Feature","properties":{"fid":780,"proprietario":"Prefeitura","orgao":"CDRM","data_perfuracao":"1983-01-07","profundidade":50.0,"q_m3h":4.0,"equipamento":"CATAVENTO","municipio":"Pedra Branca","microregiao":"Itaporanga","mesoregiao":"Sertão Paraibano"},"geometry":{"type":"Point","coordinates":[-38.0931205815,-7.4584649104]}},
{"type":"Feature","properties":{"fid":781,"proprietario":"Prefeitura","orgao":"CDEM","data_perfuracao":"1983-01-07","profundidade":40.0,"q_m3h":12.0,"equipamento":"CATAVENTO","municipio":"Pedra Branca","microregiao":"Itaporanga","mesoregiao":"Sertão Paraibano"},"geometry":{"type":"Point","coordinates":[-38.0964535794,-7.4181865988]}},
{"type":"Feature","properties":{"fid":782,"proprietario":"Prefeitura","orgao":"CDRM","data_perfuracao":"1983-01-12","profundidade":9.0,"q_m3h":6.0,"equipamento":"CATAVENTO","municipio":"Pedra Branca","microregiao":"Itaporanga","mesoregiao":"Sertão Paraibano"},"geometry":{"type":"Point","coordinates":[-38.0742313457,-7.3670752235]}},
{"type":"Feature","properties":{"fid":783,"proprietario":"Prefeitura","orgao":"CDRM","data_perfuracao":"1984-01-10","profundidade":40.0,"q_m3h":3.0,"equipamento":"CATAVENTO","municipio":"Pedra Branca","microregiao":"Itaporanga","mesoregiao":"Sertão Paraibano"},"geometry":{"type":"Point","coordinates":[-38.0886755131,-7.4204086219]}},
{"type":"Feature","properties":{"fid":784,"proprietario":"Seb. Tiburcio","orgao":"GPTE","data_perfuracao":"1966-01-03","profundidade":60.0,"q_m3h":2.0,"equipamento":"CATAVENTO","municipio":"Pedra Lavrada","microregiao":"Seridó Oriental Paraibano","mesoregiao":"Borborema"},"geometry":{"type":"Point","coordinates":[-36.2583818383,-6.7170714409]}},
{"type":"Feature","properties":{"fid":785,"proprietario":"Seb. Tiburcio","orgao":"CIDAGRO","data_perfuracao":"1979-01-11","profundidade":70.0,"q_m3h":1.0,"equipamento":"CATAVENTO","municipio":"Pedra Lavrada","microregiao":"Seridó Oriental Paraibano","mesoregiao":"Borborema"},"geometry":{"type":"Point","coordinates":[-36.2908821312,-6.7217934568]}},
{"type":"Feature","properties":{"fid":786,"proprietario":"Prefeitura","orgao":"DNOCS","data_perfuracao":"1960-01-01","profundidade":60.0,"q_m3h":1.0,"equipamento":null,"municipio":"Pedra Lavrada","microregiao":"Seridó Oriental Paraibano","mesoregiao":"Borborema"},"geometry":{"type":"Point","coordinates":[-36.4719947694,-6.7587376286]}},
{"type":"Feature","properties":{"fid":787,"proprietario":"Manoel Dantas","orgao":"CONESP","data_perfuracao":"1976-01-11","profundidade":51.0,"q_m3h":1.0,"equipamento":null,"municipio":"Pedra Lavrada","microregiao":"Seridó Oriental Paraibano","mesoregiao":"Borborema"},"geometry":{"type":"Point","coordinates":[-36.3628268182,-6.7898489487]}},
{"type":"Feature","properties":{"fid":788,"proprietario":"Fc. F. Andrade","orgao":"DNOCS","data_perfuracao":"1977-01-04","profundidade":30.0,"q_m3h":3.0,"equipamento":null,"municipio":"Santa Cruz","microregiao":"Sousa","mesoregiao":"Sertão Paraibano"},"geometry":{"type":"Point","coordinates":[-38.0697856974,-6.5234577011]}},
{"type":"Feature","properties":{"fid":789,"proprietario":"Erasmo Silva","orgao":"CONESP","data_perfuracao":"1976-01-12","profundidade":43.0,"q_m3h":2.0,"equipamento":"BOMBA MANUAL","municipio":"Santa Cruz","microregiao":"Sousa","mesoregiao":"Sertão Paraibano"},"geometry":{"type":"Point","coordinates":[-38.0664526866,-6.5504019132]}},
{"type":"Feature","properties":{"fid":790,"proprietario":"Prefeitura","orgao":"CONESP","data_perfuracao":"1970-01-01","profundidade":42.0,"q_m3h":10.0,"equipamento":null,"municipio":"Santa Cruz","microregiao":"Sousa","mesoregiao":"Sertão Paraibano"},"geometry":{"type":"Point","coordinates":[-38.054785564,-6.5198456832]}},
{"type":"Feature","properties":{"fid":791,"proprietario":"Prefeitura","orgao":"PREFEITURA","data_perfuracao":"2000-01-01","profundidade":7.0,"q_m3h":10.0,"equipamento":"BOMBA CENTRÍFUGA","municipio":"Santa Cruz","microregiao":"Sousa","mesoregiao":"Sertão Paraibano"},"geometry":{"type":"Point","coordinates":[-38.0575635924,-6.5259577289]}},
{"type":"Feature","properties":{"fid":792,"proprietario":"J. F. Da Silva","orgao":"PREFEITURA","data_perfuracao":"1980-01-11","profundidade":51.0,"q_m3h":10.0,"equipamento":null,"municipio":"Santa Cruz","microregiao":"Sousa","mesoregiao":"Sertão Paraibano"},"geometry":{"type":"Point","coordinates":[-38.0020081208,-6.5462349245]}},
{"type":"Feature","properties":{"fid":793,"proprietario":"Prefeitura","orgao":"CONESP","data_perfuracao":"1980-01-10","profundidade":50.0,"q_m3h":2.0,"equipamento":"MOTO-BOMBA","municipio":"Santa Cruz","microregiao":"Sousa","mesoregiao":"Sertão Paraibano"},"geometry":{"type":"Point","coordinates":[-38.0017301191,-6.5473459334]}},
{"type":"Feature","properties":{"fid":794,"proprietario":"Prefeitura","orgao":"CDRM","data_perfuracao":"1981-01-06","profundidade":51.0,"q_m3h":1.0,"equipamento":null,"municipio":"São José de Piranhas","microregiao":"Cajazeiras","mesoregiao":"Sertão Paraibano"},"geometry":{"type":"Point","coordinates":[-38.3767337252,-7.0201273292]}},
{"type":"Feature","properties":{"fid":795,"proprietario":"Prefeitura","orgao":"CDRM","data_perfuracao":"1983-01-01","profundidade":50.0,"q_m3h":1.0,"equipamento":null,"municipio":"São José de Piranhas","microregiao":"Cajazeiras","mesoregiao":"Sertão Paraibano"},"geometry":{"type":"Point","coordinates":[-38.5811795798,-7.1223499624]}},
{"type":"Feature","properties":{"fid":796,"proprietario":"Prefeitura","orgao":"CDRM","data_perfuracao":"1984-01-06","profundidade":50.0,"q_m3h":2.0,"equipamento":null,"municipio":"São José de Piranhas","microregiao":"Cajazeiras","mesoregiao":"Sertão Paraibano"},"geometry":{"type":"Point","coordinates":[-38.536457179,-7.1062388723]}},
{"type":"Feature","properties":{"fid":797,"proprietario":"Prefeitura","orgao":"CDRM","data_perfuracao":"1984-01-08","profundidade":45.0,"q_m3h":1.0,"equipamento":null,"municipio":"São José de Piranhas","microregiao":"Cajazeiras","mesoregiao":"Sertão Paraibano"},"geometry":{"type":"Point","coordinates":[-38.5653464253,-7.0998498018]}},
{"type":"Feature","properties":{"fid":798,"proprietario":"Prefeitura","orgao":"DNOCS","data_perfuracao":"1984-01-06","profundidade":51.0,"q_m3h":2.0,"equipamento":null,"municipio":"Coremas","microregiao":"Piancó","mesoregiao":"Sertão Paraibano"},"geometry":{"type":"Point","coordinates":[-38.0347858091,-7.112906296]}},
{"type":"Feature","properties":{"fid":799,"proprietario":"Prefeitura","orgao":"CDRM","data_perfuracao":"1985-01-08","profundidade":40.0,"q_m3h":1.0,"equipamento":null,"municipio":"São José de Piranhas","microregiao":"Cajazeiras","mesoregiao":"Sertão Paraibano"},"geometry":{"type":"Point","coordinates":[-38.493123838,-7.154017271]}},
{"type":"Feature","properties":{"fid":800,"proprietario":"Prefeitura","orgao":"CDRM","data_perfuracao":"1985-01-08","profundidade":40.0,"q_m3h":1.0,"equipamento":null,"municipio":"São José de Piranhas","microregiao":"Cajazeiras","mesoregiao":"Sertão Paraibano"},"geometry":{"type":"Point","coordinates":[-38.4114560263,-7.0184612909]}},
{"type":"Feature","properties":{"fid":801,"proprietario":"Prefeitura","orgao":"CDRM","data_perfuracao":"1985-01-08","profundidade":50.0,"q_m3h":1.0,"equipamento":null,"municipio":"São José de Piranhas","microregiao":"Cajazeiras","mesoregiao":"Sertão Paraibano"},"geometry":{"type":"Point","coordinates":[-38.4586785362,-7.1512392756]}},
{"type":"Feature","properties":{"fid":802,"proprietario":"Prefeitura","orgao":"DNOCS","data_perfuracao":"1984-01-06","profundidade":45.0,"q_m3h":6.0,"equipamento":"CATAVENTO","municipio":"Mãe D'água","microregiao":"Patos","mesoregiao":"Sertão Paraibano"},"geometry":{"type":"Point","coordinates":[-37.398669301,-7.2176295759]}},
{"type":"Feature","properties":{"fid":803,"proprietario":"Vasconcelos","orgao":"DNOCS","data_perfuracao":"1967-01-09","profundidade":48.0,"q_m3h":4.0,"equipamento":"CATAVENTO","municipio":"Pedra Lavrada","microregiao":"Seridó Oriental Paraibano","mesoregiao":"Borborema"},"geometry":{"type":"Point","coordinates":[-36.3083823204,-6.7712378377]}},
{"type":"Feature","properties":{"fid":804,"proprietario":"Manoel Almeida","orgao":"DNOCS","data_perfuracao":"1962-01-05","profundidade":50.0,"q_m3h":2.0,"equipamento":"INJ. ELÉTRICA","municipio":"Pedra Lavrada","microregiao":"Seridó Oriental Paraibano","mesoregiao":"Borborema"},"geometry":{"type":"Point","coordinates":[-36.4336604537,-6.7965159537]}},
{"type":"Feature","properties":{"fid":805,"proprietario":"Manoel M.silva","orgao":"CONESP","data_perfuracao":"1967-01-09","profundidade":85.0,"q_m3h":2.0,"equipamento":"CATAVENTO","municipio":"Pedra Lavrada","microregiao":"Seridó Oriental Paraibano","mesoregiao":"Borborema"},"geometry":{"type":"Point","coordinates":[-36.4681057352,-6.7592936356]}},
{"type":"Feature","properties":{"fid":806,"proprietario":"Maria Paulina","orgao":"CONESP","data_perfuracao":"1976-01-12","profundidade":60.0,"q_m3h":1.0,"equipamento":"CATAVENTO","municipio":"Pedra Lavrada","microregiao":"Seridó Oriental Paraibano","mesoregiao":"Borborema"},"geometry":{"type":"Point","coordinates":[-36.2789370574,-6.770682853]}},
{"type":"Feature","properties":{"fid":807,"proprietario":"Paroquia","orgao":"CONESP","data_perfuracao":"2000-01-01","profundidade":60.0,"q_m3h":4.0,"equipamento":"ELETRO-BOMBA","municipio":"Pedra Lavrada","microregiao":"Seridó Oriental Paraibano","mesoregiao":"Borborema"},"geometry":{"type":"Point","coordinates":[-36.4717167682,-6.7606826442]}},
{"type":"Feature","properties":{"fid":808,"proprietario":"Joao M.azevedo","orgao":"CIDAGRO","data_perfuracao":"1979-01-11","profundidade":25.0,"q_m3h":2.0,"equipamento":null,"municipio":"Pedra Lavrada","microregiao":"Seridó Oriental Paraibano","mesoregiao":"Borborema"},"geometry":{"type":"Point","coordinates":[-36.2731039816,-6.7351265746]}},
{"type":"Feature","properties":{"fid":809,"proprietario":"Severino Gomes","orgao":"CONESP","data_perfuracao":"1962-01-01","profundidade":10.0,"q_m3h":2.0,"equipamento":null,"municipio":"Pedra Lavrada","microregiao":"Seridó Oriental Paraibano","mesoregiao":"Borborema"},"geometry":{"type":"Point","coordinates":[-36.3056042525,-6.7067933279]}},
{"type":"Feature","properties":{"fid":810,"proprietario":"Prefeitura","orgao":"CDRM","data_perfuracao":"1984-01-10","profundidade":50.0,"q_m3h":1.0,"equipamento":"CATAVENTO","municipio":"Nova Palmeira","microregiao":"Seridó Oriental Paraibano","mesoregiao":"Borborema"},"geometry":{"type":"Point","coordinates":[-36.3864379968,-6.7426265584]}},
{"type":"Feature","properties":{"fid":811,"proprietario":"Prefeitura","orgao":"CDRM","data_perfuracao":"1985-01-06","profundidade":40.0,"q_m3h":3.0,"equipamento":"CATAVENTO","municipio":"Nova Palmeira","microregiao":"Seridó Oriental Paraibano","mesoregiao":"Borborema"},"geometry":{"type":"Point","coordinates":[-36.4450495016,-6.7170713165]}},
{"type":"Feature","properties":{"fid":812,"proprietario":"Prefeitura","orgao":"CPRM","data_perfuracao":"1983-01-08","profundidade":60.0,"q_m3h":1.0,"equipamento":null,"municipio":"Pedra Lavrada","microregiao":"Seridó Oriental Paraibano","mesoregiao":"Borborema"},"geometry":{"type":"Point","coordinates":[-36.3531047013,-6.7448485983]}},
{"type":"Feature","properties":{"fid":813,"proprietario":"Prefeitura","orgao":"CPRM","data_perfuracao":"1983-01-08","profundidade":60.0,"q_m3h":1.0,"equipamento":"CATAVENTO","municipio":"Pedra Lavrada","microregiao":"Seridó Oriental Paraibano","mesoregiao":"Borborema"},"geometry":{"type":"Point","coordinates":[-36.4225493162,-6.7392935077]}},
{"type":"Feature","properties":{"fid":814,"proprietario":"Prefeitura","orgao":"CPRM","data_perfuracao":"1984-01-05","profundidade":60.0,"q_m3h":1.0,"equipamento":"CATAVENTO","municipio":"Pedra Lavrada","microregiao":"Seridó Oriental Paraibano","mesoregiao":"Borborema"},"geometry":{"type":"Point","coordinates":[-36.4156052959,-6.8009610011]}},
{"type":"Feature","properties":{"fid":815,"proprietario":"Prefeitura","orgao":"CONESP","data_perfuracao":"1983-01-04","profundidade":68.0,"q_m3h":1.0,"equipamento":null,"municipio":"Pedra Lavrada","microregiao":"Seridó Oriental Paraibano","mesoregiao":"Borborema"},"geometry":{"type":"Point","coordinates":[-36.3253264485,-6.7370715552]}},
{"type":"Feature","properties":{"fid":816,"proprietario":"Prefeitura","orgao":"DNOCS","data_perfuracao":"1966-01-04","profundidade":40.0,"q_m3h":14.0,"equipamento":"BOMBA SUBMERSA","municipio":"São José do Bonfim","microregiao":"Patos","mesoregiao":"Sertão Paraibano"},"geometry":{"type":"Point","coordinates":[-37.3106134849,-7.1637402213]}},
{"type":"Feature","properties":{"fid":817,"proprietario":"Prefeitura","orgao":"DNOCS","data_perfuracao":"1979-01-08","profundidade":46.0,"q_m3h":1.0,"equipamento":"CATAVENTO","municipio":"São José do Bonfim","microregiao":"Patos","mesoregiao":"Sertão Paraibano"},"geometry":{"type":"Point","coordinates":[-37.3381137356,-7.1748512877]}},
{"type":"Feature","properties":{"fid":818,"proprietario":"Prefeitura","orgao":"CDRM","data_perfuracao":"1982-01-05","profundidade":31.0,"q_m3h":2.0,"equipamento":"CATAVENTO","municipio":"São José do Bonfim","microregiao":"Patos","mesoregiao":"Sertão Paraibano"},"geometry":{"type":"Point","coordinates":[-37.3420027498,-7.1473510708]}},
{"type":"Feature","properties":{"fid":819,"proprietario":"Prefeitura","orgao":"DNOCS","data_perfuracao":"1984-01-06","profundidade":41.0,"q_m3h":10.0,"equipamento":"INJ. ELÉTRICA","municipio":"São José do Bonfim","microregiao":"Patos","mesoregiao":"Sertão Paraibano"},"geometry":{"type":"Point","coordinates":[-37.3103354824,-7.1637402215]}},
{"type":"Feature","properties":{"fid":820,"proprietario":"Prefeitura","orgao":"DNOCS","data_perfuracao":"1984-01-07","profundidade":42.0,"q_m3h":24.0,"equipamento":"CATAVENTO","municipio":"Manaíra","microregiao":"Serra do Teixeira","mesoregiao":"Sertão Paraibano"},"geometry":{"type":"Point","coordinates":[-38.2217329459,-7.7601331141]}},
{"type":"Feature","properties":{"fid":821,"proprietario":"Prefeitura","orgao":"DNOCS","data_perfuracao":"1984-01-06","profundidade":48.0,"q_m3h":1.0,"equipamento":"CATAVENTO","municipio":"Manaíra","microregiao":"Serra do Teixeira","mesoregiao":"Sertão Paraibano"},"geometry":{"type":"Point","coordinates":[-38.2050657743,-7.7281888842]}},
{"type":"Feature","properties":{"fid":822,"proprietario":"Prefeitura","orgao":"DNOCS","data_perfuracao":"1984-01-06","profundidade":48.0,"q_m3h":1.0,"equipamento":"CATAVENTO","municipio":"São José de Princesa","microregiao":"Serra do Teixeira","mesoregiao":"Sertão Paraibano"},"geometry":{"type":"Point","coordinates":[-38.0975648407,-7.7365220342]}},
{"type":"Feature","properties":{"fid":823,"proprietario":"A.f. Lacerda","orgao":"CONESP","data_perfuracao":"1971-01-12","profundidade":40.0,"q_m3h":2.0,"equipamento":"INJ. ELÉTRICA","municipio":"Piancó","microregiao":"Piancó","mesoregiao":"Sertão Paraibano"},"geometry":{"type":"Point","coordinates":[-38.0345089226,-7.267907491]}},
{"type":"Feature","properties":{"fid":824,"proprietario":"H.f. Lacerda","orgao":"CONESP","data_perfuracao":"1970-01-11","profundidade":50.0,"q_m3h":7.0,"equipamento":"CATAVENTO","municipio":"Piancó","microregiao":"Piancó","mesoregiao":"Sertão Paraibano"},"geometry":{"type":"Point","coordinates":[-38.0597861383,-7.2606854163]}},
{"type":"Feature","properties":{"fid":825,"proprietario":"Ant. Justino","orgao":"T.JANER","data_perfuracao":"1970-01-12","profundidade":50.0,"q_m3h":2.0,"equipamento":"CATAVENTO","municipio":"Piancó","microregiao":"Piancó","mesoregiao":"Sertão Paraibano"},"geometry":{"type":"Point","coordinates":[-38.0647861896,-7.2706854895]}},
{"type":"Feature","properties":{"fid":826,"proprietario":"Luiz Caldas","orgao":"CONESP","data_perfuracao":"1970-01-11","profundidade":50.0,"q_m3h":6.0,"equipamento":"CATAVENTO","municipio":"Piancó","microregiao":"Piancó","mesoregiao":"Sertão Paraibano"},"geometry":{"type":"Point","coordinates":[-38.0439529463,-7.1895738805]}},
{"type":"Feature","properties":{"fid":827,"proprietario":"Joao R. Caldas","orgao":"NAO INFORMADO","data_perfuracao":"1977-01-03","profundidade":61.0,"q_m3h":1.0,"equipamento":"CATAVENTO","municipio":"Piancó","microregiao":"Piancó","mesoregiao":"Sertão Paraibano"},"geometry":{"type":"Point","coordinates":[-37.9253409238,-7.2106851318]}},
{"type":"Feature","properties":{"fid":828,"proprietario":"E.f. Lacerda","orgao":"CONESP","data_perfuracao":"1977-01-03","profundidade":61.0,"q_m3h":1.0,"equipamento":"CATAVENTO","municipio":"Piancó","microregiao":"Piancó","mesoregiao":"Sertão Paraibano"},"geometry":{"type":"Point","coordinates":[-38.0345089251,-7.2712405167]}},
{"type":"Feature","properties":{"fid":829,"proprietario":"F.toscano Neto","orgao":"DNOCS","data_perfuracao":"1974-01-09","profundidade":35.0,"q_m3h":3.0,"equipamento":null,"municipio":"Cacimbas","microregiao":"Serra do Teixeira","mesoregiao":"Sertão Paraibano"},"geometry":{"type":"Point","coordinates":[-37.0336660677,-7.2051297458]}},
{"type":"Feature","properties":{"fid":830,"proprietario":"Jose Galdino","orgao":"DNOCS","data_perfuracao":"1974-01-09","profundidade":45.0,"q_m3h":4.0,"equipamento":"CATAVENTO","municipio":"Piancó","microregiao":"Piancó","mesoregiao":"Sertão Paraibano"},"geometry":{"type":"Point","coordinates":[-37.8711734283,-7.1826289555]}},
{"type":"Feature","properties":{"fid":831,"proprietario":"Ant. Da Costa","orgao":"DNOCS","data_perfuracao":"1976-01-07","profundidade":48.0,"q_m3h":1.0,"equipamento":null,"municipio":"Piancó","microregiao":"Piancó","mesoregiao":"Sertão Paraibano"},"geometry":{"type":"Point","coordinates":[-38.0047856587,-7.2629074749]}},
{"type":"Feature","properties":{"fid":832,"proprietario":"Prefeitura","orgao":"CDRM","data_perfuracao":"1983-01-10","profundidade":40.0,"q_m3h":2.0,"equipamento":"CATAVENTO","municipio":"Piancó","microregiao":"Piancó","mesoregiao":"Sertão Paraibano"},"geometry":{"type":"Point","coordinates":[-37.9564522689,-7.3070748515]}},
{"type":"Feature","properties":{"fid":833,"proprietario":"Prefeitura","orgao":"CDRM","data_perfuracao":"1983-01-08","profundidade":40.0,"q_m3h":1.0,"equipamento":"CATAVENTO","municipio":"Piancó","microregiao":"Piancó","mesoregiao":"Sertão Paraibano"},"geometry":{"type":"Point","coordinates":[-37.9578412552,-7.2729075873]}},
{"type":"Feature","properties":{"fid":834,"proprietario":"Prefeitura","orgao":"CDRM","data_perfuracao":"1983-01-06","profundidade":40.0,"q_m3h":1.0,"equipamento":"CATAVENTO","municipio":"Piancó","microregiao":"Piancó","mesoregiao":"Sertão Paraibano"},"geometry":{"type":"Point","coordinates":[-37.9497850679,-7.1165173865]}},
{"type":"Feature","properties":{"fid":835,"proprietario":"Prefeitura","orgao":"PREFEITURA","data_perfuracao":"1982-01-12","profundidade":51.0,"q_m3h":2.0,"equipamento":"CATAVENTO","municipio":"Piancó","microregiao":"Piancó","mesoregiao":"Sertão Paraibano"},"geometry":{"type":"Point","coordinates":[-37.9531191715,-7.2165181561]}},
{"type":"Feature","properties":{"fid":836,"proprietario":"D.gambarra","orgao":"DNOCS","data_perfuracao":"1963-01-10","profundidade":53.0,"q_m3h":8.0,"equipamento":null,"municipio":"Santa Luzia","microregiao":"Seridó Ocidental Paraibano","mesoregiao":"Borborema"},"geometry":{"type":"Point","coordinates":[-36.9350539833,-6.9090164969]}},
{"type":"Feature","properties":{"fid":837,"proprietario":"M.medeiros","orgao":"DNOCS","data_perfuracao":"1977-01-11","profundidade":40.0,"q_m3h":8.0,"equipamento":null,"municipio":"São José do Sabugi","microregiao":"Seridó Ocidental Paraibano","mesoregiao":"Borborema"},"geometry":{"type":"Point","coordinates":[-36.8489421719,-6.839016006]}},
{"type":"Feature","properties":{"fid":838,"proprietario":"M.alburquer","orgao":"DNOCS","data_perfuracao":"1976-01-05","profundidade":32.0,"q_m3h":3.0,"equipamento":"CATAVENTO","municipio":"Santa Luzia","microregiao":"Seridó Ocidental Paraibano","mesoregiao":"Borborema"},"geometry":{"type":"Point","coordinates":[-36.9778323696,-6.9198495522]}},
{"type":"Feature","properties":{"fid":839,"proprietario":"G. Nobrega","orgao":"DNOCS","data_perfuracao":"1978-01-05","profundidade":40.0,"q_m3h":2.0,"equipamento":"CATAVENTO","municipio":"Santa Luzia","microregiao":"Seridó Ocidental Paraibano","mesoregiao":"Borborema"},"geometry":{"type":"Point","coordinates":[-36.9650542209,-6.8687381596]}},
{"type":"Feature","properties":{"fid":840,"proprietario":"J.fernandes","orgao":"DNOCS","data_perfuracao":"1977-01-12","profundidade":43.0,"q_m3h":3.0,"equipamento":"CATAVENTO","municipio":"Santa Luzia","microregiao":"Seridó Ocidental Paraibano","mesoregiao":"Borborema"},"geometry":{"type":"Point","coordinates":[-36.9417210193,-6.8759612326]}},
{"type":"Feature","properties":{"fid":841,"proprietario":"Prefeitura","orgao":"CDRM","data_perfuracao":"1985-01-11","profundidade":40.0,"q_m3h":1.0,"equipamento":"CATAVENTO","municipio":"São José do Bonfim","microregiao":"Patos","mesoregiao":"Sertão Paraibano"},"geometry":{"type":"Point","coordinates":[-37.3056134521,-7.1792963461]}},
{"type":"Feature","properties":{"fid":842,"proprietario":"M. Arnaldo","orgao":"CONESP","data_perfuracao":"1968-01-01","profundidade":42.0,"q_m3h":3.0,"equipamento":"BOMBA SUBMERSA","municipio":"São José do Sabugi","microregiao":"Seridó Ocidental Paraibano","mesoregiao":"Borborema"},"geometry":{"type":"Point","coordinates":[-36.8003306985,-6.7770715512]}},
{"type":"Feature","properties":{"fid":843,"proprietario":"Prefeitura","orgao":"NAO INFORMADO","data_perfuracao":"1959-01-01","profundidade":35.0,"q_m3h":5.0,"equipamento":null,"municipio":"São José do Sabugi","microregiao":"Seridó Ocidental Paraibano","mesoregiao":"Borborema"},"geometry":{"type":"Point","coordinates":[-36.7989416843,-6.7742935303]}},
{"type":"Feature","properties":{"fid":844,"proprietario":"J.medeiros","orgao":"CIDAGRO","data_perfuracao":"1980-01-01","profundidade":50.0,"q_m3h":5.0,"equipamento":"BOMBA MANUAL","municipio":"São José do Sabugi","microregiao":"Seridó Ocidental Paraibano","mesoregiao":"Borborema"},"geometry":{"type":"Point","coordinates":[-36.783663632,-6.895405495]}},
{"type":"Feature","properties":{"fid":845,"proprietario":"Prefeituraa","orgao":"CDRM","data_perfuracao":"1983-01-10","profundidade":50.0,"q_m3h":2.0,"equipamento":"ELETRO-BOMBA","municipio":"São José do Sabugi","microregiao":"Seridó Ocidental Paraibano","mesoregiao":"Borborema"},"geometry":{"type":"Point","coordinates":[-36.7986636843,-6.7779045589]}},
{"type":"Feature","properties":{"fid":846,"proprietario":"Prefeitura","orgao":"DNOCS","data_perfuracao":"1984-01-08","profundidade":48.0,"q_m3h":2.0,"equipamento":"CATAVENTO","municipio":"São José do Sabugi","microregiao":"Seridó Ocidental Paraibano","mesoregiao":"Borborema"},"geometry":{"type":"Point","coordinates":[-36.786441604,-6.8190158914]}},
{"type":"Feature","properties":{"fid":847,"proprietario":"Prefeitura","orgao":"DNOCS","data_perfuracao":"1984-01-06","profundidade":33.0,"q_m3h":1.0,"equipamento":"CATAVENTO","municipio":"São José do Sabugi","microregiao":"Seridó Ocidental Paraibano","mesoregiao":"Borborema"},"geometry":{"type":"Point","coordinates":[-36.8258869639,-6.8337379803]}},
{"type":"Feature","properties":{"fid":848,"proprietario":"Prefeitura","orgao":"DNOCS","data_perfuracao":"1984-01-03","profundidade":48.0,"q_m3h":1.0,"equipamento":"CATAVENTO","municipio":"São José do Sabugi","microregiao":"Seridó Ocidental Paraibano","mesoregiao":"Borborema"},"geometry":{"type":"Point","coordinates":[-36.8031087591,-6.8295719632]}},
{"type":"Feature","properties":{"fid":849,"proprietario":"Marcos Bezerra","orgao":"NAO INFORMADO","data_perfuracao":"1966-01-03","profundidade":36.0,"q_m3h":3.0,"equipamento":null,"municipio":"Parari","microregiao":"Cariri Ocidental","mesoregiao":"Borborema"},"geometry":{"type":"Point","coordinates":[-36.6844970301,-7.2865196369]}},
{"type":"Feature","properties":{"fid":850,"proprietario":"Prefeitura","orgao":"NAO INFORMADO","data_perfuracao":"2000-01-01","profundidade":21.0,"q_m3h":8.0,"equipamento":"CATAVENTO","municipio":"Parari","microregiao":"Cariri Ocidental","mesoregiao":"Borborema"},"geometry":{"type":"Point","coordinates":[-36.6108854106,-7.3342980649]}},
{"type":"Feature","properties":{"fid":851,"proprietario":"Prefeitura","orgao":"CONESP","data_perfuracao":"1965-01-07","profundidade":10.0,"q_m3h":8.0,"equipamento":"MOTO-BOMBA","municipio":"Parari","microregiao":"Cariri Ocidental","mesoregiao":"Borborema"},"geometry":{"type":"Point","coordinates":[-36.6522737668,-7.3181869084]}},
{"type":"Feature","properties":{"fid":852,"proprietario":"Prefeitura","orgao":"CONESP","data_perfuracao":"1964-01-08","profundidade":30.0,"q_m3h":4.0,"equipamento":null,"municipio":"São José dos Cordeiros","microregiao":"Cariri Ocidental","mesoregiao":"Borborema"},"geometry":{"type":"Point","coordinates":[-36.804775175,-7.3901313586]}},
{"type":"Feature","properties":{"fid":853,"proprietario":"Fc. A. Queiroz","orgao":"CONESP","data_perfuracao":"1966-01-04","profundidade":40.0,"q_m3h":8.0,"equipamento":"CATAVENTO","municipio":"Parari","microregiao":"Cariri Ocidental","mesoregiao":"Borborema"},"geometry":{"type":"Point","coordinates":[-36.6942191308,-7.305964782]}},
{"type":"Feature","properties":{"fid":854,"proprietario":"Nivaldopereira","orgao":"CONESP","data_perfuracao":"1967-01-02","profundidade":42.0,"q_m3h":2.0,"equipamento":null,"municipio":"São José dos Cordeiros","microregiao":"Cariri Ocidental","mesoregiao":"Borborema"},"geometry":{"type":"Point","coordinates":[-36.7511637022,-7.3945764331]}},
{"type":"Feature","properties":{"fid":855,"proprietario":"Fc. F. Farias","orgao":"CONESP","data_perfuracao":"1967-01-01","profundidade":50.0,"q_m3h":1.0,"equipamento":"CATAVENTO","municipio":"Parari","microregiao":"Cariri Ocidental","mesoregiao":"Borborema"},"geometry":{"type":"Point","coordinates":[-36.7308864832,-7.3420760377]}},
{"type":"Feature","properties":{"fid":856,"proprietario":"Euclides Ayres","orgao":"CDRM","data_perfuracao":"1982-01-06","profundidade":38.0,"q_m3h":6.0,"equipamento":null,"municipio":"Taperoá","microregiao":"Cariri Ocidental","mesoregiao":"Borborema"},"geometry":{"type":"Point","coordinates":[-36.7608867108,-7.2892976028]}},
{"type":"Feature","properties":{"fid":857,"proprietario":"Prefeitura","orgao":"DNOCS","data_perfuracao":"1984-01-01","profundidade":48.0,"q_m3h":1.0,"equipamento":"CATAVENTO","municipio":"Serra Redonda","microregiao":"Campina Grande","mesoregiao":"Agreste Paraibano"},"geometry":{"type":"Point","coordinates":[-35.6947651155,-7.1892975776]}},
{"type":"Feature","properties":{"fid":858,"proprietario":"Prefeitura","orgao":"DNOCS","data_perfuracao":"1984-01-01","profundidade":48.0,"q_m3h":2.0,"equipamento":"ELETRO-BOMBA","municipio":"Olho D'água","microregiao":"Piancó","mesoregiao":"Sertão Paraibano"},"geometry":{"type":"Point","coordinates":[-37.7142280583,-7.1920741448]}},
{"type":"Feature","properties":{"fid":859,"proprietario":"Prefeitura","orgao":"DNOCS","data_perfuracao":"1984-01-02","profundidade":42.0,"q_m3h":2.0,"equipamento":"ELETRO-BOMBA","municipio":"Massaranduba","microregiao":"Campina Grande","mesoregiao":"Agreste Paraibano"},"geometry":{"type":"Point","coordinates":[-35.7225433631,-7.186519536]}},
{"type":"Feature","properties":{"fid":860,"proprietario":"Ant. Felipe","orgao":"EXERCITO","data_perfuracao":"1985-01-12","profundidade":50.0,"q_m3h":1.0,"equipamento":"CATAVENTO","municipio":"Piancó","microregiao":"Piancó","mesoregiao":"Sertão Paraibano"},"geometry":{"type":"Point","coordinates":[-37.9183968185,-7.1509626758]}},
{"type":"Feature","properties":{"fid":861,"proprietario":"J. Pedro Silva","orgao":"EXERCITO","data_perfuracao":"1986-01-01","profundidade":50.0,"q_m3h":2.0,"equipamento":"CATAVENTO","municipio":"Piancó","microregiao":"Piancó","mesoregiao":"Sertão Paraibano"},"geometry":{"type":"Point","coordinates":[-37.950619065,-7.1026282786]}},
{"type":"Feature","properties":{"fid":862,"proprietario":"J. S. Lacerda","orgao":"EXERCITO","data_perfuracao":"1986-01-01","profundidade":50.0,"q_m3h":1.0,"equipamento":"CATAVENTO","municipio":"Piancó","microregiao":"Piancó","mesoregiao":"Sertão Paraibano"},"geometry":{"type":"Point","coordinates":[-37.9695082424,-7.1190173913]}},
{"type":"Feature","properties":{"fid":863,"proprietario":"Isidro Maria","orgao":"EXERCITO","data_perfuracao":"1986-01-02","profundidade":50.0,"q_m3h":1.0,"equipamento":"CATAVENTO","municipio":"Coremas","microregiao":"Piancó","mesoregiao":"Sertão Paraibano"},"geometry":{"type":"Point","coordinates":[-38.0400638516,-7.1079062535]}},
{"type":"Feature","properties":{"fid":864,"proprietario":"J.a.r. Lacerda","orgao":"EXERCITO","data_perfuracao":"1986-01-03","profundidade":50.0,"q_m3h":1.0,"equipamento":"CATAVENTO","municipio":"Piancó","microregiao":"Piancó","mesoregiao":"Sertão Paraibano"},"geometry":{"type":"Point","coordinates":[-37.8517292588,-7.1840179806]}},
{"type":"Feature","properties":{"fid":865,"proprietario":"J.b. Souza","orgao":"EXERCITO","data_perfuracao":"1986-01-03","profundidade":50.0,"q_m3h":2.0,"equipamento":"CATAVENTO","municipio":"Serra Grande","microregiao":"Itaporanga","mesoregiao":"Sertão Paraibano"},"geometry":{"type":"Point","coordinates":[-38.3572886772,-7.1831845968]}},
{"type":"Feature","properties":{"fid":866,"proprietario":"A. Montenegro","orgao":"EXERCITO","data_perfuracao":"1986-01-04","profundidade":50.0,"q_m3h":2.0,"equipamento":"CATAVENTO","municipio":"Piancó","microregiao":"Piancó","mesoregiao":"Sertão Paraibano"},"geometry":{"type":"Point","coordinates":[-37.9420080711,-7.2123511322]}},
{"type":"Feature","properties":{"fid":867,"proprietario":"Prefeitura","orgao":"EXERCITO","data_perfuracao":"1986-01-07","profundidade":50.0,"q_m3h":1.0,"equipamento":"CATAVENTO","municipio":"Piancó","microregiao":"Piancó","mesoregiao":"Sertão Paraibano"},"geometry":{"type":"Point","coordinates":[-37.9342299967,-7.2040180737]}},
{"type":"Feature","properties":{"fid":868,"proprietario":"Alfredo Dantas","orgao":"EXERCITO","data_perfuracao":"1967-01-07","profundidade":30.0,"q_m3h":3.0,"equipamento":null,"municipio":"Picuí","microregiao":"Seridó Oriental Paraibano","mesoregiao":"Borborema"},"geometry":{"type":"Point","coordinates":[-36.2997701093,-6.5681812294]}},
{"type":"Feature","properties":{"fid":869,"proprietario":"M.v.medeiro","orgao":"DNOCS","data_perfuracao":"1978-01-12","profundidade":34.0,"q_m3h":1.0,"equipamento":"CATAVENTO","municipio":"Santa Luzia","microregiao":"Seridó Ocidental Paraibano","mesoregiao":"Borborema"},"geometry":{"type":"Point","coordinates":[-36.9044986941,-6.8823493086]}},
{"type":"Feature","properties":{"fid":870,"proprietario":"L.ramalho","orgao":"NAO INFORMADO","data_perfuracao":"1959-01-11","profundidade":48.0,"q_m3h":1.0,"equipamento":"CATAVENTO","municipio":"Santa Luzia","microregiao":"Seridó Ocidental Paraibano","mesoregiao":"Borborema"},"geometry":{"type":"Point","coordinates":[-36.9908884528,-6.8734611788]}},
{"type":"Feature","properties":{"fid":871,"proprietario":"M.pergentin","orgao":"E.P.A","data_perfuracao":"1979-01-11","profundidade":31.0,"q_m3h":5.0,"equipamento":"CATAVENTO","municipio":"Santa Luzia","microregiao":"Seridó Ocidental Paraibano","mesoregiao":"Borborema"},"geometry":{"type":"Point","coordinates":[-36.8900535979,-6.9279056767]}},
{"type":"Feature","properties":{"fid":872,"proprietario":"M. Medeiros","orgao":"E.P.A.","data_perfuracao":"1980-01-12","profundidade":22.0,"q_m3h":5.0,"equipamento":"CATAVENTO","municipio":"Santa Luzia","microregiao":"Seridó Ocidental Paraibano","mesoregiao":"Borborema"},"geometry":{"type":"Point","coordinates":[-36.8831095515,-6.9495728518]}},
{"type":"Feature","properties":{"fid":873,"proprietario":"M. Medeiros","orgao":"E.P.A.","data_perfuracao":"1980-01-10","profundidade":10.0,"q_m3h":5.0,"equipamento":null,"municipio":"Santa Luzia","microregiao":"Seridó Ocidental Paraibano","mesoregiao":"Borborema"},"geometry":{"type":"Point","coordinates":[-36.8836645595,-6.9540168863]}},
{"type":"Feature","properties":{"fid":874,"proprietario":"Fc. Medeiro","orgao":"E.P.A.","data_perfuracao":"1975-01-01","profundidade":40.0,"q_m3h":5.0,"equipamento":"CATAVENTO","municipio":"Santa Luzia","microregiao":"Seridó Ocidental Paraibano","mesoregiao":"Borborema"},"geometry":{"type":"Point","coordinates":[-36.8814425169,-6.9212386303]}},
{"type":"Feature","properties":{"fid":875,"proprietario":"M. Do Carmo","orgao":"DNOCS","data_perfuracao":"1980-01-04","profundidade":38.0,"q_m3h":2.0,"equipamento":"CATAVENTO","municipio":"Santa Luzia","microregiao":"Seridó Ocidental Paraibano","mesoregiao":"Borborema"},"geometry":{"type":"Point","coordinates":[-36.8700534154,-6.9204056317]}},
{"type":"Feature","properties":{"fid":876,"proprietario":"M. C. Costa","orgao":"NAO INFORMADO","data_perfuracao":"2000-01-01","profundidade":10.0,"q_m3h":2.0,"equipamento":"CATAVENTO","municipio":"Santa Luzia","microregiao":"Seridó Ocidental Paraibano","mesoregiao":"Borborema"},"geometry":{"type":"Point","coordinates":[-36.8678313829,-6.9020724891]}},
{"type":"Feature","properties":{"fid":877,"proprietario":"Prefeitura","orgao":"DNOCS","data_perfuracao":"1984-01-03","profundidade":48.0,"q_m3h":5.0,"equipamento":"CATAVENTO","municipio":"Santa Luzia","microregiao":"Seridó Ocidental Paraibano","mesoregiao":"Borborema"},"geometry":{"type":"Point","coordinates":[-36.9100537375,-6.8740162392]}},
{"type":"Feature","properties":{"fid":878,"proprietario":"Prefeitura","orgao":"DNOCS","data_perfuracao":"1984-01-03","profundidade":48.0,"q_m3h":2.0,"equipamento":"CATAVENTO","municipio":"Santa Luzia","microregiao":"Seridó Ocidental Paraibano","mesoregiao":"Borborema"},"geometry":{"type":"Point","coordinates":[-36.935609988,-6.9087384944]}},
{"type":"Feature","properties":{"fid":879,"proprietario":"Prefeitura","orgao":"DNOCS","data_perfuracao":"1984-01-03","profundidade":48.0,"q_m3h":1.0,"equipamento":"CATAVENTO","municipio":"Junco do Seridó","microregiao":"Seridó Ocidental Paraibano","mesoregiao":"Borborema"},"geometry":{"type":"Point","coordinates":[-36.8469982634,-6.9951282349]}},
{"type":"Feature","properties":{"fid":880,"proprietario":"Prefeitura","orgao":"CDRM","data_perfuracao":"1985-01-08","profundidade":40.0,"q_m3h":1.0,"equipamento":"CATAVENTO","municipio":"Santa Luzia","microregiao":"Seridó Ocidental Paraibano","mesoregiao":"Borborema"},"geometry":{"type":"Point","coordinates":[-36.8275530369,-6.9179056416]}},
{"type":"Feature","properties":{"fid":881,"proprietario":"Prefeitura","orgao":"CDRM","data_perfuracao":"1985-01-11","profundidade":36.0,"q_m3h":4.0,"equipamento":"CATAVENTO","municipio":"Santa Luzia","microregiao":"Seridó Ocidental Paraibano","mesoregiao":"Borborema"},"geometry":{"type":"Point","coordinates":[-36.8944986359,-6.9259616583]}},
{"type":"Feature","properties":{"fid":882,"proprietario":"Ant. Bispo","orgao":"DNOCS","data_perfuracao":"1971-01-09","profundidade":25.0,"q_m3h":705.0,"equipamento":"CATAVENTO","municipio":"Monteiro","microregiao":"Cariri Ocidental","mesoregiao":"Borborema"},"geometry":{"type":"Point","coordinates":[-37.0686668813,-7.8637458333]}},
{"type":"Feature","properties":{"fid":883,"proprietario":"J.r.ferreira","orgao":"CDRM","data_perfuracao":"1987-01-12","profundidade":34.0,"q_m3h":1.0,"equipamento":null,"municipio":"São Mamede","microregiao":"Seridó Ocidental Paraibano","mesoregiao":"Borborema"},"geometry":{"type":"Point","coordinates":[-36.9447761393,-7.0084622706]}},
{"type":"Feature","properties":{"fid":884,"proprietario":"Prefeitura","orgao":"CDRM","data_perfuracao":"1982-01-03","profundidade":48.0,"q_m3h":2.0,"equipamento":"CATAVENTO","municipio":"São José dos Cordeiros","microregiao":"Cariri Ocidental","mesoregiao":"Borborema"},"geometry":{"type":"Point","coordinates":[-36.7594977682,-7.3837423423]}},
{"type":"Feature","properties":{"fid":885,"proprietario":"Eunice Braz","orgao":"CDRM","data_perfuracao":"1983-01-03","profundidade":20.0,"q_m3h":5.0,"equipamento":null,"municipio":"São José dos Cordeiros","microregiao":"Cariri Ocidental","mesoregiao":"Borborema"},"geometry":{"type":"Point","coordinates":[-36.9222762515,-7.4354096242]}},
{"type":"Feature","properties":{"fid":886,"proprietario":"Prefeitura","orgao":"CONESP","data_perfuracao":"1983-01-08","profundidade":52.0,"q_m3h":1.0,"equipamento":null,"municipio":"São José dos Cordeiros","microregiao":"Cariri Ocidental","mesoregiao":"Borborema"},"geometry":{"type":"Point","coordinates":[-36.9308883358,-7.4459656999]}},
{"type":"Feature","properties":{"fid":887,"proprietario":"Prefeitura","orgao":"CDRM","data_perfuracao":"1965-01-07","profundidade":40.0,"q_m3h":2.0,"equipamento":"CATAVENTO","municipio":"São José dos Cordeiros","microregiao":"Cariri Ocidental","mesoregiao":"Borborema"},"geometry":{"type":"Point","coordinates":[-36.8547756847,-7.477910006]}},
{"type":"Feature","properties":{"fid":888,"proprietario":"Cia. Algodao","orgao":"DNOCS","data_perfuracao":"1966-01-01","profundidade":57.0,"q_m3h":1.0,"equipamento":null,"municipio":"São Mamede","microregiao":"Seridó Ocidental Paraibano","mesoregiao":"Borborema"},"geometry":{"type":"Point","coordinates":[-37.0975554343,-6.9279055316]}},
{"type":"Feature","properties":{"fid":889,"proprietario":"Fc. Silva","orgao":"DNOCS","data_perfuracao":"1976-01-02","profundidade":40.0,"q_m3h":4.0,"equipamento":"INJ. ELÉTRICA","municipio":"São Mamede","microregiao":"Seridó Ocidental Paraibano","mesoregiao":"Borborema"},"geometry":{"type":"Point","coordinates":[-37.1381118319,-6.9834619381]}},
{"type":"Feature","properties":{"fid":890,"proprietario":"C. Medeiros","orgao":"DNOCS","data_perfuracao":"1978-01-11","profundidade":32.0,"q_m3h":3.0,"equipamento":"INJ. ELÉTRICA","municipio":"São Mamede","microregiao":"Seridó Ocidental Paraibano","mesoregiao":"Borborema"},"geometry":{"type":"Point","coordinates":[-37.0639441179,-6.9004053395]}},
{"type":"Feature","properties":{"fid":891,"proprietario":"Alc. Candeia","orgao":"DNOCS","data_perfuracao":"1978-01-04","profundidade":46.0,"q_m3h":4.0,"equipamento":"INJ. ELÉTRICA","municipio":"São Mamede","microregiao":"Seridó Ocidental Paraibano","mesoregiao":"Borborema"},"geometry":{"type":"Point","coordinates":[-37.1136665557,-6.8979052851]}},
{"type":"Feature","properties":{"fid":892,"proprietario":"Fc. Nobrega","orgao":"DNOCS","data_perfuracao":"1976-01-03","profundidade":30.0,"q_m3h":2.0,"equipamento":"CATAVENTO","municipio":"São Mamede","microregiao":"Seridó Ocidental Paraibano","mesoregiao":"Borborema"},"geometry":{"type":"Point","coordinates":[-36.9900545012,-6.9531838052]}},
{"type":"Feature","properties":{"fid":893,"proprietario":"Misael Filho","orgao":"DNOCS","data_perfuracao":"1979-01-01","profundidade":26.0,"q_m3h":1.0,"equipamento":"INJ. ELÉTRICA","municipio":"São Mamede","microregiao":"Seridó Ocidental Paraibano","mesoregiao":"Borborema"},"geometry":{"type":"Point","coordinates":[-37.113666589,-6.9454056573]}},
{"type":"Feature","properties":{"fid":894,"proprietario":"Prefeitura","orgao":"CIDAGRO","data_perfuracao":"1980-01-10","profundidade":51.0,"q_m3h":1.0,"equipamento":null,"municipio":"São Mamede","microregiao":"Seridó Ocidental Paraibano","mesoregiao":"Borborema"},"geometry":{"type":"Point","coordinates":[-37.1011664674,-6.9295725421]}},
{"type":"Feature","properties":{"fid":895,"proprietario":"I. Dantas","orgao":"PREFEITURA","data_perfuracao":"1974-01-10","profundidade":23.0,"q_m3h":1.0,"equipamento":"INJ. ELÉTRICA","municipio":"São Mamede","microregiao":"Seridó Ocidental Paraibano","mesoregiao":"Borborema"},"geometry":{"type":"Point","coordinates":[-37.0947774195,-6.9417946423]}},
{"type":"Feature","properties":{"fid":896,"proprietario":"Fc. Da Silva","orgao":"DNOCS","data_perfuracao":"1981-01-01","profundidade":27.0,"q_m3h":1.0,"equipamento":"INJ. ELÉTRICA","municipio":"São Mamede","microregiao":"Seridó Ocidental Paraibano","mesoregiao":"Borborema"},"geometry":{"type":"Point","coordinates":[-37.1695011059,-6.9787388789]}},
{"type":"Feature","properties":{"fid":897,"proprietario":"Prefeitura","orgao":"CDRM","data_perfuracao":"1982-01-10","profundidade":36.0,"q_m3h":2.0,"equipamento":"CATAVENTO","municipio":"São Mamede","microregiao":"Seridó Ocidental Paraibano","mesoregiao":"Borborema"},"geometry":{"type":"Point","coordinates":[-37.1511669151,-6.9379055722]}},
{"type":"Feature","properties":{"fid":898,"proprietario":"Prefeitura","orgao":"CDRM","data_perfuracao":"1982-01-10","profundidade":45.0,"q_m3h":1.0,"equipamento":"CATAVENTO","municipio":"São Mamede","microregiao":"Seridó Ocidental Paraibano","mesoregiao":"Borborema"},"geometry":{"type":"Point","coordinates":[-37.0606110894,-6.9017943527]}},
{"type":"Feature","properties":{"fid":899,"proprietario":"Prefeitura","orgao":"PR/CDRM","data_perfuracao":"1982-01-08","profundidade":4.0,"q_m3h":5.0,"equipamento":"BOMBA CENTRÍFUGA","municipio":"São Mamede","microregiao":"Seridó Ocidental Paraibano","mesoregiao":"Borborema"},"geometry":{"type":"Point","coordinates":[-37.1111665379,-6.9040163348]}},
{"type":"Feature","properties":{"fid":900,"proprietario":"Prefeitura","orgao":"DNOCS","data_perfuracao":"1970-01-11","profundidade":30.0,"q_m3h":2.0,"equipamento":null,"municipio":"Monte Horebe","microregiao":"Cajazeiras","mesoregiao":"Sertão Paraibano"},"geometry":{"type":"Point","coordinates":[-38.5836796691,-7.2117956451]}},
{"type":"Feature","properties":{"fid":901,"proprietario":"Prefeitura","orgao":"DNOCS","data_perfuracao":"1984-01-06","profundidade":51.0,"q_m3h":1.0,"equipamento":null,"municipio":"Conceição","microregiao":"Itaporanga","mesoregiao":"Sertão Paraibano"},"geometry":{"type":"Point","coordinates":[-38.5539575238,-7.3590187928]}},
{"type":"Feature","properties":{"fid":902,"proprietario":"Prefeitura","orgao":"NAO INFORMADO","data_perfuracao":"2005-01-01","profundidade":34.0,"q_m3h":3.0,"equipamento":"CATAVENTO","municipio":"Monteiro","microregiao":"Cariri Ocidental","mesoregiao":"Borborema"},"geometry":{"type":"Point","coordinates":[-37.1239453942,-7.8926350122]}},
{"type":"Feature","properties":{"fid":903,"proprietario":"Col. Freiras","orgao":"NAO INFORMADO","data_perfuracao":"1963-01-07","profundidade":31.0,"q_m3h":2.0,"equipamento":"INJ. ELÉTRICA","municipio":"Monteiro","microregiao":"Cariri Ocidental","mesoregiao":"Borborema"},"geometry":{"type":"Point","coordinates":[-37.1267234172,-7.890690995]}},
{"type":"Feature","properties":{"fid":904,"proprietario":"Jose L.souza","orgao":"CONESP","data_perfuracao":"1962-01-01","profundidade":33.0,"q_m3h":4.0,"equipamento":"CATAVENTO","municipio":"Monteiro","microregiao":"Cariri Ocidental","mesoregiao":"Borborema"},"geometry":{"type":"Point","coordinates":[-37.1583906667,-7.8520796719]}},
{"type":"Feature","properties":{"fid":905,"proprietario":"Osvaldo Maia","orgao":"DNOCS","data_perfuracao":"1963-01-07","profundidade":63.0,"q_m3h":2.0,"equipamento":null,"municipio":"Monteiro","microregiao":"Cariri Ocidental","mesoregiao":"Borborema"},"geometry":{"type":"Point","coordinates":[-37.1195013484,-7.8845799536]}},
{"type":"Feature","properties":{"fid":906,"proprietario":"M. Dolores","orgao":"NAO INFORMADO","data_perfuracao":"2000-01-01","profundidade":10.0,"q_m3h":2.0,"equipamento":null,"municipio":"Monteiro","microregiao":"Cariri Ocidental","mesoregiao":"Borborema"},"geometry":{"type":"Point","coordinates":[-37.1336674079,-7.8020793056]}},
{"type":"Feature","properties":{"fid":907,"proprietario":"Prefeitura","orgao":"DNOCS","data_perfuracao":"1954-01-01","profundidade":114.0,"q_m3h":7.0,"equipamento":null,"municipio":"Monteiro","microregiao":"Cariri Ocidental","mesoregiao":"Borborema"},"geometry":{"type":"Point","coordinates":[-37.1156123204,-7.8926350188]}},
{"type":"Feature","properties":{"fid":908,"proprietario":"Manoel Lima","orgao":"CONESP","data_perfuracao":"1964-01-03","profundidade":70.0,"q_m3h":1.0,"equipamento":"CATAVENTO","municipio":"Monteiro","microregiao":"Cariri Ocidental","mesoregiao":"Borborema"},"geometry":{"type":"Point","coordinates":[-37.2867248578,-7.9215241041]}},
{"type":"Feature","properties":{"fid":909,"proprietario":"Sebt. Biter","orgao":"CONESP","data_perfuracao":"1973-01-08","profundidade":52.0,"q_m3h":1.0,"equipamento":"BOMBA MANUAL","municipio":"Monteiro","microregiao":"Cariri Ocidental","mesoregiao":"Borborema"},"geometry":{"type":"Point","coordinates":[-37.2239462434,-7.8479125876]}},
{"type":"Feature","properties":{"fid":910,"proprietario":"M.da G. Amorim","orgao":"CONESP","data_perfuracao":"1973-01-04","profundidade":50.0,"q_m3h":5.0,"equipamento":"CATAVENTO","municipio":"Monteiro","microregiao":"Cariri Ocidental","mesoregiao":"Borborema"},"geometry":{"type":"Point","coordinates":[-37.0489447192,-7.8795799712]}},
{"type":"Feature","properties":{"fid":911,"proprietario":"A. B. Miranda","orgao":"CONESP","data_perfuracao":"1973-01-03","profundidade":40.0,"q_m3h":3.0,"equipamento":null,"municipio":"Sumé","microregiao":"Cariri Ocidental","mesoregiao":"Borborema"},"geometry":{"type":"Point","coordinates":[-36.9572768671,-7.8304126639]}},
{"type":"Feature","properties":{"fid":912,"proprietario":"E.z. De Macedo","orgao":"EXERCITO","data_perfuracao":"1967-01-07","profundidade":64.0,"q_m3h":3.0,"equipamento":"CATAVENTO","municipio":"Picuí","microregiao":"Seridó Oriental Paraibano","mesoregiao":"Borborema"},"geometry":{"type":"Point","coordinates":[-36.3503265863,-6.6087365191]}},
{"type":"Feature","properties":{"fid":913,"proprietario":"Jose Queiroz","orgao":"NAO INFORMADO","data_perfuracao":"1963-01-12","profundidade":36.0,"q_m3h":2.0,"equipamento":"CATAVENTO","municipio":"Picuí","microregiao":"Seridó Oriental Paraibano","mesoregiao":"Borborema"},"geometry":{"type":"Point","coordinates":[-36.28865892,-6.4279021185]}},
{"type":"Feature","properties":{"fid":914,"proprietario":"J.m. Conceicao","orgao":"EXERCITO","data_perfuracao":"1963-01-05","profundidade":68.0,"q_m3h":1.0,"equipamento":null,"municipio":"Picuí","microregiao":"Seridó Oriental Paraibano","mesoregiao":"Borborema"},"geometry":{"type":"Point","coordinates":[-36.2797699599,-6.612347594]}},
{"type":"Feature","properties":{"fid":915,"proprietario":"B.b.dos Santos","orgao":"EXERCITO","data_perfuracao":"1963-01-07","profundidade":42.0,"q_m3h":2.0,"equipamento":"CATAVENTO","municipio":"Picuí","microregiao":"Seridó Oriental Paraibano","mesoregiao":"Borborema"},"geometry":{"type":"Point","coordinates":[-36.2906040575,-6.6140146002]}},
{"type":"Feature","properties":{"fid":916,"proprietario":"Luis C. Silva","orgao":"EXERCITO","data_perfuracao":"1962-01-12","profundidade":36.0,"q_m3h":1.0,"equipamento":null,"municipio":"Baraúna","microregiao":"Seridó Oriental Paraibano","mesoregiao":"Borborema"},"geometry":{"type":"Point","coordinates":[-36.2511586994,-6.6042925486]}},
{"type":"Feature","properties":{"fid":917,"proprietario":"Prefeitura","orgao":"EXERCITO","data_perfuracao":"1965-01-10","profundidade":60.0,"q_m3h":2.0,"equipamento":"INJ. ELÉTRICA","municipio":"Picuí","microregiao":"Seridó Oriental Paraibano","mesoregiao":"Borborema"},"geometry":{"type":"Point","coordinates":[-36.3531045501,-6.5151247724]}},
{"type":"Feature","properties":{"fid":918,"proprietario":"Sev.l. Dantas","orgao":"EXERCITO","data_perfuracao":"1966-01-01","profundidade":60.0,"q_m3h":5.0,"equipamento":null,"municipio":"Cuité","microregiao":"Curimataú Ocidental","mesoregiao":"Agreste Paraibano"},"geometry":{"type":"Point","coordinates":[-36.1808810302,-6.5392920763]}},
{"type":"Feature","properties":{"fid":919,"proprietario":"Prefeitura","orgao":"EXERCITO","data_perfuracao":"1963-01-11","profundidade":35.0,"q_m3h":2.0,"equipamento":"ELETRO-BOMBA","municipio":"Picuí","microregiao":"Seridó Oriental Paraibano","mesoregiao":"Borborema"},"geometry":{"type":"Point","coordinates":[-36.2892149295,-6.4351241757]}},
{"type":"Feature","properties":{"fid":920,"proprietario":"Jose A. Silva","orgao":"EXERCITO","data_perfuracao":"1965-01-12","profundidade":55.0,"q_m3h":1.0,"equipamento":"CATAVENTO","municipio":"Picuí","microregiao":"Seridó Oriental Paraibano","mesoregiao":"Borborema"},"geometry":{"type":"Point","coordinates":[-36.4103271293,-6.6217925834]}},
{"type":"Feature","properties":{"fid":921,"proprietario":"Sev.g.debarros","orgao":"EXERCITO","data_perfuracao":"1967-01-08","profundidade":60.0,"q_m3h":2.0,"equipamento":"CATAVENTO","municipio":"Picuí","microregiao":"Seridó Oriental Paraibano","mesoregiao":"Borborema"},"geometry":{"type":"Point","coordinates":[-36.3003261182,-6.5742922777]}},
{"type":"Feature","properties":{"fid":922,"proprietario":"Alberto Jorge","orgao":"NAO INFORMADO","data_perfuracao":"1966-01-02","profundidade":60.0,"q_m3h":10.0,"equipamento":"CATAVENTO","municipio":"Picuí","microregiao":"Seridó Oriental Paraibano","mesoregiao":"Borborema"},"geometry":{"type":"Point","coordinates":[-36.2794929508,-6.6023475146]}},
{"type":"Feature","properties":{"fid":923,"proprietario":"M.conc. Dantas","orgao":"EXERCITO","data_perfuracao":"1965-01-11","profundidade":40.0,"q_m3h":2.0,"equipamento":"CATAVENTO","municipio":"Picuí","microregiao":"Seridó Oriental Paraibano","mesoregiao":"Borborema"},"geometry":{"type":"Point","coordinates":[-36.4292162843,-6.6017924121]}},
{"type":"Feature","properties":{"fid":924,"proprietario":"Fc.f. Medeiros","orgao":"EXERCITO","data_perfuracao":"1966-01-03","profundidade":52.0,"q_m3h":2.0,"equipamento":"CATAVENTO","municipio":"Pedra Lavrada","microregiao":"Seridó Oriental Paraibano","mesoregiao":"Borborema"},"geometry":{"type":"Point","coordinates":[-36.3031042197,-6.6909602038]}},
{"type":"Feature","properties":{"fid":925,"proprietario":"Manoel H. Neto","orgao":"EXERCITO","data_perfuracao":"1966-01-02","profundidade":55.0,"q_m3h":2.0,"equipamento":"CATAVENTO","municipio":"Picuí","microregiao":"Seridó Oriental Paraibano","mesoregiao":"Borborema"},"geometry":{"type":"Point","coordinates":[-36.2281034467,-6.531791986]}},
{"type":"Feature","properties":{"fid":926,"proprietario":"Sev.p. Araujo","orgao":"EXERCITO","data_perfuracao":"1962-01-01","profundidade":37.0,"q_m3h":2.0,"equipamento":"CATAVENTO","municipio":"Picuí","microregiao":"Seridó Oriental Paraibano","mesoregiao":"Borborema"},"geometry":{"type":"Point","coordinates":[-36.2756038148,-6.4454022664]}},
{"type":"Feature","properties":{"fid":927,"proprietario":"Sev.r.oliveira","orgao":"DNOCS","data_perfuracao":"1966-01-01","profundidade":27.0,"q_m3h":1.0,"equipamento":"CATAVENTO","municipio":"Nova Floresta","microregiao":"Curimataú Ocidental","mesoregiao":"Agreste Paraibano"},"geometry":{"type":"Point","coordinates":[-36.2258813762,-6.452902358]}},
{"type":"Feature","properties":{"fid":928,"proprietario":"Felix F. Silva","orgao":"CIDAGRO","data_perfuracao":"1980-01-04","profundidade":29.0,"q_m3h":2.0,"equipamento":"INJ. ELÉTRICA","municipio":"Picuí","microregiao":"Seridó Oriental Paraibano","mesoregiao":"Borborema"},"geometry":{"type":"Point","coordinates":[-36.2444925386,-6.4473463018]}},
{"type":"Feature","properties":{"fid":929,"proprietario":"Sev.r.oliveira","orgao":"CIDAGRO","data_perfuracao":"1980-01-02","profundidade":48.0,"q_m3h":1.0,"equipamento":"INJ. ELÉTRICA","municipio":"Picuí","microregiao":"Seridó Oriental Paraibano","mesoregiao":"Borborema"},"geometry":{"type":"Point","coordinates":[-36.2503255992,-6.4606804045]}},
{"type":"Feature","properties":{"fid":930,"proprietario":"Joao S.olivei.","orgao":"NAO INFORMADO","data_perfuracao":"1959-01-01","profundidade":19.0,"q_m3h":7.0,"equipamento":null,"municipio":"Picuí","microregiao":"Seridó Oriental Paraibano","mesoregiao":"Borborema"},"geometry":{"type":"Point","coordinates":[-36.2336584468,-6.4548463686]}},
{"type":"Feature","properties":{"fid":931,"proprietario":"Prefeitura","orgao":"CDRM","data_perfuracao":"1981-01-09","profundidade":17.0,"q_m3h":7.0,"equipamento":null,"municipio":"Picuí","microregiao":"Seridó Oriental Paraibano","mesoregiao":"Borborema"},"geometry":{"type":"Point","coordinates":[-36.2925478739,-6.2998450931]}},
{"type":"Feature","properties":{"fid":932,"proprietario":"Prefeitura","orgao":"DNOCS","data_perfuracao":"1984-01-05","profundidade":48.0,"q_m3h":4.0,"equipamento":"ELETRO-BOMBA","municipio":"São Mamede","microregiao":"Seridó Ocidental Paraibano","mesoregiao":"Borborema"},"geometry":{"type":"Point","coordinates":[-37.146722793,-6.8192936457]}},
{"type":"Feature","properties":{"fid":933,"proprietario":"Prefeitura","orgao":"DNOCS","data_perfuracao":"1984-01-05","profundidade":48.0,"q_m3h":4.0,"equipamento":"ELETRO-BOMBA","municipio":"São Mamede","microregiao":"Seridó Ocidental Paraibano","mesoregiao":"Borborema"},"geometry":{"type":"Point","coordinates":[-37.1017224733,-6.9309615526]}},
{"type":"Feature","properties":{"fid":934,"proprietario":"Jose Feitosa","orgao":"DNOCS","data_perfuracao":"1970-01-11","profundidade":20.0,"q_m3h":1.0,"equipamento":"BOMBA MANUAL","municipio":"São Sebastião do Umbuzeiro","microregiao":"Cariri Ocidental","mesoregiao":"Borborema"},"geometry":{"type":"Point","coordinates":[-36.96005523,-8.2451378592]}},
{"type":"Feature","properties":{"fid":935,"proprietario":"Joao Feitosa","orgao":"DNOCS","data_perfuracao":"1970-01-11","profundidade":30.0,"q_m3h":2.0,"equipamento":null,"municipio":"São Sebastião do Umbuzeiro","microregiao":"Cariri Ocidental","mesoregiao":"Borborema"},"geometry":{"type":"Point","coordinates":[-36.9928334922,-8.2106935674]}},
{"type":"Feature","properties":{"fid":936,"proprietario":"Jose Lafaiete","orgao":"DNOCS","data_perfuracao":"2000-01-01","profundidade":52.0,"q_m3h":2.0,"equipamento":null,"municipio":"São Sebastião do Umbuzeiro","microregiao":"Cariri Ocidental","mesoregiao":"Borborema"},"geometry":{"type":"Point","coordinates":[-37.0181117561,-8.257915909]}},
{"type":"Feature","properties":{"fid":937,"proprietario":"Jose Lafaiete","orgao":"DNOCS","data_perfuracao":"1970-01-09","profundidade":70.0,"q_m3h":3.0,"equipamento":"CATAVENTO","municipio":"São Sebastião do Umbuzeiro","microregiao":"Cariri Ocidental","mesoregiao":"Borborema"},"geometry":{"type":"Point","coordinates":[-37.0133897032,-8.2448598127]}},
{"type":"Feature","properties":{"fid":938,"proprietario":"Jose Lafaiete","orgao":"DNOCS","data_perfuracao":"2000-01-01","profundidade":50.0,"q_m3h":2.0,"equipamento":"BOMBA MANUAL","municipio":"São Sebastião do Umbuzeiro","microregiao":"Cariri Ocidental","mesoregiao":"Borborema"},"geometry":{"type":"Point","coordinates":[-36.9889444865,-8.2451378352]}},
{"type":"Feature","properties":{"fid":939,"proprietario":"Prefeitura","orgao":"DNOCS","data_perfuracao":"2000-01-01","profundidade":31.0,"q_m3h":2.0,"equipamento":null,"municipio":"São Sebastião do Umbuzeiro","microregiao":"Cariri Ocidental","mesoregiao":"Borborema"},"geometry":{"type":"Point","coordinates":[-37.0114446096,-8.15319311]}},
{"type":"Feature","properties":{"fid":940,"proprietario":"Pompeu Borba","orgao":"DNOCS","data_perfuracao":"1975-01-11","profundidade":25.0,"q_m3h":4.0,"equipamento":"CATAVENTO","municipio":"Monteiro","microregiao":"Cariri Ocidental","mesoregiao":"Borborema"},"geometry":{"type":"Point","coordinates":[-37.0089444914,-8.036525214]}},
{"type":"Feature","properties":{"fid":941,"proprietario":"Otavio Amorim","orgao":"TJANER","data_perfuracao":"1964-01-05","profundidade":30.0,"q_m3h":4.0,"equipamento":"INJ. ELÉTRICA","municipio":"Zabelê","microregiao":"Cariri Ocidental","mesoregiao":"Borborema"},"geometry":{"type":"Point","coordinates":[-37.0825561976,-8.1015256543]}},
{"type":"Feature","properties":{"fid":942,"proprietario":"Manoel Flor","orgao":"CONESP","data_perfuracao":"1964-01-06","profundidade":30.0,"q_m3h":4.0,"equipamento":"CATAVENTO","municipio":"Monteiro","microregiao":"Cariri Ocidental","mesoregiao":"Borborema"},"geometry":{"type":"Point","coordinates":[-37.0656119112,-7.9345803824]}},
{"type":"Feature","properties":{"fid":943,"proprietario":"Tadeu Mendes","orgao":"CONESP","data_perfuracao":"1964-01-06","profundidade":42.0,"q_m3h":1.0,"equipamento":"CATAVENTO","municipio":"Monteiro","microregiao":"Cariri Ocidental","mesoregiao":"Borborema"},"geometry":{"type":"Point","coordinates":[-37.0361667062,-8.0037469393]}},
{"type":"Feature","properties":{"fid":944,"proprietario":"Manoel Xavier","orgao":"CONESP","data_perfuracao":"1964-01-07","profundidade":59.0,"q_m3h":2.0,"equipamento":null,"municipio":"Monteiro","microregiao":"Cariri Ocidental","mesoregiao":"Borborema"},"geometry":{"type":"Point","coordinates":[-37.1731129006,-7.9804136489]}},
{"type":"Feature","properties":{"fid":945,"proprietario":"Z. S. Liberal","orgao":"CONESP","data_perfuracao":"1964-01-06","profundidade":50.0,"q_m3h":1.0,"equipamento":"CATAVENTO","municipio":"Monteiro","microregiao":"Cariri Ocidental","mesoregiao":"Borborema"},"geometry":{"type":"Point","coordinates":[-37.1811679599,-7.9656915291]}},
{"type":"Feature","properties":{"fid":946,"proprietario":"I.p.oliveira","orgao":"CONESP","data_perfuracao":"1963-01-10","profundidade":50.0,"q_m3h":185.0,"equipamento":"CATAVENTO","municipio":"Monteiro","microregiao":"Cariri Ocidental","mesoregiao":"Borborema"},"geometry":{"type":"Point","coordinates":[-37.1861678985,-7.8345795148]}},
{"type":"Feature","properties":{"fid":947,"proprietario":"Prefeitura","orgao":"CDRM","data_perfuracao":"1982-01-02","profundidade":50.0,"q_m3h":201.0,"equipamento":"CATAVENTO","municipio":"Monteiro","microregiao":"Cariri Ocidental","mesoregiao":"Borborema"},"geometry":{"type":"Point","coordinates":[-37.0197775162,-7.9487465284]}},
{"type":"Feature","properties":{"fid":948,"proprietario":"Ant. Ferreira","orgao":"CONESP","data_perfuracao":"1963-01-09","profundidade":55.0,"q_m3h":1.0,"equipamento":"CATAVENTO","municipio":"Monteiro","microregiao":"Cariri Ocidental","mesoregiao":"Borborema"},"geometry":{"type":"Point","coordinates":[-37.1933909711,-7.8454125926]}},
{"type":"Feature","properties":{"fid":949,"proprietario":"Abel Bezerra","orgao":"CONESP","data_perfuracao":"1963-01-09","profundidade":60.0,"q_m3h":12.0,"equipamento":"CATAVENTO","municipio":"Monteiro","microregiao":"Cariri Ocidental","mesoregiao":"Borborema"},"geometry":{"type":"Point","coordinates":[-37.1845018769,-7.8259684497]}},
{"type":"Feature","properties":{"fid":950,"proprietario":"Ant. Severino","orgao":"CONESP","data_perfuracao":"1963-01-08","profundidade":60.0,"q_m3h":5.0,"equipamento":"CATAVENTO","municipio":"Monteiro","microregiao":"Cariri Ocidental","mesoregiao":"Borborema"},"geometry":{"type":"Point","coordinates":[-37.1656127033,-7.8179124025]}},
{"type":"Feature","properties":{"fid":951,"proprietario":"A. Targino","orgao":"CONESP","data_perfuracao":"1963-01-10","profundidade":60.0,"q_m3h":1.0,"equipamento":"CATAVENTO","municipio":"Monteiro","microregiao":"Cariri Ocidental","mesoregiao":"Borborema"},"geometry":{"type":"Point","coordinates":[-37.1908909719,-7.8740238152]}},
{"type":"Feature","properties":{"fid":952,"proprietario":"M. B. Silva","orgao":"CONESP","data_perfuracao":"1963-01-10","profundidade":60.0,"q_m3h":1.0,"equipamento":"BOMBA MANUAL","municipio":"Monteiro","microregiao":"Cariri Ocidental","mesoregiao":"Borborema"},"geometry":{"type":"Point","coordinates":[-37.1064451887,-7.8295795395]}},
{"type":"Feature","properties":{"fid":953,"proprietario":"Jose Bezerra","orgao":"CONESP","data_perfuracao":"1963-01-10","profundidade":50.0,"q_m3h":4.0,"equipamento":"CATAVENTO","municipio":"Monteiro","microregiao":"Cariri Ocidental","mesoregiao":"Borborema"},"geometry":{"type":"Point","coordinates":[-37.1970020445,-7.897079988]}},
{"type":"Feature","properties":{"fid":954,"proprietario":"R.de Carvalho","orgao":"CONESP","data_perfuracao":"1963-01-11","profundidade":50.0,"q_m3h":9.0,"equipamento":"CATAVENTO","municipio":"Monteiro","microregiao":"Cariri Ocidental","mesoregiao":"Borborema"},"geometry":{"type":"Point","coordinates":[-37.026166471,-7.8215235408]}},
{"type":"Feature","properties":{"fid":955,"proprietario":"Bruno Silva","orgao":"CONESP","data_perfuracao":"1963-01-11","profundidade":47.0,"q_m3h":12.0,"equipamento":"CATAVENTO","municipio":"Monteiro","microregiao":"Cariri Ocidental","mesoregiao":"Borborema"},"geometry":{"type":"Point","coordinates":[-37.1620017551,-7.9223572108]}},
{"type":"Feature","properties":{"fid":956,"proprietario":"E. Martins","orgao":"CONESP","data_perfuracao":"1963-01-11","profundidade":50.0,"q_m3h":1.0,"equipamento":"CATAVENTO","municipio":"Monteiro","microregiao":"Cariri Ocidental","mesoregiao":"Borborema"},"geometry":{"type":"Point","coordinates":[-37.1953350614,-7.936246291]}},
{"type":"Feature","properties":{"fid":957,"proprietario":"A.b.de Miranda","orgao":"CONESP","data_perfuracao":"1963-01-07","profundidade":25.0,"q_m3h":7.0,"equipamento":null,"municipio":"Sumé","microregiao":"Cariri Ocidental","mesoregiao":"Borborema"},"geometry":{"type":"Point","coordinates":[-36.9575548696,-7.8304126637]}},
{"type":"Feature","properties":{"fid":958,"proprietario":"Luiz Ferreira","orgao":"CONESP","data_perfuracao":"1963-01-12","profundidade":70.0,"q_m3h":5.0,"equipamento":"CATAVENTO","municipio":"Monteiro","microregiao":"Cariri Ocidental","mesoregiao":"Borborema"},"geometry":{"type":"Point","coordinates":[-37.2336684012,-7.9370802665]}},
{"type":"Feature","properties":{"fid":959,"proprietario":"A. A. Pereira","orgao":"CONESP","data_perfuracao":"1964-01-01","profundidade":70.0,"q_m3h":1.0,"equipamento":"CATAVENTO","municipio":"Monteiro","microregiao":"Cariri Ocidental","mesoregiao":"Borborema"},"geometry":{"type":"Point","coordinates":[-36.9970002204,-7.8315236411]}},
{"type":"Feature","properties":{"fid":960,"proprietario":"Ant.  Nunes","orgao":"DNOCS","data_perfuracao":"1979-01-05","profundidade":60.0,"q_m3h":4.0,"equipamento":"INJ. ELÉTRICA","municipio":"Monteiro","microregiao":"Cariri Ocidental","mesoregiao":"Borborema"},"geometry":{"type":"Point","coordinates":[-37.1658907656,-7.8926349786]}},
{"type":"Feature","properties":{"fid":961,"proprietario":"Prefeitura","orgao":"DNOCS","data_perfuracao":"1976-01-06","profundidade":20.0,"q_m3h":8.0,"equipamento":"CATAVENTO","municipio":"Monteiro","microregiao":"Cariri Ocidental","mesoregiao":"Borborema"},"geometry":{"type":"Point","coordinates":[-36.9670000707,-7.9768027873]}},
{"type":"Feature","properties":{"fid":962,"proprietario":"Prefeitura","orgao":"DNOCS","data_perfuracao":"1971-01-10","profundidade":48.0,"q_m3h":2.0,"equipamento":"CATAVENTO","municipio":"Monteiro","microregiao":"Cariri Ocidental","mesoregiao":"Borborema"},"geometry":{"type":"Point","coordinates":[-37.130334546,-8.0101359123]}},
{"type":"Feature","properties":{"fid":963,"proprietario":"A. A. Da Silva","orgao":"DNOCS","data_perfuracao":"1979-01-05","profundidade":35.0,"q_m3h":6.0,"equipamento":null,"municipio":"Monteiro","microregiao":"Cariri Ocidental","mesoregiao":"Borborema"},"geometry":{"type":"Point","coordinates":[-37.0267224383,-7.774023173]}},
{"type":"Feature","properties":{"fid":964,"proprietario":"M. Das Dores","orgao":"DNOCS","data_perfuracao":"1976-01-06","profundidade":35.0,"q_m3h":4.0,"equipamento":"CATAVENTO","municipio":"Monteiro","microregiao":"Cariri Ocidental","mesoregiao":"Borborema"},"geometry":{"type":"Point","coordinates":[-37.1381125197,-7.8926350008]}},
{"type":"Feature","properties":{"fid":965,"proprietario":"C. Campestre","orgao":"DNOCS","data_perfuracao":"1979-01-04","profundidade":20.0,"q_m3h":1.0,"equipamento":null,"municipio":"Monteiro","microregiao":"Cariri Ocidental","mesoregiao":"Borborema"},"geometry":{"type":"Point","coordinates":[-37.1020011934,-7.8845799676]}},
{"type":"Feature","properties":{"fid":966,"proprietario":"Pedro Rocha","orgao":"DNOCS","data_perfuracao":"1976-01-12","profundidade":20.0,"q_m3h":5.0,"equipamento":"CATAVENTO","municipio":"Monteiro","microregiao":"Cariri Ocidental","mesoregiao":"Borborema"},"geometry":{"type":"Point","coordinates":[-37.0731119003,-7.8381906324]}},
{"type":"Feature","properties":{"fid":967,"proprietario":"E. H. M.borges","orgao":"DNOCS","data_perfuracao":"1978-01-06","profundidade":31.0,"q_m3h":6.0,"equipamento":"CATAVENTO","municipio":"Monteiro","microregiao":"Cariri Ocidental","mesoregiao":"Borborema"},"geometry":{"type":"Point","coordinates":[-37.1731128492,-7.9170801612]}},
{"type":"Feature","properties":{"fid":968,"proprietario":"Nilo Feitosa","orgao":"DNOCS","data_perfuracao":"1979-01-07","profundidade":35.0,"q_m3h":2.0,"equipamento":"CATAVENTO","municipio":"Monteiro","microregiao":"Cariri Ocidental","mesoregiao":"Borborema"},"geometry":{"type":"Point","coordinates":[-37.0470006563,-7.8223565307]}},
{"type":"Feature","properties":{"fid":969,"proprietario":"Nelson Viana","orgao":"DNOCS","data_perfuracao":"1978-01-10","profundidade":32.0,"q_m3h":6.0,"equipamento":"INJ. ELÉTRICA","municipio":"Monteiro","microregiao":"Cariri Ocidental","mesoregiao":"Borborema"},"geometry":{"type":"Point","coordinates":[-37.1186674006,-7.9584695239]}},
{"type":"Feature","properties":{"fid":970,"proprietario":"I. F. Ventura","orgao":"DNOCS","data_perfuracao":"1979-01-06","profundidade":40.0,"q_m3h":6.0,"equipamento":null,"municipio":"Monteiro","microregiao":"Cariri Ocidental","mesoregiao":"Borborema"},"geometry":{"type":"Point","coordinates":[-37.0620009014,-7.9620805973]}},
{"type":"Feature","properties":{"fid":971,"proprietario":"Prefeitura","orgao":"L. B.E.","data_perfuracao":"1970-01-01","profundidade":10.0,"q_m3h":4.0,"equipamento":null,"municipio":"Monteiro","microregiao":"Cariri Ocidental","mesoregiao":"Borborema"},"geometry":{"type":"Point","coordinates":[-37.1195013571,-7.8954130371]}},
{"type":"Feature","properties":{"fid":972,"proprietario":"Prefeitura","orgao":"L. B.E.","data_perfuracao":"1970-01-01","profundidade":10.0,"q_m3h":4.0,"equipamento":"INJ. ELÉTRICA","municipio":"Monteiro","microregiao":"Cariri Ocidental","mesoregiao":"Borborema"},"geometry":{"type":"Point","coordinates":[-37.1214453721,-7.8926350142]}},
{"type":"Feature","properties":{"fid":973,"proprietario":"Manoel Remis","orgao":"J.RIBR.","data_perfuracao":"1979-01-12","profundidade":21.0,"q_m3h":4.0,"equipamento":"CATAVENTO","municipio":"Monteiro","microregiao":"Cariri Ocidental","mesoregiao":"Borborema"},"geometry":{"type":"Point","coordinates":[-37.0714450434,-8.0337471418]}},
{"type":"Feature","properties":{"fid":974,"proprietario":"Joao Faustino","orgao":"DNOCS","data_perfuracao":"1966-01-07","profundidade":37.0,"q_m3h":11.0,"equipamento":"CATAVENTO","municipio":"Santa Teresinha","microregiao":"Patos","mesoregiao":"Sertão Paraibano"},"geometry":{"type":"Point","coordinates":[-37.3981142064,-7.0951286235]}},
{"type":"Feature","properties":{"fid":975,"proprietario":"Joao Faustino","orgao":"DNOCS","data_perfuracao":"1966-01-10","profundidade":37.0,"q_m3h":3.0,"equipamento":"CATAVENTO","municipio":"Santa Teresinha","microregiao":"Patos","mesoregiao":"Sertão Paraibano"},"geometry":{"type":"Point","coordinates":[-37.401447237,-7.0967956341]}},
{"type":"Feature","properties":{"fid":976,"proprietario":"Prefeitura","orgao":"DNOCS","data_perfuracao":"1964-01-01","profundidade":113.0,"q_m3h":2.0,"equipamento":"ELETRO-BOMBA","municipio":"Santa Teresinha","microregiao":"Patos","mesoregiao":"Sertão Paraibano"},"geometry":{"type":"Point","coordinates":[-37.3964471841,-7.0845735426]}},
{"type":"Feature","properties":{"fid":977,"proprietario":"Ant. Paraguai","orgao":"NAO INFORMADO","data_perfuracao":"2000-01-01","profundidade":10.0,"q_m3h":2.0,"equipamento":null,"municipio":"São Sebastião do Umbuzeiro","microregiao":"Cariri Ocidental","mesoregiao":"Borborema"},"geometry":{"type":"Point","coordinates":[-36.9725553703,-8.2801381176]}},
{"type":"Feature","properties":{"fid":978,"proprietario":"Prefeitura","orgao":"PREFEITURA","data_perfuracao":"1979-01-07","profundidade":6.0,"q_m3h":2.0,"equipamento":null,"municipio":"São Sebastião do Umbuzeiro","microregiao":"Cariri Ocidental","mesoregiao":"Borborema"},"geometry":{"type":"Point","coordinates":[-37.0086665824,-8.1501370888]}},
{"type":"Feature","properties":{"fid":979,"proprietario":"Pompeu Borba","orgao":"DNOCS","data_perfuracao":"2000-01-01","profundidade":10.0,"q_m3h":2.0,"equipamento":"CATAVENTO","municipio":"Monteiro","microregiao":"Cariri Ocidental","mesoregiao":"Borborema"},"geometry":{"type":"Point","coordinates":[-37.0606119329,-8.0159700137]}},
{"type":"Feature","properties":{"fid":980,"proprietario":"Prefeitura","orgao":"CDRM","data_perfuracao":"1981-01-09","profundidade":50.0,"q_m3h":1.0,"equipamento":"CATAVENTO","municipio":"Zabelê","microregiao":"Cariri Ocidental","mesoregiao":"Borborema"},"geometry":{"type":"Point","coordinates":[-37.101723384,-8.1215257923]}},
{"type":"Feature","properties":{"fid":981,"proprietario":"Prefeitura","orgao":"CDRM","data_perfuracao":"1982-01-01","profundidade":50.0,"q_m3h":2.0,"equipamento":"CATAVENTO","municipio":"São Sebastião do Umbuzeiro","microregiao":"Cariri Ocidental","mesoregiao":"Borborema"},"geometry":{"type":"Point","coordinates":[-37.0886672637,-8.1159707603]}},
{"type":"Feature","properties":{"fid":982,"proprietario":"Prefeitura","orgao":"CDRM","data_perfuracao":"1981-01-09","profundidade":43.0,"q_m3h":1.0,"equipamento":"CATAVENTO","municipio":"São Sebastião do Umbuzeiro","microregiao":"Cariri Ocidental","mesoregiao":"Borborema"},"geometry":{"type":"Point","coordinates":[-37.0220006131,-8.043747259]}},
{"type":"Feature","properties":{"fid":983,"proprietario":"Prefeitura","orgao":"CONESP","data_perfuracao":"1983-01-11","profundidade":48.0,"q_m3h":1.0,"equipamento":null,"municipio":"São João do Tigre","microregiao":"Cariri Ocidental","mesoregiao":"Borborema"},"geometry":{"type":"Point","coordinates":[-36.8475540946,-8.0809706876]}},
{"type":"Feature","properties":{"fid":984,"proprietario":"Prefeitura","orgao":"CPRM","data_perfuracao":"1984-01-07","profundidade":60.0,"q_m3h":3.0,"equipamento":"MOTO-BOMBA","municipio":"Monteiro","microregiao":"Cariri Ocidental","mesoregiao":"Borborema"},"geometry":{"type":"Point","coordinates":[-36.9642219292,-7.8309686627]}},
{"type":"Feature","properties":{"fid":985,"proprietario":"Prefeitura","orgao":"CPRM","data_perfuracao":"1984-01-07","profundidade":60.0,"q_m3h":2.0,"equipamento":"MOTO-BOMBA","municipio":"Monteiro","microregiao":"Cariri Ocidental","mesoregiao":"Borborema"},"geometry":{"type":"Point","coordinates":[-37.1128343694,-7.9837467233]}},
{"type":"Feature","properties":{"fid":986,"proprietario":"Prefeitura","orgao":"DNOCS","data_perfuracao":"1984-01-04","profundidade":48.0,"q_m3h":2.0,"equipamento":"CATAVENTO","municipio":"Monteiro","microregiao":"Cariri Ocidental","mesoregiao":"Borborema"},"geometry":{"type":"Point","coordinates":[-37.1189453864,-7.9379133652]}},
{"type":"Feature","properties":{"fid":987,"proprietario":"Prefeitura","orgao":"CDRM","data_perfuracao":"1988-01-02","profundidade":30.0,"q_m3h":3.0,"equipamento":"CATAVENTO","municipio":"Pirpirituba","microregiao":"Guarabira","mesoregiao":"Agreste Paraibano"},"geometry":{"type":"Point","coordinates":[-35.4314294558,-6.7595723257]}},
{"type":"Feature","properties":{"fid":988,"proprietario":"Alta F. Sousa","orgao":"CONESP","data_perfuracao":"1977-01-03","profundidade":61.0,"q_m3h":4.0,"equipamento":"MOTO-BOMBA","municipio":"Santa Teresinha","microregiao":"Patos","mesoregiao":"Sertão Paraibano"},"geometry":{"type":"Point","coordinates":[-37.4406145334,-7.0295730824]}},
{"type":"Feature","properties":{"fid":989,"proprietario":"Prefeitura","orgao":"CONESP","data_perfuracao":"1977-01-03","profundidade":61.0,"q_m3h":6.0,"equipamento":null,"municipio":"Santa Teresinha","microregiao":"Patos","mesoregiao":"Sertão Paraibano"},"geometry":{"type":"Point","coordinates":[-37.4439476009,-7.0823504909]}},
{"type":"Feature","properties":{"fid":990,"proprietario":"Prefeitura","orgao":"CDRM","data_perfuracao":"1982-01-07","profundidade":30.0,"q_m3h":3.0,"equipamento":"CATAVENTO","municipio":"Santa Teresinha","microregiao":"Patos","mesoregiao":"Sertão Paraibano"},"geometry":{"type":"Point","coordinates":[-37.3886690719,-7.0240170764]}},
{"type":"Feature","properties":{"fid":991,"proprietario":"Prefeitura","orgao":"CDRM","data_perfuracao":"1982-01-05","profundidade":42.0,"q_m3h":2.0,"equipamento":"CATAVENTO","municipio":"Santa Teresinha","microregiao":"Patos","mesoregiao":"Sertão Paraibano"},"geometry":{"type":"Point","coordinates":[-37.42783646,-7.0837395134]}},
{"type":"Feature","properties":{"fid":992,"proprietario":"Prefeitura","orgao":"CDRM","data_perfuracao":"1985-01-11","profundidade":40.0,"q_m3h":1.0,"equipamento":"CATAVENTO","municipio":"Santa Teresinha","microregiao":"Patos","mesoregiao":"Sertão Paraibano"},"geometry":{"type":"Point","coordinates":[-37.4611697055,-7.0170729703]}},
{"type":"Feature","properties":{"fid":993,"proprietario":"Prefeitura","orgao":"DNOCS","data_perfuracao":"1969-01-07","profundidade":55.0,"q_m3h":3.0,"equipamento":"INJ. ELÉTRICA","municipio":"Santana de Mangueira","microregiao":"Itaporanga","mesoregiao":"Sertão Paraibano"},"geometry":{"type":"Point","coordinates":[-38.3284007108,-7.5526314468]}},
{"type":"Feature","properties":{"fid":994,"proprietario":"Jandir L.nobr.","orgao":"EXERCITO","data_perfuracao":"2000-01-01","profundidade":53.0,"q_m3h":1.0,"equipamento":"CATAVENTO","municipio":"São Vicente do Seridó","microregiao":"Seridó Oriental Paraibano","mesoregiao":"Borborema"},"geometry":{"type":"Point","coordinates":[-36.4736608998,-6.9281839678]}},
{"type":"Feature","properties":{"fid":995,"proprietario":"Sev.m.oliveira","orgao":"CARIRI","data_perfuracao":"1963-01-07","profundidade":36.0,"q_m3h":2.0,"equipamento":"CATAVENTO","municipio":"São Vicente do Seridó","microregiao":"Seridó Oriental Paraibano","mesoregiao":"Borborema"},"geometry":{"type":"Point","coordinates":[-36.3756050138,-6.9098498903]}},
{"type":"Feature","properties":{"fid":996,"proprietario":"Ant. C. Neto","orgao":"DNOCS","data_perfuracao":"1959-01-01","profundidade":60.0,"q_m3h":5.0,"equipamento":"BOMBA MANUAL","municipio":"São Vicente do Seridó","microregiao":"Seridó Oriental Paraibano","mesoregiao":"Borborema"},"geometry":{"type":"Point","coordinates":[-36.5181062423,-6.8509613271]}},
{"type":"Feature","properties":{"fid":997,"proprietario":"Prefeitura","orgao":"DNOCS","data_perfuracao":"1963-01-06","profundidade":110.0,"q_m3h":1.0,"equipamento":"INJ. ELÉTRICA","municipio":"São Vicente do Seridó","microregiao":"Seridó Oriental Paraibano","mesoregiao":"Borborema"},"geometry":{"type":"Point","coordinates":[-36.4050492945,-6.9365170809]}},
{"type":"Feature","properties":{"fid":998,"proprietario":"Eliete Sousa","orgao":"DNOCS","data_perfuracao":"1959-01-01","profundidade":60.0,"q_m3h":4.0,"equipamento":"CATAVENTO","municipio":"São Vicente do Seridó","microregiao":"Seridó Oriental Paraibano","mesoregiao":"Borborema"},"geometry":{"type":"Point","coordinates":[-36.4611607692,-6.9001277547]}},
{"type":"Feature","properties":{"fid":999,"proprietario":"Prefeitura","orgao":"CONESP","data_perfuracao":"1976-01-11","profundidade":43.0,"q_m3h":6.0,"equipamento":"INJ. ELÉTRICA","municipio":"São Vicente do Seridó","microregiao":"Seridó Oriental Paraibano","mesoregiao":"Borborema"},"geometry":{"type":"Point","coordinates":[-36.4111602954,-6.8584614594]}},
{"type":"Feature","properties":{"fid":1000,"proprietario":"Jose Pereira","orgao":"CONESP","data_perfuracao":"1976-01-11","profundidade":60.0,"q_m3h":6.0,"equipamento":null,"municipio":"São Vicente do Seridó","microregiao":"Seridó Oriental Paraibano","mesoregiao":"Borborema"},"geometry":{"type":"Point","coordinates":[-36.3458827643,-6.9323500887]}},
{"type":"Feature","properties":{"fid":1001,"proprietario":"Severino Ramos","orgao":"DNOCS","data_perfuracao":"1976-01-01","profundidade":30.0,"q_m3h":4.0,"equipamento":"CATAVENTO","municipio":"São Vicente do Seridó","microregiao":"Seridó Oriental Paraibano","mesoregiao":"Borborema"},"geometry":{"type":"Point","coordinates":[-36.4125493187,-6.8745725859]}},
{"type":"Feature","properties":{"fid":1002,"proprietario":"Severino Ramos","orgao":"DNOCS","data_perfuracao":"1961-01-01","profundidade":37.0,"q_m3h":2.0,"equipamento":"INJ. ELÉTRICA","municipio":"São Vicente do Seridó","microregiao":"Seridó Oriental Paraibano","mesoregiao":"Borborema"},"geometry":{"type":"Point","coordinates":[-36.4150493374,-6.8692945424]}},
{"type":"Feature","properties":{"fid":1003,"proprietario":"Severino Ramos","orgao":"DNOCS","data_perfuracao":"1961-01-01","profundidade":29.0,"q_m3h":2.0,"equipamento":"CATAVENTO","municipio":"São Vicente do Seridó","microregiao":"Seridó Oriental Paraibano","mesoregiao":"Borborema"},"geometry":{"type":"Point","coordinates":[-36.4125493267,-6.8862386782]}},
{"type":"Feature","properties":{"fid":1004,"proprietario":"Aprijo Silva","orgao":"DNOCS","data_perfuracao":"1962-01-01","profundidade":10.0,"q_m3h":2.0,"equipamento":"CATAVENTO","municipio":"São Vicente do Seridó","microregiao":"Seridó Oriental Paraibano","mesoregiao":"Borborema"},"geometry":{"type":"Point","coordinates":[-36.4389385734,-6.9031837941]}},
{"type":"Feature","properties":{"fid":1005,"proprietario":"Manoelcordeiro","orgao":"NAO INFORMADO","data_perfuracao":"2000-01-01","profundidade":10.0,"q_m3h":2.0,"equipamento":"CATAVENTO","municipio":"São Vicente do Seridó","microregiao":"Seridó Oriental Paraibano","mesoregiao":"Borborema"},"geometry":{"type":"Point","coordinates":[-36.4450496504,-6.9359620489]}},
{"type":"Feature","properties":{"fid":1006,"proprietario":"Antonio Filho","orgao":"NAO INFORMADO","data_perfuracao":"2000-01-01","profundidade":10.0,"q_m3h":2.0,"equipamento":"BOMBA MANUAL","municipio":"São Vicente do Seridó","microregiao":"Seridó Oriental Paraibano","mesoregiao":"Borborema"},"geometry":{"type":"Point","coordinates":[-36.5144952334,-6.8848495973]}},
{"type":"Feature","properties":{"fid":1007,"proprietario":"Prefeitura","orgao":"CDRM","data_perfuracao":"1982-01-03","profundidade":50.0,"q_m3h":1.0,"equipamento":"CATAVENTO","municipio":"São Vicente do Seridó","microregiao":"Seridó Oriental Paraibano","mesoregiao":"Borborema"},"geometry":{"type":"Point","coordinates":[-36.4306054889,-6.8881836812]}},
{"type":"Feature","properties":{"fid":1008,"proprietario":"Prefeitura","orgao":"CDRM","data_perfuracao":"1981-01-10","profundidade":50.0,"q_m3h":1.0,"equipamento":"CATAVENTO","municipio":"São Vicente do Seridó","microregiao":"Seridó Oriental Paraibano","mesoregiao":"Borborema"},"geometry":{"type":"Point","coordinates":[-36.5019951359,-6.9048497639]}},
{"type":"Feature","properties":{"fid":1009,"proprietario":"Prefeitura","orgao":"CDRM","data_perfuracao":"1985-01-07","profundidade":51.0,"q_m3h":1.0,"equipamento":"CATAVENTO","municipio":"São Vicente do Seridó","microregiao":"Seridó Oriental Paraibano","mesoregiao":"Borborema"},"geometry":{"type":"Point","coordinates":[-36.526717329,-6.8656834375]}},
{"type":"Feature","properties":{"fid":1010,"proprietario":"Prefeitura","orgao":"CPRM","data_perfuracao":"1983-01-10","profundidade":60.0,"q_m3h":1.0,"equipamento":null,"municipio":"São Vicente do Seridó","microregiao":"Seridó Oriental Paraibano","mesoregiao":"Borborema"},"geometry":{"type":"Point","coordinates":[-36.4419946083,-6.9142948798]}},
{"type":"Feature","properties":{"fid":1011,"proprietario":"Prefeitura","orgao":"CPRM","data_perfuracao":"1983-01-10","profundidade":60.0,"q_m3h":1.0,"equipamento":"CATAVENTO","municipio":"São Vicente do Seridó","microregiao":"Seridó Oriental Paraibano","mesoregiao":"Borborema"},"geometry":{"type":"Point","coordinates":[-36.3558828506,-6.9281840489]}},
{"type":"Feature","properties":{"fid":1012,"proprietario":"Prefeitura","orgao":"CPRM","data_perfuracao":"1984-01-05","profundidade":60.0,"q_m3h":1.0,"equipamento":null,"municipio":"São Vicente do Seridó","microregiao":"Seridó Oriental Paraibano","mesoregiao":"Borborema"},"geometry":{"type":"Point","coordinates":[-36.4739389466,-6.992073472]}},
{"type":"Feature","properties":{"fid":1013,"proprietario":"Prefeitura","orgao":"DNOCS","data_perfuracao":"1984-01-08","profundidade":67.0,"q_m3h":4.0,"equipamento":"CATAVENTO","municipio":"São Vicente do Seridó","microregiao":"Seridó Oriental Paraibano","mesoregiao":"Borborema"},"geometry":{"type":"Point","coordinates":[-36.4814389486,-6.8984617276]}},
{"type":"Feature","properties":{"fid":1014,"proprietario":"Prefeitura","orgao":"CDRM","data_perfuracao":"1985-01-11","profundidade":40.0,"q_m3h":2.0,"equipamento":null,"municipio":"São Vicente do Seridó","microregiao":"Seridó Oriental Paraibano","mesoregiao":"Borborema"},"geometry":{"type":"Point","coordinates":[-36.374215997,-6.9034618407]}},
{"type":"Feature","properties":{"fid":1015,"proprietario":"Prefeitura","orgao":"CDRM","data_perfuracao":"1985-01-11","profundidade":50.0,"q_m3h":2.0,"equipamento":null,"municipio":"Soledade","microregiao":"Curimataú Ocidental","mesoregiao":"Agreste Paraibano"},"geometry":{"type":"Point","coordinates":[-36.4347715997,-6.9948505212]}},
{"type":"Feature","properties":{"fid":1016,"proprietario":"Prefeitura","orgao":"CDRM","data_perfuracao":"1985-01-08","profundidade":40.0,"q_m3h":1.0,"equipamento":"CATAVENTO","municipio":"Monteiro","microregiao":"Cariri Ocidental","mesoregiao":"Borborema"},"geometry":{"type":"Point","coordinates":[-37.071444871,-7.8198564921]}},
{"type":"Feature","properties":{"fid":1017,"proprietario":"Prefeitura","orgao":"CDRM","data_perfuracao":"1985-01-08","profundidade":50.0,"q_m3h":1.0,"equipamento":"CATAVENTO","municipio":"Monteiro","microregiao":"Cariri Ocidental","mesoregiao":"Borborema"},"geometry":{"type":"Point","coordinates":[-37.1125563593,-7.9743026508]}},
{"type":"Feature","properties":{"fid":1018,"proprietario":"Prefeitura","orgao":"CDRM","data_perfuracao":"1985-01-11","profundidade":40.0,"q_m3h":6.0,"equipamento":"MOTO-BOMBA","municipio":"Monteiro","microregiao":"Cariri Ocidental","mesoregiao":"Borborema"},"geometry":{"type":"Point","coordinates":[-36.9806111091,-7.8743019848]}},
{"type":"Feature","properties":{"fid":1019,"proprietario":"Prefeitura","orgao":"CDRM","data_perfuracao":"1987-01-09","profundidade":50.0,"q_m3h":1.0,"equipamento":"CATAVENTO","municipio":"Monteiro","microregiao":"Cariri Ocidental","mesoregiao":"Borborema"},"geometry":{"type":"Point","coordinates":[-37.2483915045,-7.9037459981]}},
{"type":"Feature","properties":{"fid":1020,"proprietario":"Prefeitura","orgao":"DNOCS","data_perfuracao":"1969-01-01","profundidade":30.0,"q_m3h":3.0,"equipamento":"CATAVENTO","municipio":"Santana de Mangueira","microregiao":"Itaporanga","mesoregiao":"Sertão Paraibano"},"geometry":{"type":"Point","coordinates":[-38.2258998769,-7.6292991132]}},
{"type":"Feature","properties":{"fid":1021,"proprietario":"Prefeitura","orgao":"DNOCS","data_perfuracao":"1968-01-01","profundidade":40.0,"q_m3h":4.0,"equipamento":"INJ. ELÉTRICA","municipio":"Santana de Mangueira","microregiao":"Itaporanga","mesoregiao":"Sertão Paraibano"},"geometry":{"type":"Point","coordinates":[-38.330622732,-7.554853462]}},
{"type":"Feature","properties":{"fid":1022,"proprietario":"Prefeitura","orgao":"DNOCS","data_perfuracao":"1976-01-01","profundidade":35.0,"q_m3h":3.0,"equipamento":"CATAVENTO","municipio":"Santana de Mangueira","microregiao":"Itaporanga","mesoregiao":"Sertão Paraibano"},"geometry":{"type":"Point","coordinates":[-38.2056217046,-7.6354101759]}},
{"type":"Feature","properties":{"fid":1023,"proprietario":"Prefeitura","orgao":"CDRM","data_perfuracao":"1981-01-07","profundidade":48.0,"q_m3h":2.0,"equipamento":"CATAVENTO","municipio":"Santana de Mangueira","microregiao":"Itaporanga","mesoregiao":"Sertão Paraibano"},"geometry":{"type":"Point","coordinates":[-38.2247878654,-7.6270770971]}},
{"type":"Feature","properties":{"fid":1024,"proprietario":"Prefeitura","orgao":"CONESP","data_perfuracao":"1968-01-01","profundidade":61.0,"q_m3h":7.0,"equipamento":"INJ. ELÉTRICA","municipio":"Santana dos Garrotes","microregiao":"Piancó","mesoregiao":"Sertão Paraibano"},"geometry":{"type":"Point","coordinates":[-37.9831195586,-7.3806863977]}},
{"type":"Feature","properties":{"fid":1025,"proprietario":"Ant. Silva","orgao":"CONESP","data_perfuracao":"1970-01-12","profundidade":51.0,"q_m3h":6.0,"equipamento":"CATAVENTO","municipio":"Santana dos Garrotes","microregiao":"Piancó","mesoregiao":"Sertão Paraibano"},"geometry":{"type":"Point","coordinates":[-38.012841777,-7.3259639542]}},
{"type":"Feature","properties":{"fid":1026,"proprietario":"Prefeitura","orgao":"T.JANER","data_perfuracao":"1970-01-12","profundidade":50.0,"q_m3h":2.0,"equipamento":"CATAVENTO","municipio":"Santana dos Garrotes","microregiao":"Piancó","mesoregiao":"Sertão Paraibano"},"geometry":{"type":"Point","coordinates":[-37.9828415598,-7.3854084343]}},
{"type":"Feature","properties":{"fid":1027,"proprietario":"Conesp","orgao":"CONESP","data_perfuracao":"1977-01-03","profundidade":60.0,"q_m3h":4.0,"equipamento":"INJ. ELÉTRICA","municipio":"Santana dos Garrotes","microregiao":"Piancó","mesoregiao":"Sertão Paraibano"},"geometry":{"type":"Point","coordinates":[-37.9686744988,-7.4670760727]}},
{"type":"Feature","properties":{"fid":1028,"proprietario":"S. Cavalcante","orgao":"CONESP","data_perfuracao":"1977-01-03","profundidade":61.0,"q_m3h":1.0,"equipamento":"INJ. ELÉTRICA","municipio":"Livramento","microregiao":"Cariri Ocidental","mesoregiao":"Borborema"},"geometry":{"type":"Point","coordinates":[-37.0453332879,-7.3634649719]}},
{"type":"Feature","properties":{"fid":1029,"proprietario":"Prefeitura","orgao":"CDRM","data_perfuracao":"1981-01-11","profundidade":50.0,"q_m3h":1.0,"equipamento":"CATAVENTO","municipio":"Santana dos Garrotes","microregiao":"Piancó","mesoregiao":"Sertão Paraibano"},"geometry":{"type":"Point","coordinates":[-37.9306190678,-7.3401301257]}},
{"type":"Feature","properties":{"fid":1030,"proprietario":"Prefeitura","orgao":"CDRM","data_perfuracao":"1982-01-11","profundidade":50.0,"q_m3h":2.0,"equipamento":"CATAVENTO","municipio":"Santana dos Garrotes","microregiao":"Piancó","mesoregiao":"Sertão Paraibano"},"geometry":{"type":"Point","coordinates":[-37.9092299382,-7.4156867235]}},
{"type":"Feature","properties":{"fid":1031,"proprietario":"Prefeitura","orgao":"CDRM","data_perfuracao":"1982-01-11","profundidade":50.0,"q_m3h":2.0,"equipamento":"CATAVENTO","municipio":"Santana dos Garrotes","microregiao":"Piancó","mesoregiao":"Sertão Paraibano"},"geometry":{"type":"Point","coordinates":[-37.983674558,-7.3734643418]}},
{"type":"Feature","properties":{"fid":1032,"proprietario":"Prefeitura","orgao":"CDRM","data_perfuracao":"1981-01-12","profundidade":50.0,"q_m3h":3.0,"equipamento":"CATAVENTO","municipio":"Santana dos Garrotes","microregiao":"Piancó","mesoregiao":"Sertão Paraibano"},"geometry":{"type":"Point","coordinates":[-37.8958967868,-7.3706863874]}},
{"type":"Feature","properties":{"fid":1033,"proprietario":"Prefeitura","orgao":"CDRM","data_perfuracao":"1984-01-01","profundidade":33.0,"q_m3h":3.0,"equipamento":"CATAVENTO","municipio":"Piancó","microregiao":"Piancó","mesoregiao":"Sertão Paraibano"},"geometry":{"type":"Point","coordinates":[-37.9539522515,-7.3129078983]}},
{"type":"Feature","properties":{"fid":1034,"proprietario":"Gentil Miranda","orgao":"GPCARIR","data_perfuracao":"1963-01-02","profundidade":40.0,"q_m3h":6.0,"equipamento":"CATAVENTO","municipio":"Caraúbas","microregiao":"Cariri Oriental","mesoregiao":"Borborema"},"geometry":{"type":"Point","coordinates":[-36.4981067546,-7.794301743]}},
{"type":"Feature","properties":{"fid":1035,"proprietario":"Fc Pereira","orgao":"NAO INFORMADO","data_perfuracao":"1962-01-09","profundidade":14.0,"q_m3h":4.0,"equipamento":"CATAVENTO","municipio":"São João do Cariri","microregiao":"Cariri Oriental","mesoregiao":"Borborema"},"geometry":{"type":"Point","coordinates":[-36.5003285445,-7.4937433951]}},
{"type":"Feature","properties":{"fid":1036,"proprietario":null,"orgao":"NAO INFORMADO","data_perfuracao":"1954-01-01","profundidade":250.0,"q_m3h":4.0,"equipamento":null,"municipio":"Pombal","microregiao":"Sousa","mesoregiao":"Sertão Paraibano"},"geometry":{"type":"Point","coordinates":[-37.7989504989,-6.7717928212]}},
{"type":"Feature","properties":{"fid":1037,"proprietario":"Jose Jordao","orgao":"NAO INFORMADO","data_perfuracao":"1963-01-08","profundidade":40.0,"q_m3h":6.0,"equipamento":"CATAVENTO","municipio":"Caraúbas","microregiao":"Cariri Oriental","mesoregiao":"Borborema"},"geometry":{"type":"Point","coordinates":[-36.4567173726,-7.7779126474]}},
{"type":"Feature","properties":{"fid":1038,"proprietario":"Prefeitura","orgao":"DNOCS","data_perfuracao":"1964-01-03","profundidade":46.0,"q_m3h":8.0,"equipamento":"CATAVENTO","municipio":"Serra Branca","microregiao":"Cariri Ocidental","mesoregiao":"Borborema"},"geometry":{"type":"Point","coordinates":[-36.8161644404,-7.607355043]}},
{"type":"Feature","properties":{"fid":1039,"proprietario":"Prefeitura","orgao":"DNOCS","data_perfuracao":"1964-01-01","profundidade":40.0,"q_m3h":11.0,"equipamento":"CATAVENTO","municipio":"Coxixola","microregiao":"Cariri Ocidental","mesoregiao":"Borborema"},"geometry":{"type":"Point","coordinates":[-36.6083856071,-7.6259673465]}},
{"type":"Feature","properties":{"fid":1040,"proprietario":"Jose A. Sobr.","orgao":"NAO INFORMADO","data_perfuracao":"1965-01-02","profundidade":26.0,"q_m3h":8.0,"equipamento":"BOMBA MANUAL","municipio":"Coxixola","microregiao":"Cariri Ocidental","mesoregiao":"Borborema"},"geometry":{"type":"Point","coordinates":[-36.6481079388,-7.5973550932]}},
{"type":"Feature","properties":{"fid":1041,"proprietario":"Eloi G. Lima","orgao":"NAO INFORMADO","data_perfuracao":"1963-01-02","profundidade":22.0,"q_m3h":4.0,"equipamento":"CATAVENTO","municipio":"Serra Branca","microregiao":"Cariri Ocidental","mesoregiao":"Borborema"},"geometry":{"type":"Point","coordinates":[-36.5889403494,-7.5145774917]}},
{"type":"Feature","properties":{"fid":1042,"proprietario":"Alvaro Filho","orgao":"DNOCS","data_perfuracao":"1969-01-01","profundidade":10.0,"q_m3h":4.0,"equipamento":"CATAVENTO","municipio":"Serra Branca","microregiao":"Cariri Ocidental","mesoregiao":"Borborema"},"geometry":{"type":"Point","coordinates":[-36.7408867404,-7.5665217824]}},
{"type":"Feature","properties":{"fid":1043,"proprietario":"Alvaro Filho","orgao":"NAO INFORMADO","data_perfuracao":"1965-01-07","profundidade":25.0,"q_m3h":5.0,"equipamento":"CATAVENTO","municipio":"Serra Branca","microregiao":"Cariri Ocidental","mesoregiao":"Borborema"},"geometry":{"type":"Point","coordinates":[-36.7056085094,-7.6743006486]}},
{"type":"Feature","properties":{"fid":1044,"proprietario":"Jose A. Sobr.","orgao":"NAO INFORMADO","data_perfuracao":"1965-01-07","profundidade":40.0,"q_m3h":5.0,"equipamento":"CATAVENTO","municipio":"Serra Branca","microregiao":"Cariri Ocidental","mesoregiao":"Borborema"},"geometry":{"type":"Point","coordinates":[-36.6628300303,-7.5454106769]}},
{"type":"Feature","properties":{"fid":1045,"proprietario":"Manoel G. Neto","orgao":"NAO INFORMADO","data_perfuracao":"2000-01-01","profundidade":10.0,"q_m3h":5.0,"equipamento":"CATAVENTO","municipio":"São João do Cariri","microregiao":"Cariri Oriental","mesoregiao":"Borborema"},"geometry":{"type":"Point","coordinates":[-36.6003293558,-7.3873534882]}},
{"type":"Feature","properties":{"fid":1046,"proprietario":"M. Fernandes","orgao":"CARIRIS","data_perfuracao":"1960-01-07","profundidade":27.0,"q_m3h":8.0,"equipamento":"CATAVENTO","municipio":"Serra Branca","microregiao":"Cariri Ocidental","mesoregiao":"Borborema"},"geometry":{"type":"Point","coordinates":[-36.6669970745,-7.5548547474]}},
{"type":"Feature","properties":{"fid":1047,"proprietario":"Inacio Ant.","orgao":"NAO INFORMADO","data_perfuracao":"1967-01-01","profundidade":10.0,"q_m3h":9.0,"equipamento":"CATAVENTO","municipio":"Serra Branca","microregiao":"Cariri Ocidental","mesoregiao":"Borborema"},"geometry":{"type":"Point","coordinates":[-36.6481078999,-7.5462436945]}},
{"type":"Feature","properties":{"fid":1048,"proprietario":"M. Jeronimo","orgao":"CONESP","data_perfuracao":"1973-01-08","profundidade":40.0,"q_m3h":5.0,"equipamento":null,"municipio":"Serra Branca","microregiao":"Cariri Ocidental","mesoregiao":"Borborema"},"geometry":{"type":"Point","coordinates":[-36.7794981764,-7.6873556933]}},
{"type":"Feature","properties":{"fid":1049,"proprietario":"M. Jeronimo","orgao":"CONESP","data_perfuracao":"1973-01-08","profundidade":51.0,"q_m3h":1.0,"equipamento":null,"municipio":"Serra Branca","microregiao":"Cariri Ocidental","mesoregiao":"Borborema"},"geometry":{"type":"Point","coordinates":[-36.7822752002,-7.6862446825]}},
{"type":"Feature","properties":{"fid":1050,"proprietario":"Joao Albino","orgao":"NAO INFORMADO","data_perfuracao":"2000-01-01","profundidade":10.0,"q_m3h":9.0,"equipamento":"CATAVENTO","municipio":"Serra Branca","microregiao":"Cariri Ocidental","mesoregiao":"Borborema"},"geometry":{"type":"Point","coordinates":[-36.7750530661,-7.5954109814]}},
{"type":"Feature","properties":{"fid":1051,"proprietario":"Jose Moscoso","orgao":"DNOCS","data_perfuracao":"1978-01-07","profundidade":23.0,"q_m3h":4.0,"equipamento":"CATAVENTO","municipio":"Serra Branca","microregiao":"Cariri Ocidental","mesoregiao":"Borborema"},"geometry":{"type":"Point","coordinates":[-36.6156076366,-7.5804109857]}},
{"type":"Feature","properties":{"fid":1052,"proprietario":"G.de Q.torreao","orgao":"DNOCS","data_perfuracao":"1973-01-01","profundidade":35.0,"q_m3h":2.0,"equipamento":"CATAVENTO","municipio":"Serra Branca","microregiao":"Cariri Ocidental","mesoregiao":"Borborema"},"geometry":{"type":"Point","coordinates":[-36.7122744044,-7.4584659611]}},
{"type":"Feature","properties":{"fid":1053,"proprietario":"Orfelio Araujo","orgao":"DNOCS","data_perfuracao":"1979-01-02","profundidade":31.0,"q_m3h":2.0,"equipamento":"CATAVENTO","municipio":"Serra Branca","microregiao":"Cariri Ocidental","mesoregiao":"Borborema"},"geometry":{"type":"Point","coordinates":[-36.6683859897,-7.4256877377]}},
{"type":"Feature","properties":{"fid":1054,"proprietario":null,"orgao":"SONGEO","data_perfuracao":"1987-01-08","profundidade":4.0,"q_m3h":24.0,"equipamento":"INJ. ELÉTRICA","municipio":"Nazarezinho","microregiao":"Sousa","mesoregiao":"Sertão Paraibano"},"geometry":{"type":"Point","coordinates":[-38.3242331904,-6.9140155501]}},
{"type":"Feature","properties":{"fid":1055,"proprietario":"Erasmo Silva","orgao":"DNOCS","data_perfuracao":"1978-01-02","profundidade":35.0,"q_m3h":1.0,"equipamento":"CATAVENTO","municipio":"Nazarezinho","microregiao":"Sousa","mesoregiao":"Sertão Paraibano"},"geometry":{"type":"Point","coordinates":[-38.3047880829,-6.9990162194]}},
{"type":"Feature","properties":{"fid":1056,"proprietario":"Prefeitura","orgao":"DNOCS","data_perfuracao":"1970-01-08","profundidade":38.0,"q_m3h":1.0,"equipamento":"CATAVENTO","municipio":"Nazarezinho","microregiao":"Sousa","mesoregiao":"Sertão Paraibano"},"geometry":{"type":"Point","coordinates":[-38.3259002092,-6.9198485938]}},
{"type":"Feature","properties":{"fid":1057,"proprietario":null,"orgao":"NAO INFORMADO","data_perfuracao":"1977-01-08","profundidade":4.0,"q_m3h":2.0,"equipamento":"BOMBA CENTRÍFUGA","municipio":"Nazarezinho","microregiao":"Sousa","mesoregiao":"Sertão Paraibano"},"geometry":{"type":"Point","coordinates":[-38.3242331927,-6.9170715736]}},
{"type":"Feature","properties":{"fid":1058,"proprietario":"Prefeitura","orgao":"CDRM","data_perfuracao":"1983-01-03","profundidade":40.0,"q_m3h":1.0,"equipamento":"CATAVENTO","municipio":"Nazarezinho","microregiao":"Sousa","mesoregiao":"Sertão Paraibano"},"geometry":{"type":"Point","coordinates":[-38.3750666522,-6.9401267145]}},
{"type":"Feature","properties":{"fid":1059,"proprietario":null,"orgao":"CONESP","data_perfuracao":"1983-01-05","profundidade":60.0,"q_m3h":2.0,"equipamento":"CATAVENTO","municipio":"Nazarezinho","microregiao":"Sousa","mesoregiao":"Sertão Paraibano"},"geometry":{"type":"Point","coordinates":[-38.2975659774,-6.940682775]}},
{"type":"Feature","properties":{"fid":1060,"proprietario":null,"orgao":"DNOCS","data_perfuracao":"1984-01-07","profundidade":48.0,"q_m3h":2.0,"equipamento":"CATAVENTO","municipio":"Nazarezinho","microregiao":"Sousa","mesoregiao":"Sertão Paraibano"},"geometry":{"type":"Point","coordinates":[-38.2975659784,-6.9420717857]}},
{"type":"Feature","properties":{"fid":1061,"proprietario":null,"orgao":"CDRM","data_perfuracao":"1985-01-12","profundidade":40.0,"q_m3h":2.0,"equipamento":"CATAVENTO","municipio":"Nazarezinho","microregiao":"Sousa","mesoregiao":"Sertão Paraibano"},"geometry":{"type":"Point","coordinates":[-38.2670107158,-6.9473488486]}},
{"type":"Feature","properties":{"fid":1062,"proprietario":null,"orgao":"DNOCS","data_perfuracao":"1956-01-01","profundidade":118.0,"q_m3h":3.0,"equipamento":null,"municipio":"Pombal","microregiao":"Sousa","mesoregiao":"Sertão Paraibano"},"geometry":{"type":"Point","coordinates":[-37.8050615555,-6.7762368515]}},
{"type":"Feature","properties":{"fid":1063,"proprietario":null,"orgao":"DNOCS","data_perfuracao":"1956-01-01","profundidade":54.0,"q_m3h":2.0,"equipamento":null,"municipio":"Pombal","microregiao":"Sousa","mesoregiao":"Sertão Paraibano"},"geometry":{"type":"Point","coordinates":[-37.803117535,-6.7712368139]}},
{"type":"Feature","properties":{"fid":1064,"proprietario":null,"orgao":"DNOCS","data_perfuracao":"1958-01-01","profundidade":56.0,"q_m3h":2.0,"equipamento":null,"municipio":"Pombal","microregiao":"Sousa","mesoregiao":"Sertão Paraibano"},"geometry":{"type":"Point","coordinates":[-37.8036725447,-6.7781818676]}},
{"type":"Feature","properties":{"fid":1065,"proprietario":"Oscar Xavier","orgao":"CONESP","data_perfuracao":"1976-01-10","profundidade":60.0,"q_m3h":2.0,"equipamento":null,"municipio":"São Bentinho","microregiao":"Sousa","mesoregiao":"Sertão Paraibano"},"geometry":{"type":"Point","coordinates":[-37.6945057017,-6.9401272045]}},
{"type":"Feature","properties":{"fid":1066,"proprietario":null,"orgao":"DNOCS","data_perfuracao":"1973-01-11","profundidade":27.0,"q_m3h":2.0,"equipamento":"CATAVENTO","municipio":"São Bentinho","microregiao":"Sousa","mesoregiao":"Sertão Paraibano"},"geometry":{"type":"Point","coordinates":[-37.7250609331,-6.888460781]}},
{"type":"Feature","properties":{"fid":1067,"proprietario":"Ant. Arnaud","orgao":"DNOCS","data_perfuracao":"1976-01-05","profundidade":32.0,"q_m3h":1.0,"equipamento":"BOMBA MANUAL","municipio":"Pombal","microregiao":"Sousa","mesoregiao":"Sertão Paraibano"},"geometry":{"type":"Point","coordinates":[-37.782283281,-6.6681810253]}},
{"type":"Feature","properties":{"fid":1068,"proprietario":"Dom.cavalcanti","orgao":"DNOCS","data_perfuracao":"1973-01-12","profundidade":28.0,"q_m3h":2.0,"equipamento":null,"municipio":"Cajazeirinhas","microregiao":"Sousa","mesoregiao":"Sertão Paraibano"},"geometry":{"type":"Point","coordinates":[-37.7981176291,-6.9656833289]}},
{"type":"Feature","properties":{"fid":1069,"proprietario":null,"orgao":"DNOCS","data_perfuracao":"1966-01-11","profundidade":15.0,"q_m3h":6.0,"equipamento":"BOMBA MANUAL","municipio":"Pombal","microregiao":"Sousa","mesoregiao":"Sertão Paraibano"},"geometry":{"type":"Point","coordinates":[-37.9222846549,-6.8790155676]}},
{"type":"Feature","properties":{"fid":1070,"proprietario":null,"orgao":"DNOCS","data_perfuracao":"1967-01-08","profundidade":18.0,"q_m3h":1.0,"equipamento":"CATAVENTO","municipio":"Pombal","microregiao":"Sousa","mesoregiao":"Sertão Paraibano"},"geometry":{"type":"Point","coordinates":[-37.925062678,-6.8773485526]}},
{"type":"Feature","properties":{"fid":1071,"proprietario":null,"orgao":"DNOCS","data_perfuracao":"1967-01-03","profundidade":30.0,"q_m3h":5.0,"equipamento":null,"municipio":"Pombal","microregiao":"Sousa","mesoregiao":"Sertão Paraibano"},"geometry":{"type":"Point","coordinates":[-37.9356187724,-6.8801265667]}},
{"type":"Feature","properties":{"fid":1072,"proprietario":null,"orgao":"DNOCS","data_perfuracao":"1972-01-10","profundidade":23.0,"q_m3h":5.0,"equipamento":null,"municipio":"Pombal","microregiao":"Sousa","mesoregiao":"Sertão Paraibano"},"geometry":{"type":"Point","coordinates":[-37.7642281728,-6.740681603]}},
{"type":"Feature","properties":{"fid":1073,"proprietario":null,"orgao":"DNOCS","data_perfuracao":"1973-01-03","profundidade":21.0,"q_m3h":5.0,"equipamento":null,"municipio":"Pombal","microregiao":"Sousa","mesoregiao":"Sertão Paraibano"},"geometry":{"type":"Point","coordinates":[-37.7670061974,-6.7409596033]}},
{"type":"Feature","properties":{"fid":1074,"proprietario":null,"orgao":"DNOCS","data_perfuracao":"1973-01-08","profundidade":37.0,"q_m3h":2.0,"equipamento":null,"municipio":"Pombal","microregiao":"Sousa","mesoregiao":"Sertão Paraibano"},"geometry":{"type":"Point","coordinates":[-37.76200615,-6.7359595678]}},
{"type":"Feature","properties":{"fid":1075,"proprietario":null,"orgao":"CDRM","data_perfuracao":"1981-01-11","profundidade":9.0,"q_m3h":2.0,"equipamento":null,"municipio":"Pombal","microregiao":"Sousa","mesoregiao":"Sertão Paraibano"},"geometry":{"type":"Point","coordinates":[-37.8525619611,-6.7609596994]}},
{"type":"Feature","properties":{"fid":1076,"proprietario":null,"orgao":"CDRM","data_perfuracao":"1983-01-09","profundidade":40.0,"q_m3h":5.0,"equipamento":"CATAVENTO","municipio":"Pombal","microregiao":"Sousa","mesoregiao":"Sertão Paraibano"},"geometry":{"type":"Point","coordinates":[-37.753117144,-6.8387373744]}},
{"type":"Feature","properties":{"fid":1077,"proprietario":null,"orgao":"CDRM","data_perfuracao":"1983-01-06","profundidade":50.0,"q_m3h":2.0,"equipamento":"INJ. ELÉTRICA","municipio":"Pombal","microregiao":"Sousa","mesoregiao":"Sertão Paraibano"},"geometry":{"type":"Point","coordinates":[-37.8433958759,-6.7540146518]}},
{"type":"Feature","properties":{"fid":1078,"proprietario":null,"orgao":"CDRM","data_perfuracao":"1983-01-03","profundidade":36.0,"q_m3h":1.0,"equipamento":"CATAVENTO","municipio":"São Domingos","microregiao":"Sousa","mesoregiao":"Sertão Paraibano"},"geometry":{"type":"Point","coordinates":[-37.9206185591,-6.7640146756]}},
{"type":"Feature","properties":{"fid":1079,"proprietario":null,"orgao":"CDRM","data_perfuracao":"1984-01-02","profundidade":40.0,"q_m3h":1.0,"equipamento":"CATAVENTO","municipio":"Pombal","microregiao":"Sousa","mesoregiao":"Sertão Paraibano"},"geometry":{"type":"Point","coordinates":[-37.9500627679,-6.6940141108]}},
{"type":"Feature","properties":{"fid":1080,"proprietario":null,"orgao":"CDRM","data_perfuracao":"1984-01-11","profundidade":50.0,"q_m3h":1.0,"equipamento":"CATAVENTO","municipio":"São Bentinho","microregiao":"Sousa","mesoregiao":"Sertão Paraibano"},"geometry":{"type":"Point","coordinates":[-37.7458950615,-6.8115151676]}},
{"type":"Feature","properties":{"fid":1081,"proprietario":null,"orgao":"CDRM","data_perfuracao":"1984-01-11","profundidade":50.0,"q_m3h":1.0,"equipamento":"CATAVENTO","municipio":"Pombal","microregiao":"Sousa","mesoregiao":"Sertão Paraibano"},"geometry":{"type":"Point","coordinates":[-37.8181176442,-6.7392925548]}},
{"type":"Feature","properties":{"fid":1082,"proprietario":null,"orgao":"DNOCS","data_perfuracao":"1984-01-06","profundidade":51.0,"q_m3h":18.0,"equipamento":"CATAVENTO","municipio":"São Bentinho","microregiao":"Sousa","mesoregiao":"Sertão Paraibano"},"geometry":{"type":"Point","coordinates":[-37.7586722226,-6.8809606989]}},
{"type":"Feature","properties":{"fid":1083,"proprietario":null,"orgao":"DNOCS","data_perfuracao":"1984-01-06","profundidade":44.0,"q_m3h":3.0,"equipamento":"ELETRO-BOMBA","municipio":"São Domingos","microregiao":"Sousa","mesoregiao":"Sertão Paraibano"},"geometry":{"type":"Point","coordinates":[-37.9406187695,-6.8142930522]}},
{"type":"Feature","properties":{"fid":1084,"proprietario":null,"orgao":"DNOCS","data_perfuracao":"1984-01-06","profundidade":48.0,"q_m3h":1.0,"equipamento":"CATAVENTO","municipio":"São Bentinho","microregiao":"Sousa","mesoregiao":"Sertão Paraibano"},"geometry":{"type":"Point","coordinates":[-37.6920056121,-6.844848465]}},
{"type":"Feature","properties":{"fid":1085,"proprietario":"Jose Moscoso","orgao":"DNOCS","data_perfuracao":"1978-01-06","profundidade":23.0,"q_m3h":4.0,"equipamento":"CATAVENTO","municipio":"Coxixola","microregiao":"Cariri Ocidental","mesoregiao":"Borborema"},"geometry":{"type":"Point","coordinates":[-36.6092185963,-7.6020781595]}},
{"type":"Feature","properties":{"fid":1086,"proprietario":"Manoel G. Neto","orgao":"DNOCS","data_perfuracao":"1972-01-06","profundidade":40.0,"q_m3h":2.0,"equipamento":"ELETRO-BOMBA","municipio":"Serra Branca","microregiao":"Cariri Ocidental","mesoregiao":"Borborema"},"geometry":{"type":"Point","coordinates":[-36.6217185911,-7.4479099461]}},
{"type":"Feature","properties":{"fid":1087,"proprietario":"A.l. Gaudencio","orgao":"DNOCS","data_perfuracao":"1977-01-06","profundidade":19.0,"q_m3h":2.0,"equipamento":"CATAVENTO","municipio":"Coxixola","microregiao":"Cariri Ocidental","mesoregiao":"Borborema"},"geometry":{"type":"Point","coordinates":[-36.6814412504,-7.6170782215]}},
{"type":"Feature","properties":{"fid":1088,"proprietario":"Afonso Reis","orgao":"PROPR.","data_perfuracao":"1980-01-05","profundidade":5.0,"q_m3h":2.0,"equipamento":null,"municipio":"Serra Branca","microregiao":"Cariri Ocidental","mesoregiao":"Borborema"},"geometry":{"type":"Point","coordinates":[-36.7758870658,-7.585410903]}},
{"type":"Feature","properties":{"fid":1089,"proprietario":"Afonso Reis","orgao":"DNOCS","data_perfuracao":"1980-01-05","profundidade":26.0,"q_m3h":4.0,"equipamento":null,"municipio":"Serra Branca","microregiao":"Cariri Ocidental","mesoregiao":"Borborema"},"geometry":{"type":"Point","coordinates":[-36.7814421128,-7.5823548749]}},
{"type":"Feature","properties":{"fid":1090,"proprietario":"Sebt. Souza","orgao":"DNOCS","data_perfuracao":"1970-01-03","profundidade":18.0,"q_m3h":4.0,"equipamento":null,"municipio":"Caraúbas","microregiao":"Cariri Oriental","mesoregiao":"Borborema"},"geometry":{"type":"Point","coordinates":[-36.5603291857,-7.6345784503]}},
{"type":"Feature","properties":{"fid":1091,"proprietario":"Jose Pereira","orgao":"NAO INFORMADO","data_perfuracao":"1980-01-06","profundidade":10.0,"q_m3h":4.0,"equipamento":null,"municipio":"Serra Branca","microregiao":"Cariri Ocidental","mesoregiao":"Borborema"},"geometry":{"type":"Point","coordinates":[-36.8222754949,-7.6076330405]}},
{"type":"Feature","properties":{"fid":1092,"proprietario":"Cicero Barbosa","orgao":"DNOCS","data_perfuracao":"1973-01-09","profundidade":25.0,"q_m3h":4.0,"equipamento":null,"municipio":"Serra Branca","microregiao":"Cariri Ocidental","mesoregiao":"Borborema"},"geometry":{"type":"Point","coordinates":[-36.6425518192,-7.5048543755]}},
{"type":"Feature","properties":{"fid":1093,"proprietario":"Agro Pastoril","orgao":"DNOCS","data_perfuracao":"1977-01-08","profundidade":23.0,"q_m3h":6.0,"equipamento":"MOTO-BOMBA","municipio":"Coxixola","microregiao":"Cariri Ocidental","mesoregiao":"Borborema"},"geometry":{"type":"Point","coordinates":[-36.6794972306,-7.613744197]}},
{"type":"Feature","properties":{"fid":1094,"proprietario":"Agro Pastoril","orgao":"DNOCS","data_perfuracao":"1977-01-10","profundidade":32.0,"q_m3h":2.0,"equipamento":null,"municipio":"Coxixola","microregiao":"Cariri Ocidental","mesoregiao":"Borborema"},"geometry":{"type":"Point","coordinates":[-36.6881083103,-7.6179112229]}},
{"type":"Feature","properties":{"fid":1095,"proprietario":"Manoel G. Neto","orgao":"DNOCS","data_perfuracao":"1972-01-08","profundidade":30.0,"q_m3h":3.0,"equipamento":"CATAVENTO","municipio":"Serra Branca","microregiao":"Cariri Ocidental","mesoregiao":"Borborema"},"geometry":{"type":"Point","coordinates":[-36.6236625836,-7.414576684]}},
{"type":"Feature","properties":{"fid":1096,"proprietario":"Heleno A.sousa","orgao":"DNOCS","data_perfuracao":"1977-01-05","profundidade":19.0,"q_m3h":4.0,"equipamento":"MOTO-BOMBA","municipio":"Serra Branca","microregiao":"Cariri Ocidental","mesoregiao":"Borborema"},"geometry":{"type":"Point","coordinates":[-36.6547739679,-7.5576327783]}},
{"type":"Feature","properties":{"fid":1097,"proprietario":"M.a.q.ferreira","orgao":"DNOCS","data_perfuracao":"1976-01-07","profundidade":20.0,"q_m3h":7.0,"equipamento":"CATAVENTO","municipio":"Serra Branca","microregiao":"Cariri Ocidental","mesoregiao":"Borborema"},"geometry":{"type":"Point","coordinates":[-36.7511638904,-7.6431893716]}},
{"type":"Feature","properties":{"fid":1098,"proprietario":"M.a.q.ferreira","orgao":"DNOCS","data_perfuracao":"1976-01-07","profundidade":21.0,"q_m3h":6.0,"equipamento":"CATAVENTO","municipio":"Serra Branca","microregiao":"Cariri Ocidental","mesoregiao":"Borborema"},"geometry":{"type":"Point","coordinates":[-36.7436638321,-7.6540224616]}},
{"type":"Feature","properties":{"fid":1099,"proprietario":"Genivaltorreao","orgao":"DNOCS","data_perfuracao":"1967-01-04","profundidade":18.0,"q_m3h":1.0,"equipamento":null,"municipio":"Serra Branca","microregiao":"Cariri Ocidental","mesoregiao":"Borborema"},"geometry":{"type":"Point","coordinates":[-36.7169974399,-7.4498538903]}},
{"type":"Feature","properties":{"fid":1100,"proprietario":"Afonso Reis","orgao":"CARIRI","data_perfuracao":"1973-01-01","profundidade":10.0,"q_m3h":1.0,"equipamento":"CATAVENTO","municipio":"Serra Branca","microregiao":"Cariri Ocidental","mesoregiao":"Borborema"},"geometry":{"type":"Point","coordinates":[-36.7750530484,-7.5723548019]}},
{"type":"Feature","properties":{"fid":1101,"proprietario":"Joao Rodrigues","orgao":"PROPR.","data_perfuracao":"1979-01-11","profundidade":4.0,"q_m3h":1.0,"equipamento":"MOTO-BOMBA","municipio":"Serra Branca","microregiao":"Cariri Ocidental","mesoregiao":"Borborema"},"geometry":{"type":"Point","coordinates":[-36.7744980974,-7.6426333493]}},
{"type":"Feature","properties":{"fid":1102,"proprietario":"Dner","orgao":"DNOCS","data_perfuracao":"1980-01-04","profundidade":10.0,"q_m3h":1.0,"equipamento":null,"municipio":"Serra Branca","microregiao":"Cariri Ocidental","mesoregiao":"Borborema"},"geometry":{"type":"Point","coordinates":[-36.681163156,-7.4959662772]}},
{"type":"Feature","properties":{"fid":1103,"proprietario":"Prefeitura","orgao":"PREFEITURA","data_perfuracao":"1982-01-02","profundidade":5.0,"q_m3h":2.0,"equipamento":"MOTO-BOMBA","municipio":"Serra Branca","microregiao":"Cariri Ocidental","mesoregiao":"Borborema"},"geometry":{"type":"Point","coordinates":[-36.8167203807,-7.5226323831]}},
{"type":"Feature","properties":{"fid":1104,"proprietario":"Prefeitura","orgao":"CDRM","data_perfuracao":"1981-01-01","profundidade":50.0,"q_m3h":1.0,"equipamento":"CATAVENTO","municipio":"Serra Branca","microregiao":"Cariri Ocidental","mesoregiao":"Borborema"},"geometry":{"type":"Point","coordinates":[-36.8214424803,-7.5981889677]}},
{"type":"Feature","properties":{"fid":1105,"proprietario":"Prefeitura","orgao":"CDRM","data_perfuracao":"1981-01-08","profundidade":44.0,"q_m3h":2.0,"equipamento":"CATAVENTO","municipio":"Serra Branca","microregiao":"Cariri Ocidental","mesoregiao":"Borborema"},"geometry":{"type":"Point","coordinates":[-36.7453308236,-7.6237442247]}},
{"type":"Feature","properties":{"fid":1106,"proprietario":"Prefeitura","orgao":"CDRM","data_perfuracao":"1985-01-06","profundidade":40.0,"q_m3h":4.0,"equipamento":"CATAVENTO","municipio":"Serra Branca","microregiao":"Cariri Ocidental","mesoregiao":"Borborema"},"geometry":{"type":"Point","coordinates":[-36.6417188105,-7.5031883632]}},
{"type":"Feature","properties":{"fid":1107,"proprietario":"Prefeitura","orgao":"CDRM","data_perfuracao":"1985-01-06","profundidade":42.0,"q_m3h":1.0,"equipamento":"CATAVENTO","municipio":"Serra Branca","microregiao":"Cariri Ocidental","mesoregiao":"Borborema"},"geometry":{"type":"Point","coordinates":[-36.6336627005,-7.4520769698]}},
{"type":"Feature","properties":{"fid":1108,"proprietario":"Prefeitura","orgao":"DNOCS","data_perfuracao":"1984-01-03","profundidade":48.0,"q_m3h":5.0,"equipamento":"CATAVENTO","municipio":"Serra Branca","microregiao":"Cariri Ocidental","mesoregiao":"Borborema"},"geometry":{"type":"Point","coordinates":[-36.6564409233,-7.4790211634]}},
{"type":"Feature","properties":{"fid":1109,"proprietario":"Prefeitura","orgao":"DNOCS","data_perfuracao":"1984-01-04","profundidade":48.0,"q_m3h":1.0,"equipamento":"CATAVENTO","municipio":"Serra Branca","microregiao":"Cariri Ocidental","mesoregiao":"Borborema"},"geometry":{"type":"Point","coordinates":[-36.6614409714,-7.4837431965]}},
{"type":"Feature","properties":{"fid":1110,"proprietario":"Prefeitura","orgao":"CONESP","data_perfuracao":"1983-01-12","profundidade":47.0,"q_m3h":1.0,"equipamento":"CATAVENTO","municipio":"Serra Branca","microregiao":"Cariri Ocidental","mesoregiao":"Borborema"},"geometry":{"type":"Point","coordinates":[-36.718663452,-7.4462428609]}},
{"type":"Feature","properties":{"fid":1111,"proprietario":"Prefeitura","orgao":"CONESP","data_perfuracao":"1970-01-12","profundidade":50.0,"q_m3h":12.0,"equipamento":"INJ. ELÉTRICA","municipio":"Nova Olinda","microregiao":"Piancó","mesoregiao":"Sertão Paraibano"},"geometry":{"type":"Point","coordinates":[-38.0156199155,-7.4742980919]}},
{"type":"Feature","properties":{"fid":1112,"proprietario":"Prefeitura","orgao":"CONESP","data_perfuracao":"1975-01-01","profundidade":50.0,"q_m3h":12.0,"equipamento":null,"municipio":"Nova Olinda","microregiao":"Piancó","mesoregiao":"Sertão Paraibano"},"geometry":{"type":"Point","coordinates":[-38.0011747897,-7.4751311094]}},
{"type":"Feature","properties":{"fid":1113,"proprietario":"Prefeitura","orgao":"CONESP","data_perfuracao":"1970-01-11","profundidade":50.0,"q_m3h":12.0,"equipamento":"INJ. ELÉTRICA","municipio":"Nova Olinda","microregiao":"Piancó","mesoregiao":"Sertão Paraibano"},"geometry":{"type":"Point","coordinates":[-38.0417311463,-7.4770760929]}},
{"type":"Feature","properties":{"fid":1114,"proprietario":"Fc. Pinto R.","orgao":"NAO INFORMADO","data_perfuracao":"2000-01-01","profundidade":60.0,"q_m3h":1.0,"equipamento":"CATAVENTO","municipio":"Nova Olinda","microregiao":"Piancó","mesoregiao":"Sertão Paraibano"},"geometry":{"type":"Point","coordinates":[-37.9881196775,-7.4779091409]}},
{"type":"Feature","properties":{"fid":1115,"proprietario":"Prefeitura","orgao":"NAO INFORMADO","data_perfuracao":"1977-01-04","profundidade":41.0,"q_m3h":13.0,"equipamento":"INJ. ELÉTRICA","municipio":"Nova Olinda","microregiao":"Piancó","mesoregiao":"Sertão Paraibano"},"geometry":{"type":"Point","coordinates":[-38.0445091548,-7.4567979352]}},
{"type":"Feature","properties":{"fid":1116,"proprietario":"Prefeitura","orgao":"CDRM","data_perfuracao":"1981-01-05","profundidade":45.0,"q_m3h":4.0,"equipamento":"MOTO-BOMBA","municipio":"Nova Olinda","microregiao":"Piancó","mesoregiao":"Sertão Paraibano"},"geometry":{"type":"Point","coordinates":[-38.0186749347,-7.4645760149]}},
{"type":"Feature","properties":{"fid":1117,"proprietario":"Prefeitura","orgao":"CDRM","data_perfuracao":"1983-01-12","profundidade":10.0,"q_m3h":6.0,"equipamento":"BOMBA CENTRÍFUGA","municipio":"Nova Olinda","microregiao":"Piancó","mesoregiao":"Sertão Paraibano"},"geometry":{"type":"Point","coordinates":[-38.0228420026,-7.5048533207]}},
{"type":"Feature","properties":{"fid":1118,"proprietario":"Prefeitura","orgao":"CDRM","data_perfuracao":"1984-01-04","profundidade":35.0,"q_m3h":5.0,"equipamento":"MOTO-BOMBA","municipio":"Nova Olinda","microregiao":"Piancó","mesoregiao":"Sertão Paraibano"},"geometry":{"type":"Point","coordinates":[-38.0364530973,-7.4734650693]}},
{"type":"Feature","properties":{"fid":1119,"proprietario":"Prefeitura","orgao":"CDRM","data_perfuracao":"1984-01-07","profundidade":40.0,"q_m3h":5.0,"equipamento":"MOTO-BOMBA","municipio":"Nova Olinda","microregiao":"Piancó","mesoregiao":"Sertão Paraibano"},"geometry":{"type":"Point","coordinates":[-38.0214529401,-7.4401308251]}},
{"type":"Feature","properties":{"fid":1120,"proprietario":"Prefeitura","orgao":"CDRM","data_perfuracao":"1984-01-10","profundidade":40.0,"q_m3h":1.0,"equipamento":"CATAVENTO","municipio":"Nova Olinda","microregiao":"Piancó","mesoregiao":"Sertão Paraibano"},"geometry":{"type":"Point","coordinates":[-38.027841993,-7.4362417903]}},
{"type":"Feature","properties":{"fid":1121,"proprietario":"Prefeitura","orgao":"CDRM","data_perfuracao":"1984-01-10","profundidade":40.0,"q_m3h":3.0,"equipamento":"MOTO-BOMBA","municipio":"Pedra Branca","microregiao":"Itaporanga","mesoregiao":"Sertão Paraibano"},"geometry":{"type":"Point","coordinates":[-38.0475642002,-7.4806871161]}},
{"type":"Feature","properties":{"fid":1122,"proprietario":"J.bastos Sousa","orgao":"DNOCS","data_perfuracao":"1986-01-08","profundidade":50.0,"q_m3h":3.0,"equipamento":"CATAVENTO","municipio":"Nova Olinda","microregiao":"Piancó","mesoregiao":"Sertão Paraibano"},"geometry":{"type":"Point","coordinates":[-38.0489531688,-7.4245756844]}},
{"type":"Feature","properties":{"fid":1123,"proprietario":"Bento Coelho","orgao":"GPTE","data_perfuracao":"1966-01-01","profundidade":20.0,"q_m3h":5.0,"equipamento":null,"municipio":"Nova Palmeira","microregiao":"Seridó Oriental Paraibano","mesoregiao":"Borborema"},"geometry":{"type":"Point","coordinates":[-36.4208832596,-6.6767930131]}},
{"type":"Feature","properties":{"fid":1124,"proprietario":"Prefeitura","orgao":"CDRM","data_perfuracao":"1985-01-12","profundidade":40.0,"q_m3h":1.0,"equipamento":"CATAVENTO","municipio":"Uiraúna","microregiao":"Cajazeiras","mesoregiao":"Sertão Paraibano"},"geometry":{"type":"Point","coordinates":[-38.3503441581,-6.5451236784]}},
{"type":"Feature","properties":{"fid":1125,"proprietario":"Prefeitura","orgao":"CDRM","data_perfuracao":"1986-01-09","profundidade":50.0,"q_m3h":1.0,"equipamento":"CATAVENTO","municipio":"Uiraúna","microregiao":"Cajazeiras","mesoregiao":"Sertão Paraibano"},"geometry":{"type":"Point","coordinates":[-38.3117327983,-6.5104014353]}},
{"type":"Feature","properties":{"fid":1126,"proprietario":"Joacy Macedo","orgao":"NAO INFORMADO","data_perfuracao":"1959-01-01","profundidade":60.0,"q_m3h":3.0,"equipamento":null,"municipio":"Várzea","microregiao":"Seridó Ocidental Paraibano","mesoregiao":"Borborema"},"geometry":{"type":"Point","coordinates":[-37.0147765819,-6.7540152235]}},
{"type":"Feature","properties":{"fid":1127,"proprietario":"Prefeitura","orgao":"DNOCS","data_perfuracao":"1959-01-01","profundidade":40.0,"q_m3h":3.0,"equipamento":null,"municipio":"Várzea","microregiao":"Seridó Ocidental Paraibano","mesoregiao":"Borborema"},"geometry":{"type":"Point","coordinates":[-36.9908883845,-6.7742933993]}},
{"type":"Feature","properties":{"fid":1128,"proprietario":"F.coutinho","orgao":"NAO INFORMADO","data_perfuracao":"1963-01-08","profundidade":40.0,"q_m3h":10.0,"equipamento":"INJ. ELÉTRICA","municipio":"Várzea","microregiao":"Seridó Ocidental Paraibano","mesoregiao":"Borborema"},"geometry":{"type":"Point","coordinates":[-36.9836652821,-6.7179039604]}},
{"type":"Feature","properties":{"fid":1129,"proprietario":"Mizael De A.","orgao":"DNOCS","data_perfuracao":"1972-01-01","profundidade":20.0,"q_m3h":1.0,"equipamento":"CATAVENTO","municipio":"Santa Luzia","microregiao":"Seridó Ocidental Paraibano","mesoregiao":"Borborema"},"geometry":{"type":"Point","coordinates":[-36.9961654941,-6.8656831141]}},
{"type":"Feature","properties":{"fid":1130,"proprietario":"J. George A.","orgao":"DNOCS","data_perfuracao":"1963-01-07","profundidade":47.0,"q_m3h":10.0,"equipamento":null,"municipio":"Várzea","microregiao":"Seridó Ocidental Paraibano","mesoregiao":"Borborema"},"geometry":{"type":"Point","coordinates":[-36.9917213949,-6.7787374337]}},
{"type":"Feature","properties":{"fid":1131,"proprietario":"Sandoval Silva","orgao":"EXERCITO","data_perfuracao":"1985-01-11","profundidade":50.0,"q_m3h":1.0,"equipamento":"CATAVENTO","municipio":"Santa Cruz","microregiao":"Sousa","mesoregiao":"Sertão Paraibano"},"geometry":{"type":"Point","coordinates":[-38.0839528514,-6.5679020375]}},
{"type":"Feature","properties":{"fid":1132,"proprietario":"Prefeitura","orgao":"CONESP","data_perfuracao":"1963-01-05","profundidade":43.0,"q_m3h":2.0,"equipamento":"CATAVENTO","municipio":"Sumé","microregiao":"Cariri Ocidental","mesoregiao":"Borborema"},"geometry":{"type":"Point","coordinates":[-36.9294993748,-7.5137432286]}},
{"type":"Feature","properties":{"fid":1133,"proprietario":"Lourival Prata","orgao":"DNOCS","data_perfuracao":"1975-01-07","profundidade":25.0,"q_m3h":4.0,"equipamento":null,"municipio":"Sumé","microregiao":"Cariri Ocidental","mesoregiao":"Borborema"},"geometry":{"type":"Point","coordinates":[-36.9761659004,-7.6593003236]}},
{"type":"Feature","properties":{"fid":1134,"proprietario":"Prefeitura","orgao":"CDRM","data_perfuracao":"1981-01-01","profundidade":50.0,"q_m3h":2.0,"equipamento":"CATAVENTO","municipio":"Amparo","microregiao":"Cariri Ocidental","mesoregiao":"Borborema"},"geometry":{"type":"Point","coordinates":[-36.9995000201,-7.5462434281]}},
{"type":"Feature","properties":{"fid":1135,"proprietario":"Jose Madruga","orgao":"CIDAGRO","data_perfuracao":"1979-01-11","profundidade":29.0,"q_m3h":2.0,"equipamento":"CATAVENTO","municipio":"Taperoá","microregiao":"Cariri Ocidental","mesoregiao":"Borborema"},"geometry":{"type":"Point","coordinates":[-36.8031089799,-7.1437404322]}},
{"type":"Feature","properties":{"fid":1136,"proprietario":"Manoel A. Melo","orgao":"NAO INFORMADO","data_perfuracao":"1966-01-01","profundidade":29.0,"q_m3h":5.0,"equipamento":null,"municipio":"Santo André","microregiao":"Cariri Oriental","mesoregiao":"Borborema"},"geometry":{"type":"Point","coordinates":[-36.6836629933,-7.2462413219]}},
{"type":"Feature","properties":{"fid":1137,"proprietario":"F.de A.queiroz","orgao":"DNOCS","data_perfuracao":"1975-01-02","profundidade":36.0,"q_m3h":2.0,"equipamento":null,"municipio":"Triunfo","microregiao":"Cajazeiras","mesoregiao":"Sertão Paraibano"},"geometry":{"type":"Point","coordinates":[-38.5759022258,-6.6990137121]}},
{"type":"Feature","properties":{"fid":1138,"proprietario":"Prefeitura","orgao":"DNOCS","data_perfuracao":"1964-01-01","profundidade":68.0,"q_m3h":2.0,"equipamento":"INJ. ELÉTRICA","municipio":"Triunfo","microregiao":"Cajazeiras","mesoregiao":"Sertão Paraibano"},"geometry":{"type":"Point","coordinates":[-38.5945133031,-6.5784577683]}},
{"type":"Feature","properties":{"fid":1139,"proprietario":"Luiz Estrela","orgao":"DNOCS","data_perfuracao":"1975-01-03","profundidade":50.0,"q_m3h":4.0,"equipamento":"BOMBA MANUAL","municipio":"São João do Rio do Peixe","microregiao":"Cajazeiras","mesoregiao":"Sertão Paraibano"},"geometry":{"type":"Point","coordinates":[-38.4600672321,-6.717069933]}},
{"type":"Feature","properties":{"fid":1140,"proprietario":"J.b. Feitosa","orgao":"DNOCS","data_perfuracao":"1978-01-12","profundidade":25.0,"q_m3h":5.0,"equipamento":"INJ. ELÉTRICA","municipio":"Poço de José de Moura","microregiao":"Cajazeiras","mesoregiao":"Sertão Paraibano"},"geometry":{"type":"Point","coordinates":[-38.5297897543,-6.5973459592]}},
{"type":"Feature","properties":{"fid":1141,"proprietario":"D. Marciel","orgao":"DNOCS","data_perfuracao":"1973-01-03","profundidade":51.0,"q_m3h":6.0,"equipamento":null,"municipio":"Santa Helena","microregiao":"Cajazeiras","mesoregiao":"Sertão Paraibano"},"geometry":{"type":"Point","coordinates":[-38.5192347483,-6.7198469128]}},
{"type":"Feature","properties":{"fid":1142,"proprietario":"Prefeitura","orgao":"PREFEITURA","data_perfuracao":"1980-01-07","profundidade":42.0,"q_m3h":2.0,"equipamento":"BOMBA MANUAL","municipio":"Poço de José de Moura","microregiao":"Cajazeiras","mesoregiao":"Sertão Paraibano"},"geometry":{"type":"Point","coordinates":[-38.4778453107,-6.6084580811]}},
{"type":"Feature","properties":{"fid":1143,"proprietario":"Prefeitura","orgao":"DNOCS","data_perfuracao":"1970-01-12","profundidade":50.0,"q_m3h":7.0,"equipamento":"INJ. ELÉTRICA","municipio":"Várzea","microregiao":"Seridó Ocidental Paraibano","mesoregiao":"Borborema"},"geometry":{"type":"Point","coordinates":[-36.9967214361,-6.7742933953]}},
{"type":"Feature","properties":{"fid":1144,"proprietario":"P A. Filho","orgao":"DNOCS","data_perfuracao":"1971-01-07","profundidade":45.0,"q_m3h":1.0,"equipamento":"CATAVENTO","municipio":"Várzea","microregiao":"Seridó Ocidental Paraibano","mesoregiao":"Borborema"},"geometry":{"type":"Point","coordinates":[-37.0881112583,-6.7948484942]}},
{"type":"Feature","properties":{"fid":1145,"proprietario":"M.sert.ltda","orgao":"NAO INFORMADO","data_perfuracao":"1954-01-01","profundidade":52.0,"q_m3h":1.0,"equipamento":"INJ. ELÉTRICA","municipio":"Várzea","microregiao":"Seridó Ocidental Paraibano","mesoregiao":"Borborema"},"geometry":{"type":"Point","coordinates":[-37.0056105387,-6.8092936645]}},
{"type":"Feature","properties":{"fid":1146,"proprietario":"Laers. Viana","orgao":"M.P.A.","data_perfuracao":"1970-01-01","profundidade":60.0,"q_m3h":1.0,"equipamento":"INJ. ELÉTRICA","municipio":"Várzea","microregiao":"Seridó Ocidental Paraibano","mesoregiao":"Borborema"},"geometry":{"type":"Point","coordinates":[-36.9936654151,-6.7831824673]}},
{"type":"Feature","properties":{"fid":1147,"proprietario":"Laers. Viana","orgao":"NAO INFORMADO","data_perfuracao":"1974-01-01","profundidade":38.0,"q_m3h":1.0,"equipamento":"CATAVENTO","municipio":"Várzea","microregiao":"Seridó Ocidental Paraibano","mesoregiao":"Borborema"},"geometry":{"type":"Point","coordinates":[-37.0039434961,-6.7687373467]}},
{"type":"Feature","properties":{"fid":1148,"proprietario":null,"orgao":"CDRM","data_perfuracao":"1982-01-08","profundidade":5.0,"q_m3h":1.0,"equipamento":"BOMBA CENTRÍFUGA","municipio":"São Domingos","microregiao":"Sousa","mesoregiao":"Sertão Paraibano"},"geometry":{"type":"Point","coordinates":[-37.9914522128,-6.8123480012]}},
{"type":"Feature","properties":{"fid":1149,"proprietario":"Prefeitura","orgao":"CDRM","data_perfuracao":"1983-01-02","profundidade":40.0,"q_m3h":1.0,"equipamento":"CATAVENTO","municipio":"Várzea","microregiao":"Seridó Ocidental Paraibano","mesoregiao":"Borborema"},"geometry":{"type":"Point","coordinates":[-37.0444998562,-6.7706823342]}},
{"type":"Feature","properties":{"fid":1150,"proprietario":"Prefeitura","orgao":"CDRM","data_perfuracao":"1983-01-02","profundidade":40.0,"q_m3h":2.0,"equipamento":"CATAVENTO","municipio":"Várzea","microregiao":"Seridó Ocidental Paraibano","mesoregiao":"Borborema"},"geometry":{"type":"Point","coordinates":[-36.9806103323,-6.8306828498]}},
{"type":"Feature","properties":{"fid":1151,"proprietario":"Prefeitura","orgao":"DNOCS","data_perfuracao":"1984-01-05","profundidade":48.0,"q_m3h":11.0,"equipamento":"CATAVENTO","municipio":"Várzea","microregiao":"Seridó Ocidental Paraibano","mesoregiao":"Borborema"},"geometry":{"type":"Point","coordinates":[-37.067833089,-6.8092936216]}},
{"type":"Feature","properties":{"fid":1152,"proprietario":"G.c. Farias","orgao":"EXERCITO","data_perfuracao":"2000-01-01","profundidade":50.0,"q_m3h":5.0,"equipamento":"CATAVENTO","municipio":"Juazeirinho","microregiao":"Seridó Oriental Paraibano","mesoregiao":"Borborema"},"geometry":{"type":"Point","coordinates":[-36.4897720824,-6.9845734018]}},
{"type":"Feature","properties":{"fid":1153,"proprietario":"Paulo Pires","orgao":"NAO INFORMADO","data_perfuracao":"1979-01-09","profundidade":35.0,"q_m3h":3.0,"equipamento":null,"municipio":"Catingueira","microregiao":"Piancó","mesoregiao":"Sertão Paraibano"},"geometry":{"type":"Point","coordinates":[-37.612005108,-7.1212396709]}},
{"type":"Feature","properties":{"fid":1154,"proprietario":"Djalma Maia","orgao":"NAO INFORMADO","data_perfuracao":"1972-01-01","profundidade":81.0,"q_m3h":3.0,"equipamento":null,"municipio":"Cabaceiras","microregiao":"Cariri Oriental","mesoregiao":"Borborema"},"geometry":{"type":"Point","coordinates":[-36.3708834097,-7.5198546962]}},
{"type":"Feature","properties":{"fid":1155,"proprietario":"Prefeitura","orgao":"CDRM","data_perfuracao":"1984-01-10","profundidade":45.0,"q_m3h":1.0,"equipamento":"CATAVENTO","municipio":"Piancó","microregiao":"Piancó","mesoregiao":"Sertão Paraibano"},"geometry":{"type":"Point","coordinates":[-38.0645090763,-7.122628349]}},
{"type":"Feature","properties":{"fid":1156,"proprietario":"J. Figueredo","orgao":"DNOCS","data_perfuracao":"1979-01-09","profundidade":46.0,"q_m3h":5.0,"equipamento":"INJ. ELÉTRICA","municipio":"Cajazeiras","microregiao":"Cajazeiras","mesoregiao":"Sertão Paraibano"},"geometry":{"type":"Point","coordinates":[-38.6081245995,-6.8309597056]}},
{"type":"Feature","properties":{"fid":1157,"proprietario":"Ant.gomes","orgao":"NAO INFORMADO","data_perfuracao":"1962-01-01","profundidade":45.0,"q_m3h":5.0,"equipamento":null,"municipio":"Campina Grande","microregiao":"Campina Grande","mesoregiao":"Agreste Paraibano"},"geometry":{"type":"Point","coordinates":[-36.0606024905,-7.3215203644]}},
{"type":"Feature","properties":{"fid":1158,"proprietario":"A. L. Loureiro","orgao":"EXERCITO","data_perfuracao":"1986-01-08","profundidade":50.0,"q_m3h":5.0,"equipamento":"CATAVENTO","municipio":"Emas","microregiao":"Piancó","mesoregiao":"Sertão Paraibano"},"geometry":{"type":"Point","coordinates":[-37.7539503603,-7.1287396251]}},
{"type":"Feature","properties":{"fid":1159,"proprietario":null,"orgao":"DNOCS","data_perfuracao":"1975-01-06","profundidade":46.0,"q_m3h":4.0,"equipamento":null,"municipio":"Aparecida","microregiao":"Sousa","mesoregiao":"Sertão Paraibano"},"geometry":{"type":"Point","coordinates":[-38.0786749503,-6.777070666]}},
{"type":"Feature","properties":{"fid":1160,"proprietario":"Bnb-clube","orgao":"DNOCS","data_perfuracao":"1976-01-10","profundidade":50.0,"q_m3h":2.0,"equipamento":"INJ. ELÉTRICA","municipio":"Sousa","microregiao":"Sousa","mesoregiao":"Sertão Paraibano"},"geometry":{"type":"Point","coordinates":[-38.2389543441,-6.7698474971]}},
{"type":"Feature","properties":{"fid":1161,"proprietario":"Nedimar Paiva","orgao":"DNOCS","data_perfuracao":"1976-01-01","profundidade":50.0,"q_m3h":4.0,"equipamento":"INJ. ELÉTRICA","municipio":"Sousa","microregiao":"Sousa","mesoregiao":"Sertão Paraibano"},"geometry":{"type":"Point","coordinates":[-38.24006534,-6.7504033458]}},
{"type":"Feature","properties":{"fid":1162,"proprietario":null,"orgao":"DNOCS","data_perfuracao":"1975-01-10","profundidade":50.0,"q_m3h":3.0,"equipamento":null,"municipio":"Sousa","microregiao":"Sousa","mesoregiao":"Sertão Paraibano"},"geometry":{"type":"Point","coordinates":[-38.1567316673,-6.8270709983]}},
{"type":"Feature","properties":{"fid":1163,"proprietario":"Joaquim Sousa","orgao":"DNOCS","data_perfuracao":"1976-01-06","profundidade":30.0,"q_m3h":2.0,"equipamento":"INJ. ELÉTRICA","municipio":"Sousa","microregiao":"Sousa","mesoregiao":"Sertão Paraibano"},"geometry":{"type":"Point","coordinates":[-38.3020107995,-6.6354024117]}},
{"type":"Feature","properties":{"fid":1164,"proprietario":"Joaquim Sousa","orgao":"DNOCS","data_perfuracao":"1976-01-07","profundidade":31.0,"q_m3h":2.0,"equipamento":null,"municipio":"Sousa","microregiao":"Sousa","mesoregiao":"Sertão Paraibano"},"geometry":{"type":"Point","coordinates":[-38.2961767486,-6.6354024157]}},
{"type":"Feature","properties":{"fid":1165,"proprietario":"A.p.queiroga","orgao":"DNOCS","data_perfuracao":"1977-01-03","profundidade":50.0,"q_m3h":2.0,"equipamento":"INJ. ELÉTRICA","municipio":"Sousa","microregiao":"Sousa","mesoregiao":"Sertão Paraibano"},"geometry":{"type":"Point","coordinates":[-38.2583995189,-6.7773475414]}},
{"type":"Feature","properties":{"fid":1166,"proprietario":"Aabb","orgao":"DNOCS","data_perfuracao":"1976-01-07","profundidade":50.0,"q_m3h":1.0,"equipamento":null,"municipio":"Sousa","microregiao":"Sousa","mesoregiao":"Sertão Paraibano"},"geometry":{"type":"Point","coordinates":[-38.2497874468,-6.7815145797]}},
{"type":"Feature","properties":{"fid":1167,"proprietario":"Prefeitura","orgao":"DNOCS","data_perfuracao":"1968-01-06","profundidade":250.0,"q_m3h":2.0,"equipamento":null,"municipio":"São Francisco","microregiao":"Sousa","mesoregiao":"Sertão Paraibano"},"geometry":{"type":"Point","coordinates":[-38.0936749711,-6.6187354262]}},
{"type":"Feature","properties":{"fid":1168,"proprietario":null,"orgao":"DNOCS","data_perfuracao":"1965-01-08","profundidade":161.0,"q_m3h":4.0,"equipamento":"INJ. ELÉTRICA","municipio":"Sousa","microregiao":"Sousa","mesoregiao":"Sertão Paraibano"},"geometry":{"type":"Point","coordinates":[-38.2206211822,-6.7670704885]}},
{"type":"Feature","properties":{"fid":1169,"proprietario":null,"orgao":"DNOCS","data_perfuracao":"1979-01-03","profundidade":48.0,"q_m3h":3.0,"equipamento":"INJ. ELÉTRICA","municipio":"Marizópolis","microregiao":"Sousa","mesoregiao":"Sertão Paraibano"},"geometry":{"type":"Point","coordinates":[-38.3211771045,-6.8315149155]}},
{"type":"Feature","properties":{"fid":1170,"proprietario":"Ant. Vieira","orgao":"DNOCS","data_perfuracao":"1978-01-06","profundidade":50.0,"q_m3h":4.0,"equipamento":"INJ. ELÉTRICA","municipio":"Sousa","microregiao":"Sousa","mesoregiao":"Sertão Paraibano"},"geometry":{"type":"Point","coordinates":[-38.2900657561,-6.7223470934]}},
{"type":"Feature","properties":{"fid":1171,"proprietario":"Joaquim Cabral","orgao":"DNOCS","data_perfuracao":"1978-01-09","profundidade":25.0,"q_m3h":5.0,"equipamento":"INJ. ELÉTRICA","municipio":"Sousa","microregiao":"Sousa","mesoregiao":"Sertão Paraibano"},"geometry":{"type":"Point","coordinates":[-38.3136769651,-6.7270701134]}},
{"type":"Feature","properties":{"fid":1172,"proprietario":"Lavoisier Sa","orgao":"DNOCS","data_perfuracao":"1976-01-11","profundidade":32.0,"q_m3h":3.0,"equipamento":"INJ. ELÉTRICA","municipio":"Sousa","microregiao":"Sousa","mesoregiao":"Sertão Paraibano"},"geometry":{"type":"Point","coordinates":[-38.3103439193,-6.7031809308]}},
{"type":"Feature","properties":{"fid":1173,"proprietario":"Jose M. Pires","orgao":"DNOCS","data_perfuracao":"1966-01-04","profundidade":60.0,"q_m3h":4.0,"equipamento":"INJ. ELÉTRICA","municipio":"São João do Rio do Peixe","microregiao":"Cajazeiras","mesoregiao":"Sertão Paraibano"},"geometry":{"type":"Point","coordinates":[-38.3628444555,-6.814847757]}},
{"type":"Feature","properties":{"fid":1174,"proprietario":"S.g. Ribeiro","orgao":"DNOCS","data_perfuracao":"1975-01-11","profundidade":30.0,"q_m3h":3.0,"equipamento":"INJ. ELÉTRICA","municipio":"Sousa","microregiao":"Sousa","mesoregiao":"Sertão Paraibano"},"geometry":{"type":"Point","coordinates":[-38.3075659054,-6.7179030467]}},
{"type":"Feature","properties":{"fid":1175,"proprietario":null,"orgao":"DNOCS","data_perfuracao":"1979-01-02","profundidade":48.0,"q_m3h":2.0,"equipamento":null,"municipio":"Sousa","microregiao":"Sousa","mesoregiao":"Sertão Paraibano"},"geometry":{"type":"Point","coordinates":[-38.2353433169,-6.7759595469]}},
{"type":"Feature","properties":{"fid":1176,"proprietario":"S. Soares","orgao":"PREFEITURA","data_perfuracao":"2000-01-01","profundidade":10.0,"q_m3h":5.0,"equipamento":"CATAVENTO","municipio":"Boa Vista","microregiao":"Campina Grande","mesoregiao":"Agreste Paraibano"},"geometry":{"type":"Point","coordinates":[-36.1575472916,-7.2295755693]}},
{"type":"Feature","properties":{"fid":1177,"proprietario":"Prefeitura","orgao":"FSESP","data_perfuracao":"1970-01-01","profundidade":28.0,"q_m3h":2.0,"equipamento":"CATAVENTO","municipio":"Lagoa de Dentro","microregiao":"Guarabira","mesoregiao":"Agreste Paraibano"},"geometry":{"type":"Point","coordinates":[-35.3489286636,-6.6837377703]}},
{"type":"Feature","properties":{"fid":1178,"proprietario":"Prefeitura","orgao":"CDRM","data_perfuracao":"1984-01-10","profundidade":40.0,"q_m3h":1.0,"equipamento":"CATAVENTO","municipio":"Pedra Branca","microregiao":"Itaporanga","mesoregiao":"Sertão Paraibano"},"geometry":{"type":"Point","coordinates":[-38.0611753072,-7.4651309862]}},
{"type":"Feature","properties":{"fid":1179,"proprietario":"Prefeitura","orgao":"CDRM","data_perfuracao":"1982-01-11","profundidade":5.0,"q_m3h":1.0,"equipamento":"INJ. ELÉTRICA","municipio":"Santa Cruz","microregiao":"Sousa","mesoregiao":"Sertão Paraibano"},"geometry":{"type":"Point","coordinates":[-38.062008634,-6.5301237583]}},
{"type":"Feature","properties":{"fid":1180,"proprietario":"Prefeitura","orgao":"DNOCS","data_perfuracao":"1980-01-11","profundidade":30.0,"q_m3h":3.0,"equipamento":null,"municipio":"Manaíra","microregiao":"Serra do Teixeira","mesoregiao":"Sertão Paraibano"},"geometry":{"type":"Point","coordinates":[-38.156732334,-7.7062437556]}},
{"type":"Feature","properties":{"fid":1181,"proprietario":null,"orgao":"NAO INFORMADO","data_perfuracao":"2006-01-01","profundidade":10.0,"q_m3h":6.0,"equipamento":null,"municipio":"Sousa","microregiao":"Sousa","mesoregiao":"Sertão Paraibano"},"geometry":{"type":"Point","coordinates":[-38.3103440044,-6.823459861]}},
{"type":"Feature","properties":{"fid":1182,"proprietario":null,"orgao":"DNOCS","data_perfuracao":"1979-01-12","profundidade":48.0,"q_m3h":1.0,"equipamento":"CATAVENTO","municipio":"Sousa","microregiao":"Sousa","mesoregiao":"Sertão Paraibano"},"geometry":{"type":"Point","coordinates":[-38.203121037,-6.7776255826]}},
{"type":"Feature","properties":{"fid":1183,"proprietario":null,"orgao":"DNOCS","data_perfuracao":"1973-01-06","profundidade":51.0,"q_m3h":1.0,"equipamento":"INJ. ELÉTRICA","municipio":"Sousa","microregiao":"Sousa","mesoregiao":"Sertão Paraibano"},"geometry":{"type":"Point","coordinates":[-38.2556215012,-6.7865146143]}},
{"type":"Feature","properties":{"fid":1184,"proprietario":"Joao Estrela","orgao":"CONESP","data_perfuracao":"1980-01-07","profundidade":60.0,"q_m3h":1.0,"equipamento":"INJ. ELÉTRICA","municipio":"Sousa","microregiao":"Sousa","mesoregiao":"Sertão Paraibano"},"geometry":{"type":"Point","coordinates":[-38.3120109475,-6.7226250802]}},
{"type":"Feature","properties":{"fid":1185,"proprietario":"J.a.sobrinho","orgao":"DNOCS","data_perfuracao":"1979-01-12","profundidade":35.0,"q_m3h":1.0,"equipamento":null,"municipio":"Sousa","microregiao":"Sousa","mesoregiao":"Sertão Paraibano"},"geometry":{"type":"Point","coordinates":[-38.2997878011,-6.6656806478]}},
{"type":"Feature","properties":{"fid":1186,"proprietario":"Ari Estrela","orgao":"CONESP","data_perfuracao":"1980-01-01","profundidade":63.0,"q_m3h":2.0,"equipamento":"INJ. ELÉTRICA","municipio":"Sousa","microregiao":"Sousa","mesoregiao":"Sertão Paraibano"},"geometry":{"type":"Point","coordinates":[-38.3392331635,-6.6926248289]}},
{"type":"Feature","properties":{"fid":1187,"proprietario":"Fc.  Lins","orgao":"CONESP","data_perfuracao":"1980-01-02","profundidade":51.0,"q_m3h":4.0,"equipamento":"INJ. ELÉTRICA","municipio":"Sousa","microregiao":"Sousa","mesoregiao":"Sertão Paraibano"},"geometry":{"type":"Point","coordinates":[-38.308399934,-6.7481812804]}},
{"type":"Feature","properties":{"fid":1188,"proprietario":"Luis Oliveira","orgao":"NAO INFORMADO","data_perfuracao":"1980-01-07","profundidade":50.0,"q_m3h":4.0,"equipamento":"INJ. ELÉTRICA","municipio":"Sousa","microregiao":"Sousa","mesoregiao":"Sertão Paraibano"},"geometry":{"type":"Point","coordinates":[-38.2497874385,-6.7698474894]}},
{"type":"Feature","properties":{"fid":1189,"proprietario":null,"orgao":"DNOCS","data_perfuracao":"1966-01-12","profundidade":10.0,"q_m3h":4.0,"equipamento":"INJ. ELÉTRICA","municipio":"Aparecida","microregiao":"Sousa","mesoregiao":"Sertão Paraibano"},"geometry":{"type":"Point","coordinates":[-38.0889530407,-6.7779036653]}},
{"type":"Feature","properties":{"fid":1190,"proprietario":null,"orgao":"DNOCS","data_perfuracao":"2000-01-01","profundidade":18.0,"q_m3h":4.0,"equipamento":null,"municipio":"Sousa","microregiao":"Sousa","mesoregiao":"Sertão Paraibano"},"geometry":{"type":"Point","coordinates":[-38.3114550271,-6.8417930018]}},
{"type":"Feature","properties":{"fid":1191,"proprietario":null,"orgao":"DNOCS","data_perfuracao":"1979-01-01","profundidade":10.0,"q_m3h":4.0,"equipamento":null,"municipio":"Sousa","microregiao":"Sousa","mesoregiao":"Sertão Paraibano"},"geometry":{"type":"Point","coordinates":[-38.2989549063,-6.825125882]}},
{"type":"Feature","properties":{"fid":1192,"proprietario":"S.g. Ribeiro","orgao":"DNOCS","data_perfuracao":"1975-01-11","profundidade":32.0,"q_m3h":4.0,"equipamento":"INJ. ELÉTRICA","municipio":"Sousa","microregiao":"Sousa","mesoregiao":"Sertão Paraibano"},"geometry":{"type":"Point","coordinates":[-38.3011768492,-6.7170700448]}},
{"type":"Feature","properties":{"fid":1193,"proprietario":"Prefeitura","orgao":"PREFEITURA","data_perfuracao":"1980-01-12","profundidade":7.0,"q_m3h":4.0,"equipamento":"INJ. ELÉTRICA","municipio":"São Francisco","microregiao":"Sousa","mesoregiao":"Sertão Paraibano"},"geometry":{"type":"Point","coordinates":[-38.0889529298,-6.6187354294]}},
{"type":"Feature","properties":{"fid":1194,"proprietario":"Prefeitura","orgao":"CDRM","data_perfuracao":"1982-01-02","profundidade":50.0,"q_m3h":5.0,"equipamento":"INJ. ELÉTRICA","municipio":"Sousa","microregiao":"Sousa","mesoregiao":"Sertão Paraibano"},"geometry":{"type":"Point","coordinates":[-38.2472873999,-6.7459593063]}},
{"type":"Feature","properties":{"fid":1195,"proprietario":null,"orgao":"CDRM","data_perfuracao":"1983-01-03","profundidade":64.0,"q_m3h":3.0,"equipamento":null,"municipio":"Aparecida","microregiao":"Sousa","mesoregiao":"Sertão Paraibano"},"geometry":{"type":"Point","coordinates":[-38.0895090481,-6.7815146929]}},
{"type":"Feature","properties":{"fid":1196,"proprietario":"Manoel Souto","orgao":"EXERCITO","data_perfuracao":"1962-01-11","profundidade":44.0,"q_m3h":1.0,"equipamento":"CATAVENTO","municipio":"Baraúna","microregiao":"Seridó Oriental Paraibano","mesoregiao":"Borborema"},"geometry":{"type":"Point","coordinates":[-36.2556037695,-6.6506819149]}},
{"type":"Feature","properties":{"fid":1197,"proprietario":"Alc. Candeia","orgao":"DNOCS","data_perfuracao":"1978-01-03","profundidade":35.0,"q_m3h":1.0,"equipamento":"CATAVENTO","municipio":"São Mamede","microregiao":"Seridó Ocidental Paraibano","mesoregiao":"Borborema"},"geometry":{"type":"Point","coordinates":[-37.1003334374,-6.8973492901]}},
{"type":"Feature","properties":{"fid":1198,"proprietario":"Sev. P. Araujo","orgao":"NAO INFORMADO","data_perfuracao":"2000-01-01","profundidade":8.0,"q_m3h":1.0,"equipamento":null,"municipio":"Picuí","microregiao":"Seridó Oriental Paraibano","mesoregiao":"Borborema"},"geometry":{"type":"Point","coordinates":[-36.2736587974,-6.4454022677]}},
{"type":"Feature","properties":{"fid":1199,"proprietario":"Joao Faustino","orgao":"DNOCS","data_perfuracao":"1966-01-03","profundidade":132.0,"q_m3h":3.0,"equipamento":"CATAVENTO","municipio":"Santa Teresinha","microregiao":"Patos","mesoregiao":"Sertão Paraibano"},"geometry":{"type":"Point","coordinates":[-37.399503215,-7.0901285836]}},
{"type":"Feature","properties":{"fid":1200,"proprietario":"Prefeitura","orgao":"CDRM","data_perfuracao":"1983-01-07","profundidade":39.0,"q_m3h":1.0,"equipamento":"CATAVENTO","municipio":"Cajazeirinhas","microregiao":"Sousa","mesoregiao":"Sertão Paraibano"},"geometry":{"type":"Point","coordinates":[-37.7431171341,-6.9481832324]}},
{"type":"Feature","properties":{"fid":1201,"proprietario":"Joao M. Silva","orgao":"EXERCITO","data_perfuracao":"2000-01-01","profundidade":50.0,"q_m3h":1.0,"equipamento":"CATAVENTO","municipio":"Taperoá","microregiao":"Cariri Ocidental","mesoregiao":"Borborema"},"geometry":{"type":"Point","coordinates":[-36.7047741043,-7.1401294743]}},
{"type":"Feature","properties":{"fid":1202,"proprietario":"Prefeitura","orgao":"DNOCS","data_perfuracao":"1976-01-11","profundidade":45.0,"q_m3h":1.0,"equipamento":null,"municipio":"Triunfo","microregiao":"Cajazeiras","mesoregiao":"Sertão Paraibano"},"geometry":{"type":"Point","coordinates":[-38.578402192,-6.6198460993]}},
{"type":"Feature","properties":{"fid":1203,"proprietario":null,"orgao":"CDRM","data_perfuracao":"1983-01-06","profundidade":60.0,"q_m3h":2.0,"equipamento":"CATAVENTO","municipio":"Sousa","microregiao":"Sousa","mesoregiao":"Sertão Paraibano"},"geometry":{"type":"Point","coordinates":[-38.1422864896,-6.7540144425]}},
{"type":"Feature","properties":{"fid":1204,"proprietario":null,"orgao":"CDRM","data_perfuracao":"1984-01-07","profundidade":40.0,"q_m3h":2.0,"equipamento":"CATAVENTO","municipio":"Aparecida","microregiao":"Sousa","mesoregiao":"Sertão Paraibano"},"geometry":{"type":"Point","coordinates":[-38.1206203639,-6.843737153]}},
{"type":"Feature","properties":{"fid":1205,"proprietario":"Prefeitura","orgao":"CDRM","data_perfuracao":"1983-01-08","profundidade":50.0,"q_m3h":2.0,"equipamento":"MOTO-BOMBA","municipio":"Triunfo","microregiao":"Cajazeiras","mesoregiao":"Sertão Paraibano"},"geometry":{"type":"Point","coordinates":[-38.602568406,-6.6259581296]}},
{"type":"Feature","properties":{"fid":1206,"proprietario":"B. Dantas","orgao":"DNOCS","data_perfuracao":"1979-01-11","profundidade":42.0,"q_m3h":3.0,"equipamento":"INJ. ELÉTRICA","municipio":"São João do Rio do Peixe","microregiao":"Cajazeiras","mesoregiao":"Sertão Paraibano"},"geometry":{"type":"Point","coordinates":[-38.4395120504,-6.7129029153]}},
{"type":"Feature","properties":{"fid":1207,"proprietario":"Prefeitura","orgao":"PREFEITURA","data_perfuracao":"1980-01-10","profundidade":60.0,"q_m3h":3.0,"equipamento":null,"municipio":"São João do Rio do Peixe","microregiao":"Cajazeiras","mesoregiao":"Sertão Paraibano"},"geometry":{"type":"Point","coordinates":[-38.4864565026,-6.7751253625]}},
{"type":"Feature","properties":{"fid":1208,"proprietario":"Prefeitura","orgao":"T.JANER","data_perfuracao":"1966-01-02","profundidade":50.0,"q_m3h":1.0,"equipamento":"CATAVENTO","municipio":"Juazeirinho","microregiao":"Seridó Oriental Paraibano","mesoregiao":"Borborema"},"geometry":{"type":"Point","coordinates":[-36.5231065138,-7.1751298792]}},
{"type":"Feature","properties":{"fid":1209,"proprietario":"Joao Teodosio","orgao":"NAO INFORMADO","data_perfuracao":"1964-01-07","profundidade":88.0,"q_m3h":4.0,"equipamento":"CATAVENTO","municipio":"Juazeirinho","microregiao":"Seridó Oriental Paraibano","mesoregiao":"Borborema"},"geometry":{"type":"Point","coordinates":[-36.4825499916,-6.9465171064]}},
{"type":"Feature","properties":{"fid":1210,"proprietario":"Prefeitura","orgao":"CDRM","data_perfuracao":"1985-01-08","profundidade":81.0,"q_m3h":1.0,"equipamento":"CATAVENTO","municipio":"Marizópolis","microregiao":"Sousa","mesoregiao":"Sertão Paraibano"},"geometry":{"type":"Point","coordinates":[-38.3306221632,-6.7984596534]}},
{"type":"Feature","properties":{"fid":1211,"proprietario":"Prefeitua","orgao":"CDRM","data_perfuracao":"1986-01-08","profundidade":50.0,"q_m3h":1.0,"equipamento":"CATAVENTO","municipio":"Sousa","microregiao":"Sousa","mesoregiao":"Sertão Paraibano"},"geometry":{"type":"Point","coordinates":[-38.2611765443,-6.7790145523]}},
{"type":"Feature","properties":{"fid":1212,"proprietario":"A.f.sarmento","orgao":"EXERCITO","data_perfuracao":"1985-01-10","profundidade":50.0,"q_m3h":1.0,"equipamento":"CATAVENTO","municipio":"Sousa","microregiao":"Sousa","mesoregiao":"Sertão Paraibano"},"geometry":{"type":"Point","coordinates":[-38.1517314893,-6.6354025157]}},
{"type":"Feature","properties":{"fid":1213,"proprietario":"J.j.pires Sa","orgao":"EXERCITO","data_perfuracao":"1985-01-10","profundidade":50.0,"q_m3h":4.0,"equipamento":"ELETRO-BOMBA","municipio":"Sousa","microregiao":"Sousa","mesoregiao":"Sertão Paraibano"},"geometry":{"type":"Point","coordinates":[-38.285065734,-6.7529033334]}},
{"type":"Feature","properties":{"fid":1214,"proprietario":"Fc. A. Sousa","orgao":"EXERCITO","data_perfuracao":"1985-01-10","profundidade":50.0,"q_m3h":1.0,"equipamento":"CATAVENTO","municipio":"Marizópolis","microregiao":"Sousa","mesoregiao":"Sertão Paraibano"},"geometry":{"type":"Point","coordinates":[-38.3520113524,-6.8026256704]}},
{"type":"Feature","properties":{"fid":1215,"proprietario":"S.a. Carvalho","orgao":"EXERCITO","data_perfuracao":"1985-01-11","profundidade":50.0,"q_m3h":4.0,"equipamento":"CATAVENTO","municipio":"Sousa","microregiao":"Sousa","mesoregiao":"Sertão Paraibano"},"geometry":{"type":"Point","coordinates":[-38.2339542871,-6.7509593544]}},
{"type":"Feature","properties":{"fid":1216,"proprietario":"Oscar Feitosa","orgao":"DNOCS","data_perfuracao":"1967-01-07","profundidade":20.0,"q_m3h":3.0,"equipamento":"CATAVENTO","municipio":"Sumé","microregiao":"Cariri Ocidental","mesoregiao":"Borborema"},"geometry":{"type":"Point","coordinates":[-36.9836660409,-7.7540230519]}},
{"type":"Feature","properties":{"fid":1217,"proprietario":"Oscar Feitosa","orgao":"DNOCS","data_perfuracao":"1968-01-08","profundidade":50.0,"q_m3h":2.0,"equipamento":"CATAVENTO","municipio":"Sumé","microregiao":"Cariri Ocidental","mesoregiao":"Borborema"},"geometry":{"type":"Point","coordinates":[-36.9131104318,-7.7754122728]}},
{"type":"Feature","properties":{"fid":1218,"proprietario":"Prefeitura","orgao":"DNOCS","data_perfuracao":"1968-01-01","profundidade":34.0,"q_m3h":6.0,"equipamento":null,"municipio":"Sumé","microregiao":"Cariri Ocidental","mesoregiao":"Borborema"},"geometry":{"type":"Point","coordinates":[-36.964221682,-7.5129101958]}},
{"type":"Feature","properties":{"fid":1219,"proprietario":"Ant. Andrade","orgao":"NAO INFORMADO","data_perfuracao":"1960-01-09","profundidade":17.0,"q_m3h":6.0,"equipamento":"INJ. ELÉTRICA","municipio":"Gurjão","microregiao":"Cariri Oriental","mesoregiao":"Borborema"},"geometry":{"type":"Point","coordinates":[-36.4864392474,-7.2584645606]}},
{"type":"Feature","properties":{"fid":1220,"proprietario":"J.f.sobrinho","orgao":"NAO INFORMADO","data_perfuracao":"1959-01-12","profundidade":19.0,"q_m3h":8.0,"equipamento":"CATAVENTO","municipio":"Cabaceiras","microregiao":"Cariri Oriental","mesoregiao":"Borborema"},"geometry":{"type":"Point","coordinates":[-36.3094938459,-7.4987435764]}},
{"type":"Feature","properties":{"fid":1221,"proprietario":"Djalma Maia","orgao":"NAO INFORMADO","data_perfuracao":"1972-01-01","profundidade":50.0,"q_m3h":8.0,"equipamento":"MOTO-BOMBA","municipio":"Cabaceiras","microregiao":"Cariri Oriental","mesoregiao":"Borborema"},"geometry":{"type":"Point","coordinates":[-36.3069938207,-7.4948545478]}},
{"type":"Feature","properties":{"fid":1222,"proprietario":"Ant. C. Dantas","orgao":"CONESP","data_perfuracao":"1980-01-01","profundidade":10.0,"q_m3h":8.0,"equipamento":"INJ. ELÉTRICA","municipio":"Catingueira","microregiao":"Piancó","mesoregiao":"Sertão Paraibano"},"geometry":{"type":"Point","coordinates":[-37.5906159513,-7.1640180185]}},
{"type":"Feature","properties":{"fid":1223,"proprietario":"Prefeitura","orgao":"CDRM","data_perfuracao":"1982-01-01","profundidade":40.0,"q_m3h":2.0,"equipamento":"CATAVENTO","municipio":"Ibiara","microregiao":"Itaporanga","mesoregiao":"Sertão Paraibano"},"geometry":{"type":"Point","coordinates":[-38.3481228046,-7.4531866718]}},
{"type":"Feature","properties":{"fid":1224,"proprietario":"Prefeitura","orgao":"CDRM","data_perfuracao":"1985-01-09","profundidade":40.0,"q_m3h":1.0,"equipamento":"CATAVENTO","municipio":"Barra de São Miguel","microregiao":"Cariri Oriental","mesoregiao":"Borborema"},"geometry":{"type":"Point","coordinates":[-36.3953277489,-7.6795789273]}},
{"type":"Feature","properties":{"fid":1225,"proprietario":"Prefeitura","orgao":"CONESP","data_perfuracao":"1963-01-04","profundidade":50.0,"q_m3h":5.0,"equipamento":"CATAVENTO","municipio":"Sumé","microregiao":"Cariri Ocidental","mesoregiao":"Borborema"},"geometry":{"type":"Point","coordinates":[-36.9970000149,-7.5684666026]}},
{"type":"Feature","properties":{"fid":1226,"proprietario":"Prefeitura","orgao":"CONESP","data_perfuracao":"1963-01-04","profundidade":43.0,"q_m3h":10.0,"equipamento":"ELETRO-BOMBA","municipio":"Amparo","microregiao":"Cariri Ocidental","mesoregiao":"Borborema"},"geometry":{"type":"Point","coordinates":[-37.0650556174,-7.5679105462]}},
{"type":"Feature","properties":{"fid":1227,"proprietario":"Jose Lucas","orgao":"NAO INFORMADO","data_perfuracao":"1960-01-09","profundidade":21.0,"q_m3h":3.0,"equipamento":"CATAVENTO","municipio":"Sumé","microregiao":"Cariri Ocidental","mesoregiao":"Borborema"},"geometry":{"type":"Point","coordinates":[-36.9622769009,-7.8170795568]}},
{"type":"Feature","properties":{"fid":1228,"proprietario":"Prefeitura","orgao":"CONESP","data_perfuracao":"1963-01-07","profundidade":47.0,"q_m3h":2.0,"equipamento":"CATAVENTO","municipio":"Amparo","microregiao":"Cariri Ocidental","mesoregiao":"Borborema"},"geometry":{"type":"Point","coordinates":[-37.0022770343,-7.5326323202]}},
{"type":"Feature","properties":{"fid":1229,"proprietario":"Jose Torres","orgao":"CONESP","data_perfuracao":"1964-01-02","profundidade":49.0,"q_m3h":14.0,"equipamento":"CATAVENTO","municipio":"Sumé","microregiao":"Cariri Ocidental","mesoregiao":"Borborema"},"geometry":{"type":"Point","coordinates":[-36.938665592,-7.6904115939]}},
{"type":"Feature","properties":{"fid":1230,"proprietario":"Ermirio Leite","orgao":"NAO INFORMADO","data_perfuracao":"1963-01-04","profundidade":32.0,"q_m3h":2.0,"equipamento":"MOTO-BOMBA","municipio":"Sumé","microregiao":"Cariri Ocidental","mesoregiao":"Borborema"},"geometry":{"type":"Point","coordinates":[-36.9889439034,-7.5159662008]}},
{"type":"Feature","properties":{"fid":1231,"proprietario":"Prefeitura","orgao":"CONESP","data_perfuracao":"1963-01-05","profundidade":50.0,"q_m3h":2.0,"equipamento":"CATAVENTO","municipio":"Serra Branca","microregiao":"Cariri Ocidental","mesoregiao":"Borborema"},"geometry":{"type":"Point","coordinates":[-36.8633878022,-7.5320774213]}},
{"type":"Feature","properties":{"fid":1232,"proprietario":"Prefeitura","orgao":"CONESP","data_perfuracao":"1963-01-06","profundidade":48.0,"q_m3h":3.0,"equipamento":"CATAVENTO","municipio":"Sumé","microregiao":"Cariri Ocidental","mesoregiao":"Borborema"},"geometry":{"type":"Point","coordinates":[-36.9367214923,-7.5837437673]}},
{"type":"Feature","properties":{"fid":1233,"proprietario":"Otaviano Peron","orgao":"NAO INFORMADO","data_perfuracao":"1960-01-10","profundidade":23.0,"q_m3h":1.0,"equipamento":"ELETRO-BOMBA","municipio":"Sumé","microregiao":"Cariri Ocidental","mesoregiao":"Borborema"},"geometry":{"type":"Point","coordinates":[-36.7733871655,-7.7431901318]}},
{"type":"Feature","properties":{"fid":1234,"proprietario":"Otaviano Peron","orgao":"DNOCS","data_perfuracao":"1960-01-10","profundidade":11.0,"q_m3h":4.0,"equipamento":null,"municipio":"Sumé","microregiao":"Cariri Ocidental","mesoregiao":"Borborema"},"geometry":{"type":"Point","coordinates":[-36.768387121,-7.7431901357]}},
{"type":"Feature","properties":{"fid":1235,"proprietario":"Boa Ventura","orgao":"NAO INFORMADO","data_perfuracao":"1960-01-12","profundidade":18.0,"q_m3h":1.0,"equipamento":"BOMBA MANUAL","municipio":"Sumé","microregiao":"Cariri Ocidental","mesoregiao":"Borborema"},"geometry":{"type":"Point","coordinates":[-36.9344994383,-7.5390214214]}},
{"type":"Feature","properties":{"fid":1236,"proprietario":"Prefeitura","orgao":"CONESP","data_perfuracao":"1963-01-06","profundidade":42.0,"q_m3h":3.0,"equipamento":"CATAVENTO","municipio":"Sumé","microregiao":"Cariri Ocidental","mesoregiao":"Borborema"},"geometry":{"type":"Point","coordinates":[-36.9456105109,-7.5048541472]}},
{"type":"Feature","properties":{"fid":1237,"proprietario":"Fc. Alves","orgao":"NAO INFORMADO","data_perfuracao":"1960-01-11","profundidade":14.0,"q_m3h":1.0,"equipamento":"CATAVENTO","municipio":"Sumé","microregiao":"Cariri Ocidental","mesoregiao":"Borborema"},"geometry":{"type":"Point","coordinates":[-37.0400554345,-7.6179109533]}},
{"type":"Feature","properties":{"fid":1238,"proprietario":"Paulo Guerra","orgao":"NAO INFORMADO","data_perfuracao":"1960-01-08","profundidade":17.0,"q_m3h":6.0,"equipamento":"CATAVENTO","municipio":"Sumé","microregiao":"Cariri Ocidental","mesoregiao":"Borborema"},"geometry":{"type":"Point","coordinates":[-36.9306106004,-7.7923563903]}},
{"type":"Feature","properties":{"fid":1239,"proprietario":"J.fc. Nascime.","orgao":"NAO INFORMADO","data_perfuracao":"1962-01-12","profundidade":19.0,"q_m3h":3.0,"equipamento":"BOMBA MANUAL","municipio":"Amparo","microregiao":"Cariri Ocidental","mesoregiao":"Borborema"},"geometry":{"type":"Point","coordinates":[-37.0325553304,-7.5690215797]}},
{"type":"Feature","properties":{"fid":1240,"proprietario":"Pedro Mariano","orgao":"NAO INFORMADO","data_perfuracao":"1963-01-03","profundidade":42.0,"q_m3h":2.0,"equipamento":"CATAVENTO","municipio":"Sumé","microregiao":"Cariri Ocidental","mesoregiao":"Borborema"},"geometry":{"type":"Point","coordinates":[-36.9019993629,-7.8131905741]}},
{"type":"Feature","properties":{"fid":1241,"proprietario":"F.s. Macedo","orgao":"NAO INFORMADO","data_perfuracao":"1963-01-02","profundidade":23.0,"q_m3h":8.0,"equipamento":"CATAVENTO","municipio":"Sumé","microregiao":"Cariri Ocidental","mesoregiao":"Borborema"},"geometry":{"type":"Point","coordinates":[-36.8669989594,-7.6948556839]}},
{"type":"Feature","properties":{"fid":1242,"proprietario":"Oscar Neves","orgao":"CARIRI","data_perfuracao":"1962-01-09","profundidade":17.0,"q_m3h":4.0,"equipamento":null,"municipio":"Sumé","microregiao":"Cariri Ocidental","mesoregiao":"Borborema"},"geometry":{"type":"Point","coordinates":[-36.9825550166,-7.7356899108]}},
{"type":"Feature","properties":{"fid":1243,"proprietario":"F.s. Macedo","orgao":"NAO INFORMADO","data_perfuracao":"1965-01-03","profundidade":17.0,"q_m3h":6.0,"equipamento":"BOMBA MANUAL","municipio":"Sumé","microregiao":"Cariri Ocidental","mesoregiao":"Borborema"},"geometry":{"type":"Point","coordinates":[-36.840887624,-7.5604106589]}},
{"type":"Feature","properties":{"fid":1244,"proprietario":"Joao Soares","orgao":"DNOCS","data_perfuracao":"1963-01-03","profundidade":41.0,"q_m3h":1.0,"equipamento":"CATAVENTO","municipio":"Sumé","microregiao":"Cariri Ocidental","mesoregiao":"Borborema"},"geometry":{"type":"Point","coordinates":[-36.9378324885,-7.5659666283]}},
{"type":"Feature","properties":{"fid":1245,"proprietario":"Prefeitura","orgao":"CONESP","data_perfuracao":"1963-01-07","profundidade":20.0,"q_m3h":4.0,"equipamento":"CATAVENTO","municipio":"Amparo","microregiao":"Cariri Ocidental","mesoregiao":"Borborema"},"geometry":{"type":"Point","coordinates":[-37.0022770933,-7.6095779177]}},
{"type":"Feature","properties":{"fid":1246,"proprietario":"Haroldo","orgao":"DNOCS","data_perfuracao":"1978-01-09","profundidade":20.0,"q_m3h":3.0,"equipamento":null,"municipio":"Sumé","microregiao":"Cariri Ocidental","mesoregiao":"Borborema"},"geometry":{"type":"Point","coordinates":[-36.8158875284,-7.7243009521]}},
{"type":"Feature","properties":{"fid":1247,"proprietario":"Alfredo Souza","orgao":"DNOCS","data_perfuracao":"1978-01-09","profundidade":35.0,"q_m3h":3.0,"equipamento":"CATAVENTO","municipio":"Sumé","microregiao":"Cariri Ocidental","mesoregiao":"Borborema"},"geometry":{"type":"Point","coordinates":[-36.8431097657,-7.7184678857]}},
{"type":"Feature","properties":{"fid":1248,"proprietario":"Oscar Frutuoso","orgao":"DNOCS","data_perfuracao":"1978-01-09","profundidade":21.0,"q_m3h":6.0,"equipamento":"CATAVENTO","municipio":"Sumé","microregiao":"Cariri Ocidental","mesoregiao":"Borborema"},"geometry":{"type":"Point","coordinates":[-36.8456097955,-7.7281899592]}},
{"type":"Feature","properties":{"fid":1249,"proprietario":"Expedito Braz","orgao":"DNOCS","data_perfuracao":"1974-01-11","profundidade":20.0,"q_m3h":3.0,"equipamento":"CATAVENTO","municipio":"Sumé","microregiao":"Cariri Ocidental","mesoregiao":"Borborema"},"geometry":{"type":"Point","coordinates":[-36.9992221134,-7.6704113919]}},
{"type":"Feature","properties":{"fid":1250,"proprietario":"J. M. Bezerra","orgao":"DNOCS","data_perfuracao":"1978-01-11","profundidade":20.0,"q_m3h":4.0,"equipamento":"CATAVENTO","municipio":"Sumé","microregiao":"Cariri Ocidental","mesoregiao":"Borborema"},"geometry":{"type":"Point","coordinates":[-36.8817211233,-7.7373560023]}},
{"type":"Feature","properties":{"fid":1251,"proprietario":null,"orgao":"EXERCITO","data_perfuracao":"1985-01-10","profundidade":50.0,"q_m3h":1.0,"equipamento":"CATAVENTO","municipio":"Condado","microregiao":"Sousa","mesoregiao":"Sertão Paraibano"},"geometry":{"type":"Point","coordinates":[-37.6681164348,-6.8906828387]}},
{"type":"Feature","properties":{"fid":1252,"proprietario":"Aldo Satiro","orgao":"CONESP","data_perfuracao":"1976-01-12","profundidade":52.0,"q_m3h":6.0,"equipamento":null,"municipio":"Cacimba de Areia","microregiao":"Patos","mesoregiao":"Sertão Paraibano"},"geometry":{"type":"Point","coordinates":[-37.1503340626,-7.1542962643]}},
{"type":"Feature","properties":{"fid":1253,"proprietario":"Prefeitura","orgao":"DNOCS","data_perfuracao":"1969-01-11","profundidade":38.0,"q_m3h":2.0,"equipamento":null,"municipio":"Logradouro","microregiao":"Guarabira","mesoregiao":"Agreste Paraibano"},"geometry":{"type":"Point","coordinates":[-35.4447624788,-6.6095711124]}},
{"type":"Feature","properties":{"fid":1254,"proprietario":"Fsesp","orgao":"DNOCS","data_perfuracao":"1979-01-07","profundidade":130.0,"q_m3h":10.0,"equipamento":"BOMBA SUBMERSA","municipio":"Conde","microregiao":"João Pessoa","mesoregiao":"Litoral Paraibano"},"geometry":{"type":"Point","coordinates":[-34.9058700475,-7.2617987051]}},
{"type":"Feature","properties":{"fid":1255,"proprietario":"Irineu Silva","orgao":"DNOCS","data_perfuracao":"1964-01-01","profundidade":141.0,"q_m3h":5.0,"equipamento":null,"municipio":"Itaporanga","microregiao":"Itaporanga","mesoregiao":"Sertão Paraibano"},"geometry":{"type":"Point","coordinates":[-38.2872881969,-7.35401896]}},
{"type":"Feature","properties":{"fid":1256,"proprietario":"J.cavalcante","orgao":"DNOCS","data_perfuracao":"1974-01-08","profundidade":25.0,"q_m3h":2.0,"equipamento":"INJ. ELÉTRICA","municipio":"Cajazeiras","microregiao":"Cajazeiras","mesoregiao":"Sertão Paraibano"},"geometry":{"type":"Point","coordinates":[-38.5984025581,-6.8904041698]}},
{"type":"Feature","properties":{"fid":1257,"proprietario":"Prefeitura","orgao":"DNOCS","data_perfuracao":"1975-01-09","profundidade":42.0,"q_m3h":4.0,"equipamento":null,"municipio":"Cajazeiras","microregiao":"Cajazeiras","mesoregiao":"Sertão Paraibano"},"geometry":{"type":"Point","coordinates":[-38.6231248367,-6.9779048238]}},
{"type":"Feature","properties":{"fid":1258,"proprietario":"Prefeitura","orgao":"CDRM","data_perfuracao":"1983-01-09","profundidade":50.0,"q_m3h":1.0,"equipamento":"CATAVENTO","municipio":"Congo","microregiao":"Cariri Ocidental","mesoregiao":"Borborema"},"geometry":{"type":"Point","coordinates":[-36.6853303481,-7.6990228566]}},
{"type":"Feature","properties":{"fid":1259,"proprietario":"Prefeitura","orgao":"CDRM","data_perfuracao":"1985-01-09","profundidade":9.0,"q_m3h":1.0,"equipamento":null,"municipio":"Itaporanga","microregiao":"Itaporanga","mesoregiao":"Sertão Paraibano"},"geometry":{"type":"Point","coordinates":[-38.1606210754,-7.3337409015]}},
{"type":"Feature","properties":{"fid":1260,"proprietario":"J. F. Fonseca","orgao":"EXERCITO","data_perfuracao":"1986-01-09","profundidade":50.0,"q_m3h":2.0,"equipamento":"CATAVENTO","municipio":"Itaporanga","microregiao":"Itaporanga","mesoregiao":"Sertão Paraibano"},"geometry":{"type":"Point","coordinates":[-38.1317318229,-7.3337409235]}},
{"type":"Feature","properties":{"fid":1261,"proprietario":"J.sobrinho","orgao":"DNOCS","data_perfuracao":"1981-01-03","profundidade":34.0,"q_m3h":2.0,"equipamento":null,"municipio":"Cajazeiras","microregiao":"Cajazeiras","mesoregiao":"Sertão Paraibano"},"geometry":{"type":"Point","coordinates":[-38.5697903169,-6.9004042674]}},
{"type":"Feature","properties":{"fid":1262,"proprietario":"Ermirio Leite","orgao":"DNOCS","data_perfuracao":"1975-01-11","profundidade":30.0,"q_m3h":3.0,"equipamento":null,"municipio":"Sumé","microregiao":"Cariri Ocidental","mesoregiao":"Borborema"},"geometry":{"type":"Point","coordinates":[-36.9917219213,-7.5070771296]}},
{"type":"Feature","properties":{"fid":1263,"proprietario":"S. Canario","orgao":"DNOCS","data_perfuracao":"1977-01-07","profundidade":20.0,"q_m3h":2.0,"equipamento":"BOMBA MANUAL","municipio":"Amparo","microregiao":"Cariri Ocidental","mesoregiao":"Borborema"},"geometry":{"type":"Point","coordinates":[-37.0381113809,-7.5706885884]}},
{"type":"Feature","properties":{"fid":1264,"proprietario":"Breno Silveira","orgao":"DNOCS","data_perfuracao":"1975-01-09","profundidade":25.0,"q_m3h":5.0,"equipamento":"CATAVENTO","municipio":"São José dos Cordeiros","microregiao":"Cariri Ocidental","mesoregiao":"Borborema"},"geometry":{"type":"Point","coordinates":[-36.9461654905,-7.4715208874]}},
{"type":"Feature","properties":{"fid":1265,"proprietario":"J. M. Bezerra","orgao":"DNOCS","data_perfuracao":"1975-01-01","profundidade":20.0,"q_m3h":5.0,"equipamento":"CATAVENTO","municipio":"Sumé","microregiao":"Cariri Ocidental","mesoregiao":"Borborema"},"geometry":{"type":"Point","coordinates":[-36.8900541554,-7.6837445798]}},
{"type":"Feature","properties":{"fid":1266,"proprietario":"Newton Rafael","orgao":"DNOCS","data_perfuracao":"1975-01-12","profundidade":19.0,"q_m3h":3.0,"equipamento":"ELETRO-BOMBA","municipio":"Sumé","microregiao":"Cariri Ocidental","mesoregiao":"Borborema"},"geometry":{"type":"Point","coordinates":[-36.9622767716,-7.6520782783]}},
{"type":"Feature","properties":{"fid":1267,"proprietario":"Ermirio Leite","orgao":"DNOCS","data_perfuracao":"1975-01-10","profundidade":24.0,"q_m3h":1.0,"equipamento":null,"municipio":"Sumé","microregiao":"Cariri Ocidental","mesoregiao":"Borborema"},"geometry":{"type":"Point","coordinates":[-36.9856108663,-7.5059661256]}},
{"type":"Feature","properties":{"fid":1268,"proprietario":"S. J. Da Rocha","orgao":"PROPR.","data_perfuracao":"2000-01-01","profundidade":5.0,"q_m3h":1.0,"equipamento":"CATAVENTO","municipio":"Sumé","microregiao":"Cariri Ocidental","mesoregiao":"Borborema"},"geometry":{"type":"Point","coordinates":[-36.8336646879,-7.7262449534]}},
{"type":"Feature","properties":{"fid":1269,"proprietario":"Prefeitura","orgao":"CDRM","data_perfuracao":"1981-01-08","profundidade":50.0,"q_m3h":1.0,"equipamento":"BOMBA MANUAL","municipio":"Amparo","microregiao":"Cariri Ocidental","mesoregiao":"Borborema"},"geometry":{"type":"Point","coordinates":[-37.0445003984,-7.5195771867]}},
{"type":"Feature","properties":{"fid":1270,"proprietario":"Prefeitura","orgao":"CDRM","data_perfuracao":"1981-01-01","profundidade":50.0,"q_m3h":2.0,"equipamento":"CATAVENTO","municipio":"Sumé","microregiao":"Cariri Ocidental","mesoregiao":"Borborema"},"geometry":{"type":"Point","coordinates":[-36.9895000413,-7.6884675394]}},
{"type":"Feature","properties":{"fid":1271,"proprietario":"Prefeitura","orgao":"CDRM","data_perfuracao":"1981-01-08","profundidade":50.0,"q_m3h":2.0,"equipamento":"CATAVENTO","municipio":"Sumé","microregiao":"Cariri Ocidental","mesoregiao":"Borborema"},"geometry":{"type":"Point","coordinates":[-36.8733879677,-7.6323551936]}},
{"type":"Feature","properties":{"fid":1272,"proprietario":"Prefeitura","orgao":"CDRM","data_perfuracao":"1981-01-08","profundidade":50.0,"q_m3h":1.0,"equipamento":"CATAVENTO","municipio":"Sumé","microregiao":"Cariri Ocidental","mesoregiao":"Borborema"},"geometry":{"type":"Point","coordinates":[-37.0056111349,-7.6251330358]}},
{"type":"Feature","properties":{"fid":1273,"proprietario":"Prefeitura","orgao":"CDRM","data_perfuracao":"1982-01-03","profundidade":50.0,"q_m3h":1.0,"equipamento":"CATAVENTO","municipio":"Amparo","microregiao":"Cariri Ocidental","mesoregiao":"Borborema"},"geometry":{"type":"Point","coordinates":[-37.0225552282,-7.5512434493]}},
{"type":"Feature","properties":{"fid":1274,"proprietario":"Prefeitura","orgao":"CONESP","data_perfuracao":"1984-01-08","profundidade":52.0,"q_m3h":1.0,"equipamento":"CATAVENTO","municipio":"Sumé","microregiao":"Cariri Ocidental","mesoregiao":"Borborema"},"geometry":{"type":"Point","coordinates":[-36.9142214432,-7.777356287]}},
{"type":"Feature","properties":{"fid":1275,"proprietario":"Prefeitura","orgao":"CDRM","data_perfuracao":"1985-01-05","profundidade":40.0,"q_m3h":2.0,"equipamento":"INJ. ELÉTRICA","municipio":"Cajazeiras","microregiao":"Cajazeiras","mesoregiao":"Sertão Paraibano"},"geometry":{"type":"Point","coordinates":[-38.5503461342,-6.8815151362]}},
{"type":"Feature","properties":{"fid":1276,"proprietario":"Prefeitura","orgao":"DNOCS","data_perfuracao":"1984-01-08","profundidade":50.0,"q_m3h":1.0,"equipamento":"CATAVENTO","municipio":"Riacho dos Cavalos","microregiao":"Catolé do Rocha","mesoregiao":"Sertão Paraibano"},"geometry":{"type":"Point","coordinates":[-37.667838186,-6.5337350526]}},
{"type":"Feature","properties":{"fid":1277,"proprietario":"J.aires Estr.","orgao":"EXERCITO","data_perfuracao":"1985-01-06","profundidade":58.0,"q_m3h":1.0,"equipamento":"CATAVENTO","municipio":"Santana de Mangueira","microregiao":"Itaporanga","mesoregiao":"Sertão Paraibano"},"geometry":{"type":"Point","coordinates":[-38.3095115218,-7.5220762284]}},
{"type":"Feature","properties":{"fid":1278,"proprietario":"Prefeitura","orgao":"CDRM","data_perfuracao":"1985-01-08","profundidade":40.0,"q_m3h":1.0,"equipamento":"CATAVENTO","municipio":"Sumé","microregiao":"Cariri Ocidental","mesoregiao":"Borborema"},"geometry":{"type":"Point","coordinates":[-36.8567208723,-7.7001337328]}},
{"type":"Feature","properties":{"fid":1279,"proprietario":"Prefeitura","orgao":"CDRM","data_perfuracao":"1985-01-10","profundidade":40.0,"q_m3h":1.0,"equipamento":"CATAVENTO","municipio":"Sumé","microregiao":"Cariri Ocidental","mesoregiao":"Borborema"},"geometry":{"type":"Point","coordinates":[-36.9719998119,-7.5926328094]}},
{"type":"Feature","properties":{"fid":1280,"proprietario":"Prefeitura","orgao":"CDRM","data_perfuracao":"1986-01-07","profundidade":40.0,"q_m3h":2.0,"equipamento":"CATAVENTO","municipio":"Sumé","microregiao":"Cariri Ocidental","mesoregiao":"Borborema"},"geometry":{"type":"Point","coordinates":[-36.9733888788,-7.6631893559]}},
{"type":"Feature","properties":{"fid":1281,"proprietario":"Prefeitura","orgao":"CDRM","data_perfuracao":"1986-01-08","profundidade":50.0,"q_m3h":1.0,"equipamento":"CATAVENTO","municipio":"Sumé","microregiao":"Cariri Ocidental","mesoregiao":"Borborema"},"geometry":{"type":"Point","coordinates":[-36.9628327795,-7.655967308]}},
{"type":"Feature","properties":{"fid":1282,"proprietario":"Prefeitura","orgao":"CDRM","data_perfuracao":"1986-01-08","profundidade":39.0,"q_m3h":1.0,"equipamento":"CATAVENTO","municipio":"Sumé","microregiao":"Cariri Ocidental","mesoregiao":"Borborema"},"geometry":{"type":"Point","coordinates":[-36.9714438258,-7.6170779996]}},
{"type":"Feature","properties":{"fid":1283,"proprietario":"Prefeitura","orgao":"CDRM","data_perfuracao":"1988-01-02","profundidade":40.0,"q_m3h":1.0,"equipamento":"CATAVENTO","municipio":"Princesa Isabel","microregiao":"Serra do Teixeira","mesoregiao":"Sertão Paraibano"},"geometry":{"type":"Point","coordinates":[-37.9647856152,-7.6584665434]}},
{"type":"Feature","properties":{"fid":1284,"proprietario":"J.alves Carv.","orgao":"EXERCITO","data_perfuracao":"1985-01-07","profundidade":54.0,"q_m3h":1.0,"equipamento":"CATAVENTO","municipio":"Igaracy","microregiao":"Piancó","mesoregiao":"Sertão Paraibano"},"geometry":{"type":"Point","coordinates":[-38.204787302,-7.1229062473]}},
{"type":"Feature","properties":{"fid":1285,"proprietario":"Orl.ramos","orgao":"CARIRI","data_perfuracao":"1963-01-05","profundidade":26.0,"q_m3h":5.0,"equipamento":"CATAVENTO","municipio":"Boa Vista","microregiao":"Campina Grande","mesoregiao":"Agreste Paraibano"},"geometry":{"type":"Point","coordinates":[-36.1322690521,-7.2106864382]}},
{"type":"Feature","properties":{"fid":1286,"proprietario":"Catao","orgao":"NAO INFORMADO","data_perfuracao":"1967-01-08","profundidade":44.0,"q_m3h":21.0,"equipamento":"CATAVENTO","municipio":"Boa Vista","microregiao":"Campina Grande","mesoregiao":"Agreste Paraibano"},"geometry":{"type":"Point","coordinates":[-36.1714363979,-7.2045753621]}},
{"type":"Feature","properties":{"fid":1287,"proprietario":"Raul L. Lopes","orgao":"CONESP","data_perfuracao":"1970-01-01","profundidade":50.0,"q_m3h":8.0,"equipamento":"INJ. ELÉTRICA","municipio":"Emas","microregiao":"Piancó","mesoregiao":"Sertão Paraibano"},"geometry":{"type":"Point","coordinates":[-37.7186720373,-7.1106845111]}},
{"type":"Feature","properties":{"fid":1288,"proprietario":"J. Vitorino","orgao":"PREFEITURA","data_perfuracao":"2000-01-01","profundidade":10.0,"q_m3h":4.0,"equipamento":"CATAVENTO","municipio":"Boa Vista","microregiao":"Campina Grande","mesoregiao":"Agreste Paraibano"},"geometry":{"type":"Point","coordinates":[-36.1539362713,-7.2462417034]}},
{"type":"Feature","properties":{"fid":1289,"proprietario":"Sebt. Simoes","orgao":"NAO INFORMADO","data_perfuracao":"2000-01-01","profundidade":3.0,"q_m3h":5.0,"equipamento":"BOMBA MANUAL","municipio":"Taperoá","microregiao":"Cariri Ocidental","mesoregiao":"Borborema"},"geometry":{"type":"Point","coordinates":[-36.8222751947,-7.2056859037]}},
{"type":"Feature","properties":{"fid":1290,"proprietario":"Ant. V. Filho","orgao":"NAO INFORMADO","data_perfuracao":"2000-01-01","profundidade":50.0,"q_m3h":5.0,"equipamento":"BOMBA MANUAL","municipio":"Taperoá","microregiao":"Cariri Ocidental","mesoregiao":"Borborema"},"geometry":{"type":"Point","coordinates":[-36.8083870448,-7.1687406243]}},
{"type":"Feature","properties":{"fid":1291,"proprietario":"Prefeitura","orgao":"DNOCS","data_perfuracao":"1967-01-06","profundidade":35.0,"q_m3h":4.0,"equipamento":null,"municipio":"Piancó","microregiao":"Piancó","mesoregiao":"Sertão Paraibano"},"geometry":{"type":"Point","coordinates":[-37.831451098,-7.2067961717]}},
{"type":"Feature","properties":{"fid":1292,"proprietario":"Manoel A. Melo","orgao":"NAO INFORMADO","data_perfuracao":"1961-01-09","profundidade":41.0,"q_m3h":2.0,"equipamento":null,"municipio":"Taperoá","microregiao":"Cariri Ocidental","mesoregiao":"Borborema"},"geometry":{"type":"Point","coordinates":[-36.8075531366,-7.3048526903]}},
{"type":"Feature","properties":{"fid":1293,"proprietario":"Manoel A. Melo","orgao":"NAO INFORMADO","data_perfuracao":"1965-01-05","profundidade":36.0,"q_m3h":4.0,"equipamento":"CATAVENTO","municipio":"Taperoá","microregiao":"Cariri Ocidental","mesoregiao":"Borborema"},"geometry":{"type":"Point","coordinates":[-36.7706087483,-7.2223520716]}},
{"type":"Feature","properties":{"fid":1294,"proprietario":"Sebt. Carvalho","orgao":"NAO INFORMADO","data_perfuracao":"2000-01-01","profundidade":5.0,"q_m3h":4.0,"equipamento":"INJ. ELÉTRICA","municipio":"Taperoá","microregiao":"Cariri Ocidental","mesoregiao":"Borborema"},"geometry":{"type":"Point","coordinates":[-36.8372753954,-7.2981866164]}},
{"type":"Feature","properties":{"fid":1295,"proprietario":"Fc. Baldoino","orgao":"CONESP","data_perfuracao":"1966-01-02","profundidade":50.0,"q_m3h":2.0,"equipamento":"CATAVENTO","municipio":"Assunção","microregiao":"Cariri Ocidental","mesoregiao":"Borborema"},"geometry":{"type":"Point","coordinates":[-36.7322743047,-7.0787399727]}},
{"type":"Feature","properties":{"fid":1296,"proprietario":"Prefeitura","orgao":"DNOCS","data_perfuracao":"1968-01-01","profundidade":54.0,"q_m3h":2.0,"equipamento":"CATAVENTO","municipio":"Taperoá","microregiao":"Cariri Ocidental","mesoregiao":"Borborema"},"geometry":{"type":"Point","coordinates":[-36.826720236,-7.20818592]}},
{"type":"Feature","properties":{"fid":1297,"proprietario":"Ant. V. Filho","orgao":"NAO INFORMADO","data_perfuracao":"1960-01-08","profundidade":25.0,"q_m3h":8.0,"equipamento":"INJ. ELÉTRICA","municipio":"Taperoá","microregiao":"Cariri Ocidental","mesoregiao":"Borborema"},"geometry":{"type":"Point","coordinates":[-36.7547745809,-7.1854077936]}},
{"type":"Feature","properties":{"fid":1298,"proprietario":"Ant. Magalhaes","orgao":"NAO INFORMADO","data_perfuracao":"1966-01-05","profundidade":25.0,"q_m3h":2.0,"equipamento":"CATAVENTO","municipio":"Taperoá","microregiao":"Cariri Ocidental","mesoregiao":"Borborema"},"geometry":{"type":"Point","coordinates":[-36.7344973627,-7.132351392]}},
{"type":"Feature","properties":{"fid":1299,"proprietario":"Manoel A. Melo","orgao":"EXERCITO","data_perfuracao":"2000-01-01","profundidade":46.0,"q_m3h":1.0,"equipamento":null,"municipio":"Taperoá","microregiao":"Cariri Ocidental","mesoregiao":"Borborema"},"geometry":{"type":"Point","coordinates":[-36.8186641647,-7.2084639281]}},
{"type":"Feature","properties":{"fid":1300,"proprietario":"Manoel A. Melo","orgao":"EXERCITO","data_perfuracao":"2000-01-01","profundidade":40.0,"q_m3h":1.0,"equipamento":"CATAVENTO","municipio":"Taperoá","microregiao":"Cariri Ocidental","mesoregiao":"Borborema"},"geometry":{"type":"Point","coordinates":[-36.8094981436,-7.2909645803]}},
{"type":"Feature","properties":{"fid":1301,"proprietario":"J. X. Sobrinho","orgao":"EXERCITO","data_perfuracao":"2000-01-01","profundidade":34.0,"q_m3h":1.0,"equipamento":"CATAVENTO","municipio":"Taperoá","microregiao":"Cariri Ocidental","mesoregiao":"Borborema"},"geometry":{"type":"Point","coordinates":[-36.8794986719,-7.1637405339]}},
{"type":"Feature","properties":{"fid":1302,"proprietario":"S. F. De Lima","orgao":"CONESP","data_perfuracao":"1969-01-01","profundidade":60.0,"q_m3h":1.0,"equipamento":null,"municipio":"Prata","microregiao":"Cariri Ocidental","mesoregiao":"Borborema"},"geometry":{"type":"Point","coordinates":[-37.0586666218,-7.6468001629]}},
{"type":"Feature","properties":{"fid":1303,"proprietario":"Pedro P. Melo","orgao":"CARIRI","data_perfuracao":"1965-01-01","profundidade":20.0,"q_m3h":1.0,"equipamento":null,"municipio":"Ouro Velho","microregiao":"Cariri Ocidental","mesoregiao":"Borborema"},"geometry":{"type":"Point","coordinates":[-37.126723168,-7.5740215464]}},
{"type":"Feature","properties":{"fid":1304,"proprietario":"Prefeitura","orgao":"CDRM","data_perfuracao":"1981-01-10","profundidade":8.0,"q_m3h":2.0,"equipamento":"CATAVENTO","municipio":"São João do Tigre","microregiao":"Cariri Ocidental","mesoregiao":"Borborema"},"geometry":{"type":"Point","coordinates":[-36.6547743065,-7.9909701471]}},
{"type":"Feature","properties":{"fid":1305,"proprietario":"Fc. Silva","orgao":"DNOCS","data_perfuracao":"1977-01-07","profundidade":35.0,"q_m3h":3.0,"equipamento":null,"municipio":"Patos","microregiao":"Patos","mesoregiao":"Sertão Paraibano"},"geometry":{"type":"Point","coordinates":[-37.3233914891,-7.0137390429]}},
{"type":"Feature","properties":{"fid":1306,"proprietario":"F. Zelia Lima","orgao":"CONESP","data_perfuracao":"1977-01-01","profundidade":60.0,"q_m3h":1.0,"equipamento":"CATAVENTO","municipio":"Quixaba","microregiao":"Patos","mesoregiao":"Sertão Paraibano"},"geometry":{"type":"Point","coordinates":[-37.0858894061,-7.0337393686]}},
{"type":"Feature","properties":{"fid":1307,"proprietario":"Manoel A. Melo","orgao":"NAO INFORMADO","data_perfuracao":"1965-01-08","profundidade":41.0,"q_m3h":2.0,"equipamento":null,"municipio":"Taperoá","microregiao":"Cariri Ocidental","mesoregiao":"Borborema"},"geometry":{"type":"Point","coordinates":[-36.7969980312,-7.2890195742]}},
{"type":"Feature","properties":{"fid":1308,"proprietario":"Manoel A. Melo","orgao":"NAO INFORMADO","data_perfuracao":"1965-01-12","profundidade":30.0,"q_m3h":4.0,"equipamento":null,"municipio":"Parari","microregiao":"Cariri Ocidental","mesoregiao":"Borborema"},"geometry":{"type":"Point","coordinates":[-36.7461635909,-7.3040197288]}},
{"type":"Feature","properties":{"fid":1309,"proprietario":"Suetonio Vilar","orgao":"EXERCITO","data_perfuracao":"2000-01-01","profundidade":55.0,"q_m3h":1.0,"equipamento":null,"municipio":"Taperoá","microregiao":"Cariri Ocidental","mesoregiao":"Borborema"},"geometry":{"type":"Point","coordinates":[-36.8908877926,-7.1909637388]}},
{"type":"Feature","properties":{"fid":1310,"proprietario":"Meoq. Vilar","orgao":"EXERCITO","data_perfuracao":"2000-01-01","profundidade":44.0,"q_m3h":10.0,"equipamento":null,"municipio":"Taperoá","microregiao":"Cariri Ocidental","mesoregiao":"Borborema"},"geometry":{"type":"Point","coordinates":[-36.8936648563,-7.2445751561]}},
{"type":"Feature","properties":{"fid":1311,"proprietario":"Joao M. Silva","orgao":"NAO INFORMADO","data_perfuracao":"1967-01-03","profundidade":50.0,"q_m3h":1.0,"equipamento":"CATAVENTO","municipio":"Taperoá","microregiao":"Cariri Ocidental","mesoregiao":"Borborema"},"geometry":{"type":"Point","coordinates":[-36.8031090166,-7.1945748305]}},
{"type":"Feature","properties":{"fid":1312,"proprietario":"Manoel A. Melo","orgao":"NAO INFORMADO","data_perfuracao":"1965-01-07","profundidade":32.0,"q_m3h":5.0,"equipamento":"INJ. ELÉTRICA","municipio":"Taperoá","microregiao":"Cariri Ocidental","mesoregiao":"Borborema"},"geometry":{"type":"Point","coordinates":[-36.8278312448,-7.2067969084]}},
{"type":"Feature","properties":{"fid":1313,"proprietario":"Marcelo Vilar","orgao":"NAO INFORMADO","data_perfuracao":"1964-01-10","profundidade":25.0,"q_m3h":5.0,"equipamento":null,"municipio":"Taperoá","microregiao":"Cariri Ocidental","mesoregiao":"Borborema"},"geometry":{"type":"Point","coordinates":[-36.8400533577,-7.2129079473]}},
{"type":"Feature","properties":{"fid":1314,"proprietario":"Marcelo Vilar","orgao":"NAO INFORMADO","data_perfuracao":"1964-01-11","profundidade":35.0,"q_m3h":3.0,"equipamento":"INJ. ELÉTRICA","municipio":"Taperoá","microregiao":"Cariri Ocidental","mesoregiao":"Borborema"},"geometry":{"type":"Point","coordinates":[-36.8372753331,-7.2129079494]}},
{"type":"Feature","properties":{"fid":1315,"proprietario":"Aluizio Trind.","orgao":"DNOCS","data_perfuracao":"1975-01-10","profundidade":36.0,"q_m3h":4.0,"equipamento":null,"municipio":"Taperoá","microregiao":"Cariri Ocidental","mesoregiao":"Borborema"},"geometry":{"type":"Point","coordinates":[-36.9900546962,-7.2251299338]}},
{"type":"Feature","properties":{"fid":1316,"proprietario":"Sebt. Carvalho","orgao":"DNOCS","data_perfuracao":"1979-01-08","profundidade":31.0,"q_m3h":2.0,"equipamento":"INJ. ELÉTRICA","municipio":"Taperoá","microregiao":"Cariri Ocidental","mesoregiao":"Borborema"},"geometry":{"type":"Point","coordinates":[-36.8250532856,-7.2962416101]}},
{"type":"Feature","properties":{"fid":1317,"proprietario":"Manoel V.filho","orgao":"DNOCS","data_perfuracao":"1976-01-08","profundidade":32.0,"q_m3h":4.0,"equipamento":"INJ. ELÉTRICA","municipio":"Taperoá","microregiao":"Cariri Ocidental","mesoregiao":"Borborema"},"geometry":{"type":"Point","coordinates":[-36.7111632211,-7.2234641234]}},
{"type":"Feature","properties":{"fid":1318,"proprietario":"Sev. Fernandes","orgao":"CONESP","data_perfuracao":"1970-01-01","profundidade":38.0,"q_m3h":4.0,"equipamento":null,"municipio":"Taperoá","microregiao":"Cariri Ocidental","mesoregiao":"Borborema"},"geometry":{"type":"Point","coordinates":[-37.0081108445,-7.209296797]}},
{"type":"Feature","properties":{"fid":1319,"proprietario":"Manoel A. Melo","orgao":"CONESP","data_perfuracao":"1967-01-02","profundidade":7.0,"q_m3h":1.0,"equipamento":"CATAVENTO","municipio":"Taperoá","microregiao":"Cariri Ocidental","mesoregiao":"Borborema"},"geometry":{"type":"Point","coordinates":[-36.7844979032,-7.2656864008]}},
{"type":"Feature","properties":{"fid":1320,"proprietario":"Prefeitur","orgao":"CDRM","data_perfuracao":"1982-01-03","profundidade":50.0,"q_m3h":2.0,"equipamento":"CATAVENTO","municipio":"Livramento","microregiao":"Cariri Ocidental","mesoregiao":"Borborema"},"geometry":{"type":"Point","coordinates":[-36.9925547634,-7.2865194112]}},
{"type":"Feature","properties":{"fid":1321,"proprietario":"Prefeitura","orgao":"CONESP","data_perfuracao":"1984-01-03","profundidade":38.0,"q_m3h":7.0,"equipamento":"ELETRO-BOMBA","municipio":"Taperoá","microregiao":"Cariri Ocidental","mesoregiao":"Borborema"},"geometry":{"type":"Point","coordinates":[-36.7942199359,-7.1920748174]}},
{"type":"Feature","properties":{"fid":1322,"proprietario":"Prefeitura","orgao":"CONESP","data_perfuracao":"1984-01-03","profundidade":48.0,"q_m3h":1.0,"equipamento":null,"municipio":"Taperoá","microregiao":"Cariri Ocidental","mesoregiao":"Borborema"},"geometry":{"type":"Point","coordinates":[-36.8903317861,-7.1887407218]}},
{"type":"Feature","properties":{"fid":1323,"proprietario":"Prefeitura","orgao":"CONESP","data_perfuracao":"1984-01-04","profundidade":50.0,"q_m3h":1.0,"equipamento":"ELETRO-BOMBA","municipio":"Taperoá","microregiao":"Cariri Ocidental","mesoregiao":"Borborema"},"geometry":{"type":"Point","coordinates":[-36.8253312257,-7.2109639428]}},
{"type":"Feature","properties":{"fid":1324,"proprietario":"Prefeitura","orgao":"CDRM","data_perfuracao":"1986-01-07","profundidade":40.0,"q_m3h":1.0,"equipamento":"CATAVENTO","municipio":"Taperoá","microregiao":"Cariri Ocidental","mesoregiao":"Borborema"},"geometry":{"type":"Point","coordinates":[-36.7531085937,-7.223464093]}},
{"type":"Feature","properties":{"fid":1325,"proprietario":"Prefeitura","orgao":"CDRM","data_perfuracao":"1986-01-11","profundidade":40.0,"q_m3h":1.0,"equipamento":"CATAVENTO","municipio":"Taperoá","microregiao":"Cariri Ocidental","mesoregiao":"Borborema"},"geometry":{"type":"Point","coordinates":[-36.9578324279,-7.2484641396]}},
{"type":"Feature","properties":{"fid":1326,"proprietario":"Prefeitura","orgao":"CDRM","data_perfuracao":"1986-01-11","profundidade":50.0,"q_m3h":1.0,"equipamento":"CATAVENTO","municipio":"Parari","microregiao":"Cariri Ocidental","mesoregiao":"Borborema"},"geometry":{"type":"Point","coordinates":[-36.7656087648,-7.3056867276]}},
{"type":"Feature","properties":{"fid":1327,"proprietario":"Prefeitura","orgao":"CDRM","data_perfuracao":"1986-01-11","profundidade":50.0,"q_m3h":1.0,"equipamento":"CATAVENTO","municipio":"Taperoá","microregiao":"Cariri Ocidental","mesoregiao":"Borborema"},"geometry":{"type":"Point","coordinates":[-36.8567205798,-7.314297728]}},
{"type":"Feature","properties":{"fid":1328,"proprietario":"Prefeitura","orgao":"CDRM","data_perfuracao":"1987-01-10","profundidade":50.0,"q_m3h":1.0,"equipamento":"CATAVENTO","municipio":"Taperoá","microregiao":"Cariri Ocidental","mesoregiao":"Borborema"},"geometry":{"type":"Point","coordinates":[-36.7267193539,-7.2159640534]}},
{"type":"Feature","properties":{"fid":1329,"proprietario":"Prefeitura","orgao":"DNOCS","data_perfuracao":"1955-01-01","profundidade":23.0,"q_m3h":5.0,"equipamento":null,"municipio":"Lagoa","microregiao":"Catolé do Rocha","mesoregiao":"Sertão Paraibano"},"geometry":{"type":"Point","coordinates":[-37.9170074073,-6.5901243244]}},
{"type":"Feature","properties":{"fid":1330,"proprietario":"Arlindonobrega","orgao":"NAO INFORMADO","data_perfuracao":"1968-01-01","profundidade":31.0,"q_m3h":2.0,"equipamento":"BOMBA MANUAL","municipio":"Patos","microregiao":"Patos","mesoregiao":"Sertão Paraibano"},"geometry":{"type":"Point","coordinates":[-37.2945022119,-6.9823498184]}},
{"type":"Feature","properties":{"fid":1331,"proprietario":"Prefeitura","orgao":"CDRM","data_perfuracao":"1982-01-01","profundidade":50.0,"q_m3h":1.0,"equipamento":"CATAVENTO","municipio":"Riacho dos Cavalos","microregiao":"Catolé do Rocha","mesoregiao":"Sertão Paraibano"},"geometry":{"type":"Point","coordinates":[-37.5197808831,-6.5298461213]}},
{"type":"Feature","properties":{"fid":1332,"proprietario":"Fc. Lucio","orgao":"DNOCS","data_perfuracao":"1967-01-03","profundidade":31.0,"q_m3h":2.0,"equipamento":null,"municipio":"São José de Espinharas","microregiao":"Patos","mesoregiao":"Sertão Paraibano"},"geometry":{"type":"Point","coordinates":[-37.4550585568,-6.8837379349]}},
{"type":"Feature","properties":{"fid":1333,"proprietario":"Prefeitura","orgao":"CDRM","data_perfuracao":"1983-01-11","profundidade":50.0,"q_m3h":2.0,"equipamento":null,"municipio":"São José de Espinharas","microregiao":"Patos","mesoregiao":"Sertão Paraibano"},"geometry":{"type":"Point","coordinates":[-37.5320041297,-6.7345707161]}},
{"type":"Feature","properties":{"fid":1334,"proprietario":"Cagepa","orgao":"CONESP","data_perfuracao":"1969-01-01","profundidade":121.0,"q_m3h":8.0,"equipamento":"BOMBA SUBMERSA","municipio":"Lucena","microregiao":"João Pessoa","mesoregiao":"Litoral Paraibano"},"geometry":{"type":"Point","coordinates":[-34.8733695061,-6.8962397902]}},
{"type":"Feature","properties":{"fid":1335,"proprietario":"Prefeitura","orgao":"DNOCS","data_perfuracao":"1984-01-06","profundidade":42.0,"q_m3h":5.0,"equipamento":"ELETRO-BOMBA","municipio":"Mãe D'água","microregiao":"Patos","mesoregiao":"Sertão Paraibano"},"geometry":{"type":"Point","coordinates":[-37.4264475777,-7.2606858898]}},
{"type":"Feature","properties":{"fid":1336,"proprietario":"Prefeitura","orgao":"CDRM","data_perfuracao":"1981-01-02","profundidade":50.0,"q_m3h":2.0,"equipamento":"CATAVENTO","municipio":"Paulista","microregiao":"Sousa","mesoregiao":"Sertão Paraibano"},"geometry":{"type":"Point","coordinates":[-37.5803374776,-6.6223468052]}},
{"type":"Feature","properties":{"fid":1337,"proprietario":"Ant. M. Dantas","orgao":"NAO INFORMADO","data_perfuracao":"1967-01-10","profundidade":60.0,"q_m3h":3.0,"equipamento":"CATAVENTO","municipio":"Pedra Lavrada","microregiao":"Seridó Oriental Paraibano","mesoregiao":"Borborema"},"geometry":{"type":"Point","coordinates":[-36.3297705096,-6.7690158057]}},
{"type":"Feature","properties":{"fid":1338,"proprietario":"Prefeitura","orgao":"CDRM","data_perfuracao":"1985-01-08","profundidade":50.0,"q_m3h":1.0,"equipamento":null,"municipio":"São José de Piranhas","microregiao":"Cajazeiras","mesoregiao":"Sertão Paraibano"},"geometry":{"type":"Point","coordinates":[-38.5495133173,-7.1392951159]}},
{"type":"Feature","properties":{"fid":1339,"proprietario":"Prefeitura","orgao":"DNOCS","data_perfuracao":"1965-01-03","profundidade":61.0,"q_m3h":4.0,"equipamento":null,"municipio":"Tavares","microregiao":"Serra do Teixeira","mesoregiao":"Sertão Paraibano"},"geometry":{"type":"Point","coordinates":[-37.8803408579,-7.6373544484]}},
{"type":"Feature","properties":{"fid":1340,"proprietario":"Prefeitura","orgao":"DNOCS","data_perfuracao":"1984-01-03","profundidade":48.0,"q_m3h":1.0,"equipamento":"CATAVENTO","municipio":"Tavares","microregiao":"Serra do Teixeira","mesoregiao":"Sertão Paraibano"},"geometry":{"type":"Point","coordinates":[-37.9031190946,-7.6837437859]}},
{"type":"Feature","properties":{"fid":1341,"proprietario":"Prefeitura","orgao":"DNOCS","data_perfuracao":"1984-01-07","profundidade":48.0,"q_m3h":1.0,"equipamento":"CATAVENTO","municipio":"Tavares","microregiao":"Serra do Teixeira","mesoregiao":"Sertão Paraibano"},"geometry":{"type":"Point","coordinates":[-37.8614516827,-7.6254103717]}},
{"type":"Feature","properties":{"fid":1342,"proprietario":"Prefeitura","orgao":"DNOCS","data_perfuracao":"1984-01-07","profundidade":42.0,"q_m3h":3.0,"equipamento":"CATAVENTO","municipio":"Princesa Isabel","microregiao":"Serra do Teixeira","mesoregiao":"Sertão Paraibano"},"geometry":{"type":"Point","coordinates":[-37.9336743559,-7.6754106978]}},
{"type":"Feature","properties":{"fid":1343,"proprietario":"Prefeitura","orgao":"PREFEITURA","data_perfuracao":"1979-01-01","profundidade":8.0,"q_m3h":5.0,"equipamento":"INJ. ELÉTRICA","municipio":"Teixeira","microregiao":"Serra do Teixeira","mesoregiao":"Sertão Paraibano"},"geometry":{"type":"Point","coordinates":[-37.2528350175,-7.2217967156]}},
{"type":"Feature","properties":{"fid":1344,"proprietario":"Prefeitura","orgao":"CDRM","data_perfuracao":"1983-01-09","profundidade":50.0,"q_m3h":1.0,"equipamento":"CATAVENTO","municipio":"Teixeira","microregiao":"Serra do Teixeira","mesoregiao":"Sertão Paraibano"},"geometry":{"type":"Point","coordinates":[-37.2011676069,-7.2837412357]}},
{"type":"Feature","properties":{"fid":1345,"proprietario":"Prefeitura","orgao":"DNOCS","data_perfuracao":"1970-01-11","profundidade":42.0,"q_m3h":1.0,"equipamento":"BOMBA MANUAL","municipio":"Bernardino Batista","microregiao":"Cajazeiras","mesoregiao":"Sertão Paraibano"},"geometry":{"type":"Point","coordinates":[-38.5292346521,-6.4554008609]}},
{"type":"Feature","properties":{"fid":1346,"proprietario":"N.d.formiga","orgao":"DNOCS","data_perfuracao":"1975-01-02","profundidade":38.0,"q_m3h":3.0,"equipamento":"ELETRO-BOMBA","municipio":"Triunfo","microregiao":"Cajazeiras","mesoregiao":"Sertão Paraibano"},"geometry":{"type":"Point","coordinates":[-38.560346085,-6.6909586609]}},
{"type":"Feature","properties":{"fid":1347,"proprietario":"J.bernardino","orgao":"DNOCS","data_perfuracao":"1979-01-04","profundidade":46.0,"q_m3h":2.0,"equipamento":"INJ. ELÉTRICA","municipio":"Triunfo","microregiao":"Cajazeiras","mesoregiao":"Sertão Paraibano"},"geometry":{"type":"Point","coordinates":[-38.5409019152,-6.6895696638]}},
{"type":"Feature","properties":{"fid":1348,"proprietario":"Prefeitura","orgao":"DNOCS","data_perfuracao":"1979-01-01","profundidade":32.0,"q_m3h":1.0,"equipamento":"CATAVENTO","municipio":"Triunfo","microregiao":"Cajazeiras","mesoregiao":"Sertão Paraibano"},"geometry":{"type":"Point","coordinates":[-38.573679157,-6.6284581691]}},
{"type":"Feature","properties":{"fid":1349,"proprietario":"Prefeitura","orgao":"DNOCS","data_perfuracao":"1968-01-07","profundidade":51.0,"q_m3h":2.0,"equipamento":"CATAVENTO","municipio":"Triunfo","microregiao":"Cajazeiras","mesoregiao":"Sertão Paraibano"},"geometry":{"type":"Point","coordinates":[-38.5814572166,-6.6170690757]}},
{"type":"Feature","properties":{"fid":1350,"proprietario":"Prefeitura","orgao":"DNOCS","data_perfuracao":"1974-01-11","profundidade":30.0,"q_m3h":2.0,"equipamento":"INJ. ELÉTRICA","municipio":"Joca Claudino","microregiao":"Cajazeiras","mesoregiao":"Sertão Paraibano"},"geometry":{"type":"Point","coordinates":[-38.5089564907,-6.4770680426]}},
{"type":"Feature","properties":{"fid":1351,"proprietario":"Prefeitura","orgao":"CPRM","data_perfuracao":"1984-01-05","profundidade":55.0,"q_m3h":2.0,"equipamento":"MOTO-BOMBA","municipio":"Pedra Lavrada","microregiao":"Seridó Oriental Paraibano","mesoregiao":"Borborema"},"geometry":{"type":"Point","coordinates":[-36.4453275373,-6.7665157082]}},
{"type":"Feature","properties":{"fid":1352,"proprietario":"Prefeitura","orgao":"CDRM","data_perfuracao":"1981-01-08","profundidade":50.0,"q_m3h":2.0,"equipamento":"CATAVENTO","municipio":"Parari","microregiao":"Cariri Ocidental","mesoregiao":"Borborema"},"geometry":{"type":"Point","coordinates":[-36.7697748065,-7.3120757745]}},
{"type":"Feature","properties":{"fid":1353,"proprietario":"J.man. Pereira","orgao":"EXERCITO","data_perfuracao":"1986-01-01","profundidade":50.0,"q_m3h":1.0,"equipamento":"CATAVENTO","municipio":"Piancó","microregiao":"Piancó","mesoregiao":"Sertão Paraibano"},"geometry":{"type":"Point","coordinates":[-37.9670082444,-7.151239642]}},
{"type":"Feature","properties":{"fid":1354,"proprietario":"Joaquim Guedes","orgao":"EXERCITO","data_perfuracao":"1986-01-12","profundidade":50.0,"q_m3h":1.0,"equipamento":"CATAVENTO","municipio":"Piancó","microregiao":"Piancó","mesoregiao":"Sertão Paraibano"},"geometry":{"type":"Point","coordinates":[-37.9547852149,-7.2548514504]}},
{"type":"Feature","properties":{"fid":1355,"proprietario":"Fc. Nobrega","orgao":"DNOCS","data_perfuracao":"1976-01-03","profundidade":30.0,"q_m3h":2.0,"equipamento":"INJ. ELÉTRICA","municipio":"São Mamede","microregiao":"Seridó Ocidental Paraibano","mesoregiao":"Borborema"},"geometry":{"type":"Point","coordinates":[-37.022276768,-6.9270725778]}},
{"type":"Feature","properties":{"fid":1356,"proprietario":"Jose Inacio","orgao":"CONESP","data_perfuracao":"1964-01-01","profundidade":70.0,"q_m3h":1.0,"equipamento":"CATAVENTO","municipio":"Monteiro","microregiao":"Cariri Ocidental","mesoregiao":"Borborema"},"geometry":{"type":"Point","coordinates":[-37.262002637,-7.9187461026]}},
{"type":"Feature","properties":{"fid":1357,"proprietario":"Ant. Feitosa","orgao":"DNOCS","data_perfuracao":"1977-01-01","profundidade":40.0,"q_m3h":5.0,"equipamento":"INJ. ELÉTRICA","municipio":"Poço de José de Moura","microregiao":"Cajazeiras","mesoregiao":"Sertão Paraibano"},"geometry":{"type":"Point","coordinates":[-38.5381238218,-6.5904018997]}},
{"type":"Feature","properties":{"fid":1358,"proprietario":"Prefeitura","orgao":"DNOCS","data_perfuracao":"1979-01-05","profundidade":50.0,"q_m3h":2.0,"equipamento":"CATAVENTO","municipio":"Triunfo","microregiao":"Cajazeiras","mesoregiao":"Sertão Paraibano"},"geometry":{"type":"Point","coordinates":[-38.6197905261,-6.5837347916]}},
{"type":"Feature","properties":{"fid":1359,"proprietario":"Fc. Gualberto","orgao":"DNOCS","data_perfuracao":"1978-01-09","profundidade":50.0,"q_m3h":2.0,"equipamento":null,"municipio":"Triunfo","microregiao":"Cajazeiras","mesoregiao":"Sertão Paraibano"},"geometry":{"type":"Point","coordinates":[-38.5603460121,-6.5865128543]}},
{"type":"Feature","properties":{"fid":1360,"proprietario":"Jose Duarte","orgao":"DNOCS","data_perfuracao":"1976-01-09","profundidade":49.0,"q_m3h":1.0,"equipamento":null,"municipio":"Triunfo","microregiao":"Cajazeiras","mesoregiao":"Sertão Paraibano"},"geometry":{"type":"Point","coordinates":[-38.6070134212,-6.592345867]}},
{"type":"Feature","properties":{"fid":1361,"proprietario":"Prefeitura","orgao":"CONESP","data_perfuracao":"1969-01-01","profundidade":63.0,"q_m3h":2.0,"equipamento":"INJ. ELÉTRICA","municipio":"Triunfo","microregiao":"Cajazeiras","mesoregiao":"Sertão Paraibano"},"geometry":{"type":"Point","coordinates":[-38.5981243335,-6.5770687551]}},
{"type":"Feature","properties":{"fid":1362,"proprietario":"Ant. Q. Moura","orgao":"DNOCS","data_perfuracao":"1975-01-07","profundidade":10.0,"q_m3h":2.0,"equipamento":"INJ. ELÉTRICA","municipio":"Triunfo","microregiao":"Cajazeiras","mesoregiao":"Sertão Paraibano"},"geometry":{"type":"Point","coordinates":[-38.5336788521,-6.6890136646]}},
{"type":"Feature","properties":{"fid":1363,"proprietario":"Joao B. Duarte","orgao":"DNOCS","data_perfuracao":"1979-01-12","profundidade":50.0,"q_m3h":2.0,"equipamento":"INJ. ELÉTRICA","municipio":"Triunfo","microregiao":"Cajazeiras","mesoregiao":"Sertão Paraibano"},"geometry":{"type":"Point","coordinates":[-38.5467349715,-6.6976247219]}},
{"type":"Feature","properties":{"fid":1364,"proprietario":"Ant. Andrade","orgao":"DNOCS","data_perfuracao":"1980-01-12","profundidade":50.0,"q_m3h":2.0,"equipamento":null,"municipio":"Triunfo","microregiao":"Cajazeiras","mesoregiao":"Sertão Paraibano"},"geometry":{"type":"Point","coordinates":[-38.6184025378,-6.6179020564]}},
{"type":"Feature","properties":{"fid":1365,"proprietario":"Prefeitura","orgao":"DNOCS","data_perfuracao":"1980-01-09","profundidade":50.0,"q_m3h":2.0,"equipamento":null,"municipio":"Triunfo","microregiao":"Cajazeiras","mesoregiao":"Sertão Paraibano"},"geometry":{"type":"Point","coordinates":[-38.5836791803,-6.5367904537]}},
{"type":"Feature","properties":{"fid":1366,"proprietario":"Prefeitura","orgao":"NAO INFORMADO","data_perfuracao":"2000-01-01","profundidade":4.0,"q_m3h":2.0,"equipamento":null,"municipio":"Poço de José de Moura","microregiao":"Cajazeiras","mesoregiao":"Sertão Paraibano"},"geometry":{"type":"Point","coordinates":[-38.5372898169,-6.5937349261]}},
{"type":"Feature","properties":{"fid":1367,"proprietario":"Luis Pereira","orgao":"DNOCS","data_perfuracao":"1980-01-01","profundidade":50.0,"q_m3h":2.0,"equipamento":"CATAVENTO","municipio":"Triunfo","microregiao":"Cajazeiras","mesoregiao":"Sertão Paraibano"},"geometry":{"type":"Point","coordinates":[-38.5795132267,-6.6556803752]}},
{"type":"Feature","properties":{"fid":1368,"proprietario":"Prefeitura","orgao":"CDRM","data_perfuracao":"1982-01-01","profundidade":50.0,"q_m3h":2.0,"equipamento":"CATAVENTO","municipio":"Poço de José de Moura","microregiao":"Cajazeiras","mesoregiao":"Sertão Paraibano"},"geometry":{"type":"Point","coordinates":[-38.5364568151,-6.6015129868]}},
{"type":"Feature","properties":{"fid":1369,"proprietario":"Prefeitura","orgao":"CDRM","data_perfuracao":"1982-01-07","profundidade":50.0,"q_m3h":1.0,"equipamento":"INJ. ELÉTRICA","municipio":"Triunfo","microregiao":"Cajazeiras","mesoregiao":"Sertão Paraibano"},"geometry":{"type":"Point","coordinates":[-38.5942352982,-6.5748457406]}},
{"type":"Feature","properties":{"fid":1370,"proprietario":"Prefeitura","orgao":"CDRM","data_perfuracao":"1982-01-07","profundidade":60.0,"q_m3h":2.0,"equipamento":"CATAVENTO","municipio":"Triunfo","microregiao":"Cajazeiras","mesoregiao":"Sertão Paraibano"},"geometry":{"type":"Point","coordinates":[-38.579513165,-6.5670686907]}},
{"type":"Feature","properties":{"fid":1371,"proprietario":"Prefeitura","orgao":"CDRM","data_perfuracao":"1982-01-01","profundidade":46.0,"q_m3h":2.0,"equipamento":"CATAVENTO","municipio":"Triunfo","microregiao":"Cajazeiras","mesoregiao":"Sertão Paraibano"},"geometry":{"type":"Point","coordinates":[-38.5814572338,-6.6417912666]}},
{"type":"Feature","properties":{"fid":1372,"proprietario":"Prefeitura","orgao":"CDRM","data_perfuracao":"1983-01-11","profundidade":51.0,"q_m3h":1.0,"equipamento":"CATAVENTO","municipio":"Joca Claudino","microregiao":"Cajazeiras","mesoregiao":"Sertão Paraibano"},"geometry":{"type":"Point","coordinates":[-38.506734475,-6.482345085]}},
{"type":"Feature","properties":{"fid":1373,"proprietario":"Prefeitura","orgao":"CDRM","data_perfuracao":"1983-01-09","profundidade":100.0,"q_m3h":1.0,"equipamento":"CATAVENTO","municipio":"Triunfo","microregiao":"Cajazeiras","mesoregiao":"Sertão Paraibano"},"geometry":{"type":"Point","coordinates":[-38.585902254,-6.6154020597]}},
{"type":"Feature","properties":{"fid":1374,"proprietario":"Prefeitura","orgao":"CDRM","data_perfuracao":"1983-01-03","profundidade":61.0,"q_m3h":2.0,"equipamento":"CATAVENTO","municipio":"Triunfo","microregiao":"Cajazeiras","mesoregiao":"Sertão Paraibano"},"geometry":{"type":"Point","coordinates":[-38.6025683987,-6.6154020481]}},
{"type":"Feature","properties":{"fid":1375,"proprietario":"Prefeitura","orgao":"CDRM","data_perfuracao":"1983-01-10","profundidade":115.0,"q_m3h":4.0,"equipamento":"INJ. ELÉTRICA","municipio":"Triunfo","microregiao":"Cajazeiras","mesoregiao":"Sertão Paraibano"},"geometry":{"type":"Point","coordinates":[-38.5795131743,-6.5804017938]}},
{"type":"Feature","properties":{"fid":1376,"proprietario":"Prefeitura","orgao":"CDRM","data_perfuracao":"1984-01-10","profundidade":70.0,"q_m3h":1.0,"equipamento":"CATAVENTO","municipio":"Triunfo","microregiao":"Cajazeiras","mesoregiao":"Sertão Paraibano"},"geometry":{"type":"Point","coordinates":[-38.5420128726,-6.614846086]}},
{"type":"Feature","properties":{"fid":1377,"proprietario":"Prefeitura","orgao":"CDRM","data_perfuracao":"1984-01-11","profundidade":50.0,"q_m3h":1.0,"equipamento":"CATAVENTO","municipio":"Triunfo","microregiao":"Cajazeiras","mesoregiao":"Sertão Paraibano"},"geometry":{"type":"Point","coordinates":[-38.5631240407,-6.5929019017]}},
{"type":"Feature","properties":{"fid":1378,"proprietario":"Prefeitura","orgao":"CDRM","data_perfuracao":"1984-01-12","profundidade":101.0,"q_m3h":1.0,"equipamento":"CATAVENTO","municipio":"Triunfo","microregiao":"Cajazeiras","mesoregiao":"Sertão Paraibano"},"geometry":{"type":"Point","coordinates":[-38.5947903045,-6.5770687574]}},
{"type":"Feature","properties":{"fid":1379,"proprietario":"Prefeitura","orgao":"CDRM","data_perfuracao":"1985-01-06","profundidade":55.0,"q_m3h":1.0,"equipamento":"CATAVENTO","municipio":"Triunfo","microregiao":"Cajazeiras","mesoregiao":"Sertão Paraibano"},"geometry":{"type":"Point","coordinates":[-38.5800681906,-6.5970689222]}},
{"type":"Feature","properties":{"fid":1380,"proprietario":"J. Bernardino","orgao":"DNOCS","data_perfuracao":"1976-01-07","profundidade":40.0,"q_m3h":2.0,"equipamento":"CATAVENTO","municipio":"Triunfo","microregiao":"Cajazeiras","mesoregiao":"Sertão Paraibano"},"geometry":{"type":"Point","coordinates":[-38.536456877,-6.6901246712]}},
{"type":"Feature","properties":{"fid":1381,"proprietario":"Prefeitura","orgao":"CONESP","data_perfuracao":"1984-01-07","profundidade":49.0,"q_m3h":2.0,"equipamento":"MOTO-BOMBA","municipio":"Triunfo","microregiao":"Cajazeiras","mesoregiao":"Sertão Paraibano"},"geometry":{"type":"Point","coordinates":[-38.5306237043,-6.5142903161]}},
{"type":"Feature","properties":{"fid":1382,"proprietario":"Cagepa","orgao":"CONESP","data_perfuracao":"2000-01-01","profundidade":135.0,"q_m3h":15.0,"equipamento":null,"municipio":"Uiraúna","microregiao":"Cajazeiras","mesoregiao":"Sertão Paraibano"},"geometry":{"type":"Point","coordinates":[-38.4117336872,-6.5379015804]}},
{"type":"Feature","properties":{"fid":1383,"proprietario":"Jose Amaro","orgao":"CONESP","data_perfuracao":"1964-01-07","profundidade":30.0,"q_m3h":1.0,"equipamento":"CATAVENTO","municipio":"Monteiro","microregiao":"Cariri Ocidental","mesoregiao":"Borborema"},"geometry":{"type":"Point","coordinates":[-37.1758908592,-7.8990240199]}},
{"type":"Feature","properties":{"fid":1384,"proprietario":"Sebt. Junior","orgao":"DNOCS","data_perfuracao":"1976-01-02","profundidade":30.0,"q_m3h":5.0,"equipamento":"CATAVENTO","municipio":"Monteiro","microregiao":"Cariri Ocidental","mesoregiao":"Borborema"},"geometry":{"type":"Point","coordinates":[-36.9600549703,-7.9287464218]}},
{"type":"Feature","properties":{"fid":1385,"proprietario":"M.goncalves","orgao":"NAO INFORMADO","data_perfuracao":"2000-01-01","profundidade":26.0,"q_m3h":5.0,"equipamento":"CATAVENTO","municipio":"São Vicente do Seridó","microregiao":"Seridó Oriental Paraibano","mesoregiao":"Borborema"},"geometry":{"type":"Point","coordinates":[-36.4911610359,-6.8995727297]}},
{"type":"Feature","properties":{"fid":1386,"proprietario":"Prefeitura","orgao":"CDRM","data_perfuracao":"1984-01-09","profundidade":40.0,"q_m3h":2.0,"equipamento":null,"municipio":"São Vicente do Seridó","microregiao":"Seridó Oriental Paraibano","mesoregiao":"Borborema"},"geometry":{"type":"Point","coordinates":[-36.4458836097,-6.865961495]}},
{"type":"Feature","properties":{"fid":1387,"proprietario":"Prefeitura","orgao":"T.JANER","data_perfuracao":"1971-01-01","profundidade":50.0,"q_m3h":2.0,"equipamento":"CATAVENTO","municipio":"Santana dos Garrotes","microregiao":"Piancó","mesoregiao":"Sertão Paraibano"},"geometry":{"type":"Point","coordinates":[-37.9639524606,-7.4712421084]}},
{"type":"Feature","properties":{"fid":1388,"proprietario":"Cagepa","orgao":"CONESP","data_perfuracao":"1973-01-07","profundidade":115.0,"q_m3h":16.0,"equipamento":"BOMBA SUBMERSA","municipio":"Uiraúna","microregiao":"Cajazeiras","mesoregiao":"Sertão Paraibano"},"geometry":{"type":"Point","coordinates":[-38.4125666928,-6.5354015604]}},
{"type":"Feature","properties":{"fid":1389,"proprietario":"Cagepa","orgao":"CONESP","data_perfuracao":"2000-01-01","profundidade":112.0,"q_m3h":13.0,"equipamento":"BOMBA SUBMERSA","municipio":"Uiraúna","microregiao":"Cajazeiras","mesoregiao":"Sertão Paraibano"},"geometry":{"type":"Point","coordinates":[-38.4156227192,-6.5351235562]}},
{"type":"Feature","properties":{"fid":1390,"proprietario":"Prefeiutura","orgao":"CONESP","data_perfuracao":"1970-01-01","profundidade":63.0,"q_m3h":4.0,"equipamento":"INJ. ELÉTRICA","municipio":"Poço Dantas","microregiao":"Cajazeiras","mesoregiao":"Sertão Paraibano"},"geometry":{"type":"Point","coordinates":[-38.4972893404,-6.4045674884]}},
{"type":"Feature","properties":{"fid":1391,"proprietario":"A.n.fernand.","orgao":"DNOCS","data_perfuracao":"1979-01-06","profundidade":43.0,"q_m3h":5.0,"equipamento":"INJ. ELÉTRICA","municipio":"Uiraúna","microregiao":"Cajazeiras","mesoregiao":"Sertão Paraibano"},"geometry":{"type":"Point","coordinates":[-38.3759003776,-6.5409576286]}},
{"type":"Feature","properties":{"fid":1392,"proprietario":"Pde.a.duarte","orgao":"DNOCS","data_perfuracao":"1976-01-08","profundidade":30.0,"q_m3h":1.0,"equipamento":"INJ. ELÉTRICA","municipio":"Joca Claudino","microregiao":"Cajazeiras","mesoregiao":"Sertão Paraibano"},"geometry":{"type":"Point","coordinates":[-38.4681231428,-6.4870681479]}},
{"type":"Feature","properties":{"fid":1393,"proprietario":"A.n.fernand.","orgao":"DNOCS","data_perfuracao":"1979-01-08","profundidade":41.0,"q_m3h":1.0,"equipamento":null,"municipio":"Uiraúna","microregiao":"Cajazeiras","mesoregiao":"Sertão Paraibano"},"geometry":{"type":"Point","coordinates":[-38.3961775527,-6.5390125996]}},
{"type":"Feature","properties":{"fid":1394,"proprietario":"Anacl. Neves","orgao":"DNOCS","data_perfuracao":"1977-01-09","profundidade":50.0,"q_m3h":2.0,"equipamento":null,"municipio":"Uiraúna","microregiao":"Cajazeiras","mesoregiao":"Sertão Paraibano"},"geometry":{"type":"Point","coordinates":[-38.4353448979,-6.5456796245]}},
{"type":"Feature","properties":{"fid":1395,"proprietario":"Jose Eneas","orgao":"DNOCS","data_perfuracao":"1978-01-11","profundidade":32.0,"q_m3h":2.0,"equipamento":"INJ. ELÉTRICA","municipio":"Uiraúna","microregiao":"Cajazeiras","mesoregiao":"Sertão Paraibano"},"geometry":{"type":"Point","coordinates":[-38.4045116108,-6.5179014303]}},
{"type":"Feature","properties":{"fid":1396,"proprietario":"R.m.pinto","orgao":"DNOCS","data_perfuracao":"1978-01-11","profundidade":42.0,"q_m3h":3.0,"equipamento":null,"municipio":"Uiraúna","microregiao":"Cajazeiras","mesoregiao":"Sertão Paraibano"},"geometry":{"type":"Point","coordinates":[-38.4722892248,-6.5540126636]}},
{"type":"Feature","properties":{"fid":1397,"proprietario":"R.n.luciano","orgao":"DNOCS","data_perfuracao":"1980-01-02","profundidade":50.0,"q_m3h":1.0,"equipamento":"INJ. ELÉTRICA","municipio":"Uiraúna","microregiao":"Cajazeiras","mesoregiao":"Sertão Paraibano"},"geometry":{"type":"Point","coordinates":[-38.4164557184,-6.5234574652]}},
{"type":"Feature","properties":{"fid":1398,"proprietario":"R.j.oliveira","orgao":"DNOCS","data_perfuracao":"1980-01-04","profundidade":50.0,"q_m3h":1.0,"equipamento":"INJ. ELÉTRICA","municipio":"Uiraúna","microregiao":"Cajazeiras","mesoregiao":"Sertão Paraibano"},"geometry":{"type":"Point","coordinates":[-38.4114556725,-6.5198454406]}},
{"type":"Feature","properties":{"fid":1399,"proprietario":"Cagepa","orgao":"NAO INFORMADO","data_perfuracao":"2000-01-01","profundidade":5.0,"q_m3h":1.0,"equipamento":"BOMBA SUBMERSA","municipio":"Uiraúna","microregiao":"Cajazeiras","mesoregiao":"Sertão Paraibano"},"geometry":{"type":"Point","coordinates":[-38.407011631,-6.5156794113]}},
{"type":"Feature","properties":{"fid":1400,"proprietario":"Bc.do Brasil","orgao":"DNOCS","data_perfuracao":"1980-01-01","profundidade":50.0,"q_m3h":1.0,"equipamento":null,"municipio":"Uiraúna","microregiao":"Cajazeiras","mesoregiao":"Sertão Paraibano"},"geometry":{"type":"Point","coordinates":[-38.4184007395,-6.5295685112]}},
{"type":"Feature","properties":{"fid":1401,"proprietario":"Prefeitura","orgao":"PREFEITURA","data_perfuracao":"1981-01-01","profundidade":50.0,"q_m3h":1.0,"equipamento":null,"municipio":"Uiraúna","microregiao":"Cajazeiras","mesoregiao":"Sertão Paraibano"},"geometry":{"type":"Point","coordinates":[-38.4206227588,-6.5295685097]}},
{"type":"Feature","properties":{"fid":1402,"proprietario":"Prefeitura","orgao":"CDRM","data_perfuracao":"1983-01-11","profundidade":51.0,"q_m3h":1.0,"equipamento":"CATAVENTO","municipio":"Uiraúna","microregiao":"Cajazeiras","mesoregiao":"Sertão Paraibano"},"geometry":{"type":"Point","coordinates":[-38.4092336955,-6.58151292]}},
{"type":"Feature","properties":{"fid":1403,"proprietario":"Prefeitura","orgao":"CDRM","data_perfuracao":"1983-01-06","profundidade":76.0,"q_m3h":2.0,"equipamento":"CATAVENTO","municipio":"Uiraúna","microregiao":"Cajazeiras","mesoregiao":"Sertão Paraibano"},"geometry":{"type":"Point","coordinates":[-38.4725672287,-6.5562346806]}},
{"type":"Feature","properties":{"fid":1404,"proprietario":"Prefeitura","orgao":"CDRM","data_perfuracao":"1983-01-11","profundidade":42.0,"q_m3h":1.0,"equipamento":"CATAVENTO","municipio":"Uiraúna","microregiao":"Cajazeiras","mesoregiao":"Sertão Paraibano"},"geometry":{"type":"Point","coordinates":[-38.3489551217,-6.5095684035]}},
{"type":"Feature","properties":{"fid":1405,"proprietario":"Prefeitura","orgao":"CDRM","data_perfuracao":"1984-01-04","profundidade":54.0,"q_m3h":2.0,"equipamento":"ELETRO-BOMBA","municipio":"Uiraúna","microregiao":"Cajazeiras","mesoregiao":"Sertão Paraibano"},"geometry":{"type":"Point","coordinates":[-38.383677429,-6.517068438]}},
{"type":"Feature","properties":{"fid":1406,"proprietario":"Prefeitura","orgao":"CDRM","data_perfuracao":"1984-01-05","profundidade":52.0,"q_m3h":1.0,"equipamento":"CATAVENTO","municipio":"São João do Rio do Peixe","microregiao":"Cajazeiras","mesoregiao":"Sertão Paraibano"},"geometry":{"type":"Point","coordinates":[-38.4372889375,-6.5787348791]}},
{"type":"Feature","properties":{"fid":1407,"proprietario":"Prefeitura","orgao":"DNOCS","data_perfuracao":"1984-01-06","profundidade":48.0,"q_m3h":2.0,"equipamento":"ELETRO-BOMBA","municipio":"Uiraúna","microregiao":"Cajazeiras","mesoregiao":"Sertão Paraibano"},"geometry":{"type":"Point","coordinates":[-38.4031226,-6.5198454463]}},
{"type":"Feature","properties":{"fid":1408,"proprietario":"Prefeitura","orgao":"DNOCS","data_perfuracao":"1984-01-06","profundidade":50.0,"q_m3h":1.0,"equipamento":"CATAVENTO","municipio":"Uiraúna","microregiao":"Cajazeiras","mesoregiao":"Sertão Paraibano"},"geometry":{"type":"Point","coordinates":[-38.4197887164,-6.4779011096]}},
{"type":"Feature","properties":{"fid":1409,"proprietario":"M. Lourenco","orgao":"CONESP","data_perfuracao":"1969-01-01","profundidade":41.0,"q_m3h":3.0,"equipamento":"CATAVENTO","municipio":"Serra Branca","microregiao":"Cariri Ocidental","mesoregiao":"Borborema"},"geometry":{"type":"Point","coordinates":[-36.788942253,-7.6779116126]}},
{"type":"Feature","properties":{"fid":1410,"proprietario":null,"orgao":"DNOCS","data_perfuracao":"1972-01-04","profundidade":60.0,"q_m3h":2.0,"equipamento":"INJ. ELÉTRICA","municipio":"Pombal","microregiao":"Sousa","mesoregiao":"Sertão Paraibano"},"geometry":{"type":"Point","coordinates":[-37.7661721914,-6.742903619]}},
{"type":"Feature","properties":{"fid":1411,"proprietario":null,"orgao":"CDRM","data_perfuracao":"1984-01-03","profundidade":50.0,"q_m3h":1.0,"equipamento":"CATAVENTO","municipio":"Pombal","microregiao":"Sousa","mesoregiao":"Sertão Paraibano"},"geometry":{"type":"Point","coordinates":[-37.7706172885,-6.8259602626]}},
{"type":"Feature","properties":{"fid":1412,"proprietario":"Afonso Reis","orgao":"CARIRI","data_perfuracao":"1973-01-01","profundidade":25.0,"q_m3h":2.0,"equipamento":"CATAVENTO","municipio":"Serra Branca","microregiao":"Cariri Ocidental","mesoregiao":"Borborema"},"geometry":{"type":"Point","coordinates":[-36.7750530567,-7.5831888863]}},
{"type":"Feature","properties":{"fid":1413,"proprietario":"Prefeitura","orgao":"CDRM","data_perfuracao":"1982-01-03","profundidade":37.0,"q_m3h":5.0,"equipamento":"CATAVENTO","municipio":"Serra Branca","microregiao":"Cariri Ocidental","mesoregiao":"Borborema"},"geometry":{"type":"Point","coordinates":[-36.6186626316,-7.5379106516]}},
{"type":"Feature","properties":{"fid":1414,"proprietario":"Prefeitura","orgao":"CONESP","data_perfuracao":"1976-01-10","profundidade":50.0,"q_m3h":2.0,"equipamento":"INJ. ELÉTRICA","municipio":"Vieirópolis","microregiao":"Sousa","mesoregiao":"Sertão Paraibano"},"geometry":{"type":"Point","coordinates":[-38.2758995076,-6.5417907035]}},
{"type":"Feature","properties":{"fid":1415,"proprietario":null,"orgao":"DNOCS","data_perfuracao":"1976-01-08","profundidade":25.0,"q_m3h":1.0,"equipamento":null,"municipio":"Sousa","microregiao":"Sousa","mesoregiao":"Sertão Paraibano"},"geometry":{"type":"Point","coordinates":[-38.2972879282,-6.8759602758]}},
{"type":"Feature","properties":{"fid":1416,"proprietario":null,"orgao":"FC.OLIV","data_perfuracao":"2000-01-01","profundidade":6.0,"q_m3h":1.0,"equipamento":"BOMBA MANUAL","municipio":"Sousa","microregiao":"Sousa","mesoregiao":"Sertão Paraibano"},"geometry":{"type":"Point","coordinates":[-38.1881208876,-6.7512363888]}},
{"type":"Feature","properties":{"fid":1417,"proprietario":"Comunidade Rural De Poleiros","orgao":"DNOCS","data_perfuracao":"2000-01-01","profundidade":10.0,"q_m3h":12.0,"equipamento":null,"municipio":"Barra de Santa Rosa","microregiao":"Curimataú Ocidental","mesoregiao":"Agreste Paraibano"},"geometry":{"type":"Point","coordinates":[-36.1185412632,-6.727043502]}},
{"type":"Feature","properties":{"fid":1418,"proprietario":"Prefeitura Municipal De Araruna","orgao":"DNOCS","data_perfuracao":"2000-01-01","profundidade":10.0,"q_m3h":5.0,"equipamento":null,"municipio":"Cuité","microregiao":"Curimataú Ocidental","mesoregiao":"Agreste Paraibano"},"geometry":{"type":"Point","coordinates":[-35.8816862346,-6.5237837002]}},
{"type":"Feature","properties":{"fid":1419,"proprietario":"Prefeitura Municipal De Araruna","orgao":"DNOCS","data_perfuracao":"2000-01-01","profundidade":10.0,"q_m3h":5.0,"equipamento":null,"municipio":"Araruna","microregiao":"Curimataú Oriental","mesoregiao":"Agreste Paraibano"},"geometry":{"type":"Point","coordinates":[-35.7408516838,-6.5934121261]}},
{"type":"Feature","properties":{"fid":1420,"proprietario":"Cia Paríba De Cimento Portland","orgao":"DNOCS","data_perfuracao":"2000-01-01","profundidade":54.0,"q_m3h":12.0,"equipamento":null,"municipio":"João Pessoa","microregiao":"João Pessoa","mesoregiao":"Litoral Paraibano"},"geometry":{"type":"Point","coordinates":[-34.8936471732,-7.1206863597]}},
{"type":"Feature","properties":{"fid":1421,"proprietario":"Cia Paraíba De Cimento Portland","orgao":"DNOCS","data_perfuracao":"2000-01-01","profundidade":10.0,"q_m3h":12.0,"equipamento":null,"municipio":"João Pessoa","microregiao":"João Pessoa","mesoregiao":"Litoral Paraibano"},"geometry":{"type":"Point","coordinates":[-34.8943694082,-7.1299086555]}},
{"type":"Feature","properties":{"fid":1422,"proprietario":"Prefeitura Municipal De Bernadino Batista","orgao":"DNOCS","data_perfuracao":"2000-01-01","profundidade":9.0,"q_m3h":8.0,"equipamento":null,"municipio":"Bernardino Batista","microregiao":"Cajazeiras","mesoregiao":"Sertão Paraibano"},"geometry":{"type":"Point","coordinates":[-38.5599014777,-6.4610119947]}},
{"type":"Feature","properties":{"fid":1423,"proprietario":null,"orgao":"DNOCS","data_perfuracao":"2006-11-20","profundidade":10.0,"q_m3h":12.0,"equipamento":null,"municipio":"Marizópolis","microregiao":"Sousa","mesoregiao":"Sertão Paraibano"},"geometry":{"type":"Point","coordinates":[-38.3287525048,-6.832845587]}},
{"type":"Feature","properties":{"fid":1424,"proprietario":"Alemão Exportação e Mineração De Granito Ltda.","orgao":"DNOCS","data_perfuracao":"2006-11-20","profundidade":10.0,"q_m3h":7.0,"equipamento":null,"municipio":"Pedra Lavrada","microregiao":"Seridó Oriental Paraibano","mesoregiao":"Borborema"},"geometry":{"type":"Point","coordinates":[-36.4096799981,-6.7672602936]}},
{"type":"Feature","properties":{"fid":1425,"proprietario":"Prefeitura Municipal De Pirpirituba","orgao":"DNOCS","data_perfuracao":"2006-11-20","profundidade":50.0,"q_m3h":3.5,"equipamento":"BOMBA SUBMERSA","municipio":"Pirpirituba","microregiao":"Guarabira","mesoregiao":"Agreste Paraibano"},"geometry":{"type":"Point","coordinates":[-35.4504297593,-6.7920166845]}},
{"type":"Feature","properties":{"fid":1426,"proprietario":"Prefeitura Municipal De Curral Velho","orgao":"DNOCS","data_perfuracao":"2006-11-20","profundidade":50.0,"q_m3h":3.0,"equipamento":"INJ. ELÉTRICA","municipio":"Curral Velho","microregiao":"Itaporanga","mesoregiao":"Sertão Paraibano"},"geometry":{"type":"Point","coordinates":[-38.1660655301,-7.5713541623]}},
{"type":"Feature","properties":{"fid":1427,"proprietario":"Prefeitura Municipal De Serra Branca","orgao":"DNOCS","data_perfuracao":"2006-11-20","profundidade":10.0,"q_m3h":1.91,"equipamento":null,"municipio":"Serra Branca","microregiao":"Cariri Ocidental","mesoregiao":"Borborema"},"geometry":{"type":"Point","coordinates":[-36.7877534634,-7.6763504902]}},
{"type":"Feature","properties":{"fid":1428,"proprietario":"Prefeitura Municipal De Serra Branca","orgao":"DNOCS","data_perfuracao":"2006-11-20","profundidade":10.0,"q_m3h":1.91,"equipamento":null,"municipio":"Serra Branca","microregiao":"Cariri Ocidental","mesoregiao":"Borborema"},"geometry":{"type":"Point","coordinates":[-36.7877479078,-7.6763560458]}},
{"type":"Feature","properties":{"fid":1429,"proprietario":"Água Mineral Santa Rita Ltda.","orgao":"DNOCS","data_perfuracao":"2006-11-20","profundidade":10.0,"q_m3h":30.0,"equipamento":null,"municipio":"Bayeux","microregiao":"João Pessoa","mesoregiao":"Litoral Paraibano"},"geometry":{"type":"Point","coordinates":[-34.9392031655,-7.1559643895]}},
{"type":"Feature","properties":{"fid":1430,"proprietario":"Prefeitura Municipal De Araçagi","orgao":"DNOCS","data_perfuracao":"2006-11-20","profundidade":50.0,"q_m3h":6.4,"equipamento":null,"municipio":"Araçagi","microregiao":"Guarabira","mesoregiao":"Agreste Paraibano"},"geometry":{"type":"Point","coordinates":[-35.344789917,-6.7889611738]}},
{"type":"Feature","properties":{"fid":1431,"proprietario":"Prefeitura Municipal De Araçagi","orgao":"DNOCS","data_perfuracao":"2006-11-20","profundidade":9.3,"q_m3h":4.6,"equipamento":null,"municipio":"Araçagi","microregiao":"Guarabira","mesoregiao":"Agreste Paraibano"},"geometry":{"type":"Point","coordinates":[-35.2907895354,-6.9476569266]}},
{"type":"Feature","properties":{"fid":1432,"proprietario":"Gregório Pereira De Moura Neto","orgao":"DNOCS","data_perfuracao":"2006-11-20","profundidade":165.0,"q_m3h":7.1,"equipamento":"BOMBA SUBMERSA","municipio":"João Pessoa","microregiao":"João Pessoa","mesoregiao":"Litoral Paraibano"},"geometry":{"type":"Point","coordinates":[-34.8085075378,-7.1578811606]}},
{"type":"Feature","properties":{"fid":1433,"proprietario":"Hugo Malta Resende Júnior","orgao":"DNOCS","data_perfuracao":"2006-11-20","profundidade":10.0,"q_m3h":4.64,"equipamento":null,"municipio":"Mamanguape","microregiao":"Litoral Norte","mesoregiao":"Litoral Paraibano"},"geometry":{"type":"Point","coordinates":[-35.1625659263,-6.5946541719]}},
{"type":"Feature","properties":{"fid":1434,"proprietario":"Cidade Verde","orgao":"DNOCS","data_perfuracao":"2006-11-20","profundidade":24.0,"q_m3h":2.5,"equipamento":null,"municipio":"João Pessoa","microregiao":"João Pessoa","mesoregiao":"Litoral Paraibano"},"geometry":{"type":"Point","coordinates":[-34.8322021641,-7.109352977]}},
{"type":"Feature","properties":{"fid":1435,"proprietario":"Indaiá Brasil","orgao":"DNOCS","data_perfuracao":"2006-11-20","profundidade":46.0,"q_m3h":12.0,"equipamento":null,"municipio":"Santa Rita","microregiao":"João Pessoa","mesoregiao":"Litoral Paraibano"},"geometry":{"type":"Point","coordinates":[-35.0300651474,-7.2260759999]}},
{"type":"Feature","properties":{"fid":1436,"proprietario":"Associação Dos Pequenos Trabalhadores Rurais De Tabatinga","orgao":"DNOCS","data_perfuracao":"2006-11-20","profundidade":10.0,"q_m3h":2.0,"equipamento":null,"municipio":"Pedras de Fogo","microregiao":"Litoral Sul","mesoregiao":"Litoral Paraibano"},"geometry":{"type":"Point","coordinates":[-34.9691813862,-7.4021607833]}},
{"type":"Feature","properties":{"fid":1437,"proprietario":"Associação Dos Pequenos Trabalhadores Rurais De Tabatinga","orgao":"DNOCS","data_perfuracao":"2006-11-20","profundidade":10.0,"q_m3h":1.042,"equipamento":null,"municipio":"Pedras de Fogo","microregiao":"Litoral Sul","mesoregiao":"Litoral Paraibano"},"geometry":{"type":"Point","coordinates":[-34.9552145889,-7.3962774128]}},
{"type":"Feature","properties":{"fid":1438,"proprietario":null,"orgao":"DNOCS","data_perfuracao":"2006-11-20","profundidade":10.0,"q_m3h":25.0,"equipamento":null,"municipio":"Marizópolis","microregiao":"Sousa","mesoregiao":"Sertão Paraibano"},"geometry":{"type":"Point","coordinates":[-38.3362359046,-6.8347428185]}},
{"type":"Feature","properties":{"fid":1439,"proprietario":"Maria José De Morais","orgao":"DNOCS","data_perfuracao":"2006-11-20","profundidade":30.0,"q_m3h":1.5,"equipamento":null,"municipio":"João Pessoa","microregiao":"João Pessoa","mesoregiao":"Litoral Paraibano"},"geometry":{"type":"Point","coordinates":[-34.8390356155,-7.1916314108]}},
{"type":"Feature","properties":{"fid":1440,"proprietario":"Comunidade Sítio Salgadinho","orgao":"DNOCS","data_perfuracao":"2006-11-20","profundidade":10.0,"q_m3h":8.0,"equipamento":null,"municipio":"Amparo","microregiao":"Cariri Ocidental","mesoregiao":"Borborema"},"geometry":{"type":"Point","coordinates":[-37.0489501469,-7.5750272805]}},
{"type":"Feature","properties":{"fid":1441,"proprietario":"Indaiá Brasil","orgao":"DNOCS","data_perfuracao":"2006-11-20","profundidade":38.5,"q_m3h":20.0,"equipamento":null,"municipio":"Santa Rita","microregiao":"João Pessoa","mesoregiao":"Litoral Paraibano"},"geometry":{"type":"Point","coordinates":[-35.0313151583,-7.225492661]}},
{"type":"Feature","properties":{"fid":1442,"proprietario":"Pegmatitos Do Nordeste Mineração","orgao":"DNOCS","data_perfuracao":"2000-01-04","profundidade":61.0,"q_m3h":2.4,"equipamento":null,"municipio":"Junco do Seridó","microregiao":"Seridó Ocidental Paraibano","mesoregiao":"Borborema"},"geometry":{"type":"Point","coordinates":[-36.7221357139,-6.9991007983]}},
{"type":"Feature","properties":{"fid":1443,"proprietario":"Mgm Produtos Siderúgicos","orgao":"DNOCS","data_perfuracao":"2000-01-04","profundidade":84.0,"q_m3h":10.0,"equipamento":null,"municipio":"João Pessoa","microregiao":"João Pessoa","mesoregiao":"Litoral Paraibano"},"geometry":{"type":"Point","coordinates":[-34.9164251996,-7.1826312856]}},
{"type":"Feature","properties":{"fid":1444,"proprietario":"Martins Comércio e Serviços De Distribuição","orgao":"DNOCS","data_perfuracao":"2000-01-04","profundidade":10.0,"q_m3h":19.2,"equipamento":null,"municipio":"João Pessoa","microregiao":"João Pessoa","mesoregiao":"Litoral Paraibano"},"geometry":{"type":"Point","coordinates":[-34.9027306314,-7.183103521]}},
{"type":"Feature","properties":{"fid":1445,"proprietario":"Condominio Vila Lobos","orgao":"DNOCS","data_perfuracao":"2000-01-04","profundidade":40.0,"q_m3h":6.0,"equipamento":null,"municipio":"João Pessoa","microregiao":"João Pessoa","mesoregiao":"Litoral Paraibano"},"geometry":{"type":"Point","coordinates":[-34.8386466703,-7.1142974568]}},
{"type":"Feature","properties":{"fid":1446,"proprietario":"Condominio Residencial Paganini","orgao":"DNOCS","data_perfuracao":"2000-01-04","profundidade":40.0,"q_m3h":6.0,"equipamento":null,"municipio":"João Pessoa","microregiao":"João Pessoa","mesoregiao":"Litoral Paraibano"},"geometry":{"type":"Point","coordinates":[-34.8397577919,-7.114853016]}},
{"type":"Feature","properties":{"fid":1447,"proprietario":"Cristina De Fátima Bezerra Torres","orgao":"DNOCS","data_perfuracao":"2000-01-04","profundidade":20.0,"q_m3h":3.0,"equipamento":null,"municipio":"Cabedelo","microregiao":"João Pessoa","mesoregiao":"Litoral Paraibano"},"geometry":{"type":"Point","coordinates":[-34.850952316,-7.0826305273]}},
{"type":"Feature","properties":{"fid":1448,"proprietario":"Silvino Gonçalves Chaves Netto","orgao":"DNOCS","data_perfuracao":"2000-01-04","profundidade":10.0,"q_m3h":4.0,"equipamento":null,"municipio":"Mari","microregiao":"Sapé","mesoregiao":"Litoral Paraibano"},"geometry":{"type":"Point","coordinates":[-35.3135398272,-7.0756857136]}},
{"type":"Feature","properties":{"fid":1449,"proprietario":"João","orgao":"DNOCS","data_perfuracao":"2007-02-15","profundidade":10.0,"q_m3h":10.0,"equipamento":null,"municipio":"Santa Rita","microregiao":"João Pessoa","mesoregiao":"Litoral Paraibano"},"geometry":{"type":"Point","coordinates":[-35.0003147245,-7.0004075442]}},
{"type":"Feature","properties":{"fid":1450,"proprietario":"Cleide Pereira Monteiro","orgao":"DNOCS","data_perfuracao":"2007-02-15","profundidade":8.3,"q_m3h":5.3,"equipamento":null,"municipio":"Santa Teresinha","microregiao":"Patos","mesoregiao":"Sertão Paraibano"},"geometry":{"type":"Point","coordinates":[-37.4508088437,-7.0272116122]}},
{"type":"Feature","properties":{"fid":1451,"proprietario":"Sítio Pitombeira","orgao":"DNOCS","data_perfuracao":"2007-02-15","profundidade":50.0,"q_m3h":8.0,"equipamento":null,"municipio":"Cachoeira dos Índios","microregiao":"Cajazeiras","mesoregiao":"Sertão Paraibano"},"geometry":{"type":"Point","coordinates":[-38.6811250439,-6.8766540041]}},
{"type":"Feature","properties":{"fid":1452,"proprietario":"Damião George Cassimiro Dos Santos","orgao":"DNOCS","data_perfuracao":"2007-02-15","profundidade":10.0,"q_m3h":66.71,"equipamento":null,"municipio":"Nova Olinda","microregiao":"Piancó","mesoregiao":"Sertão Paraibano"},"geometry":{"type":"Point","coordinates":[-38.0516755362,-7.4378810067]}},
{"type":"Feature","properties":{"fid":1453,"proprietario":"João Batista De Oliveira","orgao":"DNOCS","data_perfuracao":"2007-02-15","profundidade":3.0,"q_m3h":40.0,"equipamento":null,"municipio":"Conde","microregiao":"João Pessoa","mesoregiao":"Litoral Paraibano"},"geometry":{"type":"Point","coordinates":[-34.9367587584,-7.2424373064]}},
{"type":"Feature","properties":{"fid":1454,"proprietario":"Resindencial Leste Ville","orgao":"DNOCS","data_perfuracao":"2007-02-15","profundidade":10.0,"q_m3h":1.333,"equipamento":null,"municipio":"João Pessoa","microregiao":"João Pessoa","mesoregiao":"Litoral Paraibano"},"geometry":{"type":"Point","coordinates":[-34.8236743272,-7.1361309756]}},
{"type":"Feature","properties":{"fid":1455,"proprietario":"Resindencial Willian Ramon","orgao":"DNOCS","data_perfuracao":"2007-02-15","profundidade":10.0,"q_m3h":3.54,"equipamento":null,"municipio":"João Pessoa","microregiao":"João Pessoa","mesoregiao":"Litoral Paraibano"},"geometry":{"type":"Point","coordinates":[-34.8254521108,-7.1209641859]}},
{"type":"Feature","properties":{"fid":1456,"proprietario":"Francisco De Assis Sousa Dos Santos","orgao":"DNOCS","data_perfuracao":"2007-02-15","profundidade":10.0,"q_m3h":1.0,"equipamento":null,"municipio":"João Pessoa","microregiao":"João Pessoa","mesoregiao":"Litoral Paraibano"},"geometry":{"type":"Point","coordinates":[-34.8050352762,-7.1463255146]}},
{"type":"Feature","properties":{"fid":1457,"proprietario":"Hotel Villagem","orgao":"DNOCS","data_perfuracao":"2007-02-15","profundidade":10.0,"q_m3h":4.167,"equipamento":null,"municipio":"João Pessoa","microregiao":"João Pessoa","mesoregiao":"Litoral Paraibano"},"geometry":{"type":"Point","coordinates":[-34.8278687983,-7.1193808382]}},
{"type":"Feature","properties":{"fid":1458,"proprietario":"Mixcolor Industria De Tintas Ltda","orgao":"DNOCS","data_perfuracao":"2007-02-15","profundidade":10.0,"q_m3h":1.0,"equipamento":null,"municipio":"João Pessoa","microregiao":"João Pessoa","mesoregiao":"Litoral Paraibano"},"geometry":{"type":"Point","coordinates":[-34.8834248526,-7.1122140764]}},
{"type":"Feature","properties":{"fid":1459,"proprietario":"O Azulão Da Construção","orgao":"DNOCS","data_perfuracao":"2007-02-15","profundidade":10.0,"q_m3h":1.5,"equipamento":null,"municipio":"João Pessoa","microregiao":"João Pessoa","mesoregiao":"Litoral Paraibano"},"geometry":{"type":"Point","coordinates":[-34.8741192593,-7.1805201865]}},
{"type":"Feature","properties":{"fid":1460,"proprietario":"Condominio Enseada Do Atlantico","orgao":"DNOCS","data_perfuracao":"2007-04-28","profundidade":15.0,"q_m3h":5.0,"equipamento":null,"municipio":"João Pessoa","microregiao":"João Pessoa","mesoregiao":"Litoral Paraibano"},"geometry":{"type":"Point","coordinates":[-34.8335910518,-7.0889639233]}},
{"type":"Feature","properties":{"fid":1461,"proprietario":"Condom.residl Inaldo Camelo","orgao":"DNOCS","data_perfuracao":"2007-04-28","profundidade":10.0,"q_m3h":5.0,"equipamento":null,"municipio":"João Pessoa","microregiao":"João Pessoa","mesoregiao":"Litoral Paraibano"},"geometry":{"type":"Point","coordinates":[-34.8338410522,-7.086130567]}},
{"type":"Feature","properties":{"fid":1462,"proprietario":"Edificio Guarapari","orgao":"DNOCS","data_perfuracao":"2007-04-28","profundidade":10.0,"q_m3h":2.083,"equipamento":null,"municipio":"João Pessoa","microregiao":"João Pessoa","mesoregiao":"Litoral Paraibano"},"geometry":{"type":"Point","coordinates":[-34.8272299037,-7.1195197287]}},
{"type":"Feature","properties":{"fid":1463,"proprietario":"Francisco Romão Dantas Filho","orgao":"DNOCS","data_perfuracao":"2007-04-28","profundidade":7.0,"q_m3h":40.0,"equipamento":null,"municipio":"Poço de José de Moura","microregiao":"Cajazeiras","mesoregiao":"Sertão Paraibano"},"geometry":{"type":"Point","coordinates":[-38.4585951299,-6.5890130551]}},
{"type":"Feature","properties":{"fid":1464,"proprietario":"José Joelson Bezerra Da Silva","orgao":"DNOCS","data_perfuracao":"2007-04-28","profundidade":8.0,"q_m3h":18.5,"equipamento":null,"municipio":"Sumé","microregiao":"Cariri Ocidental","mesoregiao":"Borborema"},"geometry":{"type":"Point","coordinates":[-36.8224426611,-7.6771615809]}},
{"type":"Feature","properties":{"fid":1465,"proprietario":"Inácio Pereira Da Silva","orgao":"DNOCS","data_perfuracao":"2007-04-28","profundidade":8.0,"q_m3h":19.6,"equipamento":null,"municipio":"Sumé","microregiao":"Cariri Ocidental","mesoregiao":"Borborema"},"geometry":{"type":"Point","coordinates":[-36.8292204988,-7.6767171278]}},
{"type":"Feature","properties":{"fid":1466,"proprietario":"Sesc (cabo Branco)","orgao":"DNOCS","data_perfuracao":"2007-04-28","profundidade":10.0,"q_m3h":3.333,"equipamento":null,"municipio":"João Pessoa","microregiao":"João Pessoa","mesoregiao":"Litoral Paraibano"},"geometry":{"type":"Point","coordinates":[-34.8255632331,-7.1360198624]}},
{"type":"Feature","properties":{"fid":1467,"proprietario":"Niagara Residence","orgao":"DNOCS","data_perfuracao":"2007-04-28","profundidade":10.0,"q_m3h":2.5,"equipamento":null,"municipio":"João Pessoa","microregiao":"João Pessoa","mesoregiao":"Litoral Paraibano"},"geometry":{"type":"Point","coordinates":[-34.8271465715,-7.1222697508]}},
{"type":"Feature","properties":{"fid":1468,"proprietario":"Ressidence Life Place","orgao":"DNOCS","data_perfuracao":"2007-04-28","profundidade":10.0,"q_m3h":2.5,"equipamento":null,"municipio":"João Pessoa","microregiao":"João Pessoa","mesoregiao":"Litoral Paraibano"},"geometry":{"type":"Point","coordinates":[-34.8286188065,-7.1213808538]}},
{"type":"Feature","properties":{"fid":1469,"proprietario":"Edificio Acabulco","orgao":"DNOCS","data_perfuracao":"2007-04-28","profundidade":10.0,"q_m3h":3.333,"equipamento":null,"municipio":"João Pessoa","microregiao":"João Pessoa","mesoregiao":"Litoral Paraibano"},"geometry":{"type":"Point","coordinates":[-34.8285354719,-7.1207419598]}},
{"type":"Feature","properties":{"fid":1470,"proprietario":"Edificio Neve Shallon","orgao":"DNOCS","data_perfuracao":"2007-04-28","profundidade":10.0,"q_m3h":2.5,"equipamento":null,"municipio":"João Pessoa","microregiao":"João Pessoa","mesoregiao":"Litoral Paraibano"},"geometry":{"type":"Point","coordinates":[-34.8264521207,-7.1222419733]}},
{"type":"Feature","properties":{"fid":1471,"proprietario":"Edificio Vernazia","orgao":"DNOCS","data_perfuracao":"2007-04-28","profundidade":10.0,"q_m3h":2.5,"equipamento":null,"municipio":"João Pessoa","microregiao":"João Pessoa","mesoregiao":"Litoral Paraibano"},"geometry":{"type":"Point","coordinates":[-34.8250354408,-7.1216030802]}},
{"type":"Feature","properties":{"fid":1472,"proprietario":"Residencial Visconde De Cairu","orgao":"DNOCS","data_perfuracao":"2007-04-28","profundidade":10.0,"q_m3h":2.29,"equipamento":null,"municipio":"João Pessoa","microregiao":"João Pessoa","mesoregiao":"Litoral Paraibano"},"geometry":{"type":"Point","coordinates":[-34.8278410228,-7.1231308684]}},
{"type":"Feature","properties":{"fid":1473,"proprietario":"Edificiopontal Cabo Branco","orgao":"DNOCS","data_perfuracao":"2007-04-28","profundidade":10.0,"q_m3h":3.125,"equipamento":null,"municipio":"João Pessoa","microregiao":"João Pessoa","mesoregiao":"Litoral Paraibano"},"geometry":{"type":"Point","coordinates":[-34.8249521076,-7.1229642023]}},
{"type":"Feature","properties":{"fid":1474,"proprietario":"Residencial Claudio Cavalcanti","orgao":"DNOCS","data_perfuracao":"2007-04-28","profundidade":10.0,"q_m3h":1.3,"equipamento":null,"municipio":"João Pessoa","microregiao":"João Pessoa","mesoregiao":"Litoral Paraibano"},"geometry":{"type":"Point","coordinates":[-34.8156187032,-7.1429088133]}},
{"type":"Feature","properties":{"fid":1475,"proprietario":"Edificio Ilha De Camandatuba","orgao":"DNOCS","data_perfuracao":"2007-04-28","profundidade":10.0,"q_m3h":1.25,"equipamento":null,"municipio":"João Pessoa","microregiao":"João Pessoa","mesoregiao":"Litoral Paraibano"},"geometry":{"type":"Point","coordinates":[-34.8208965244,-7.1364087575]}},
{"type":"Feature","properties":{"fid":1476,"proprietario":"Edificio Imperiano Cabo Branc","orgao":"DNOCS","data_perfuracao":"2007-04-28","profundidade":10.0,"q_m3h":1.33,"equipamento":null,"municipio":"João Pessoa","microregiao":"João Pessoa","mesoregiao":"Litoral Paraibano"},"geometry":{"type":"Point","coordinates":[-34.8246743309,-7.1282698007]}},
{"type":"Feature","properties":{"fid":1477,"proprietario":"Residencial Monteverdi","orgao":"DNOCS","data_perfuracao":"2007-04-28","profundidade":10.0,"q_m3h":1.25,"equipamento":null,"municipio":"João Pessoa","microregiao":"João Pessoa","mesoregiao":"Litoral Paraibano"},"geometry":{"type":"Point","coordinates":[-34.81661871,-7.1395754525]}},
{"type":"Feature","properties":{"fid":1478,"proprietario":"Hotel Tambaú","orgao":"DNOCS","data_perfuracao":"2007-04-28","profundidade":120.0,"q_m3h":4.92,"equipamento":null,"municipio":"João Pessoa","microregiao":"João Pessoa","mesoregiao":"Litoral Paraibano"},"geometry":{"type":"Point","coordinates":[-34.8222020751,-7.1117974478]}},
{"type":"Feature","properties":{"fid":1479,"proprietario":"Condominio Solar Dos Navegantes","orgao":"DNOCS","data_perfuracao":"2007-04-28","profundidade":10.0,"q_m3h":4.5,"equipamento":null,"municipio":"João Pessoa","microregiao":"João Pessoa","mesoregiao":"Litoral Paraibano"},"geometry":{"type":"Point","coordinates":[-34.8245632085,-7.1130474562]}},
{"type":"Feature","properties":{"fid":1480,"proprietario":"Hotel Tambaú","orgao":"DNOCS","data_perfuracao":"2007-04-28","profundidade":10.0,"q_m3h":4.92,"equipamento":null,"municipio":"João Pessoa","microregiao":"João Pessoa","mesoregiao":"Litoral Paraibano"},"geometry":{"type":"Point","coordinates":[-34.8224798554,-7.1118252256]}},
{"type":"Feature","properties":{"fid":1481,"proprietario":"Cláudio Soares Padilha","orgao":"DNOCS","data_perfuracao":"2007-01-02","profundidade":6.0,"q_m3h":1.0,"equipamento":null,"municipio":"Cabedelo","microregiao":"João Pessoa","mesoregiao":"Litoral Paraibano"},"geometry":{"type":"Point","coordinates":[-34.8460077881,-7.0250467343]}},
{"type":"Feature","properties":{"fid":1482,"proprietario":"Beira Rio Combustivel Ltda","orgao":"DNOCS","data_perfuracao":"2007-01-02","profundidade":10.0,"q_m3h":1.04,"equipamento":null,"municipio":"João Pessoa","microregiao":"João Pessoa","mesoregiao":"Litoral Paraibano"},"geometry":{"type":"Point","coordinates":[-34.8287854766,-7.1242975438]}},
{"type":"Feature","properties":{"fid":1483,"proprietario":"Residencial Mediterrané","orgao":"DNOCS","data_perfuracao":"2007-01-02","profundidade":10.0,"q_m3h":2.5,"equipamento":null,"municipio":"João Pessoa","microregiao":"João Pessoa","mesoregiao":"Litoral Paraibano"},"geometry":{"type":"Point","coordinates":[-34.8280465741,-7.1140696843]}},
{"type":"Feature","properties":{"fid":1484,"proprietario":"Cond. Maison Tambaú","orgao":"DNOCS","data_perfuracao":"2007-01-02","profundidade":10.0,"q_m3h":2.29,"equipamento":null,"municipio":"João Pessoa","microregiao":"João Pessoa","mesoregiao":"Litoral Paraibano"},"geometry":{"type":"Point","coordinates":[-34.8298410375,-7.1179919369]}},
{"type":"Feature","properties":{"fid":1485,"proprietario":"Ouro Branco Praia Hotel","orgao":"DNOCS","data_perfuracao":"2007-01-02","profundidade":10.0,"q_m3h":1.25,"equipamento":null,"municipio":"João Pessoa","microregiao":"João Pessoa","mesoregiao":"Litoral Paraibano"},"geometry":{"type":"Point","coordinates":[-34.8255715526,-7.1154641417]}},
{"type":"Feature","properties":{"fid":1486,"proprietario":"Residencial Solar Da Praia","orgao":"DNOCS","data_perfuracao":"2007-01-02","profundidade":10.0,"q_m3h":3.33,"equipamento":null,"municipio":"João Pessoa","microregiao":"João Pessoa","mesoregiao":"Litoral Paraibano"},"geometry":{"type":"Point","coordinates":[-34.8248521013,-7.1150113607]}},
{"type":"Feature","properties":{"fid":1487,"proprietario":"Imperial Hotel","orgao":"DNOCS","data_perfuracao":"2007-01-02","profundidade":10.0,"q_m3h":3.33,"equipamento":null,"municipio":"João Pessoa","microregiao":"João Pessoa","mesoregiao":"Litoral Paraibano"},"geometry":{"type":"Point","coordinates":[-34.8228798614,-7.1152419195]}},
{"type":"Feature","properties":{"fid":1488,"proprietario":"Cond. Solar Dos Navegantes","orgao":"DNOCS","data_perfuracao":"2007-01-02","profundidade":10.0,"q_m3h":2.08,"equipamento":null,"municipio":"João Pessoa","microregiao":"João Pessoa","mesoregiao":"Litoral Paraibano"},"geometry":{"type":"Point","coordinates":[-34.8244632076,-7.1130391229]}},
{"type":"Feature","properties":{"fid":1489,"proprietario":"Atlañtico Praia Hotel","orgao":"DNOCS","data_perfuracao":"2007-01-02","profundidade":10.0,"q_m3h":3.33,"equipamento":null,"municipio":"João Pessoa","microregiao":"João Pessoa","mesoregiao":"Litoral Paraibano"},"geometry":{"type":"Point","coordinates":[-34.8228131931,-7.1137974635]}},
{"type":"Feature","properties":{"fid":1490,"proprietario":"Cond. Aves Raras","orgao":"DNOCS","data_perfuracao":"2007-01-02","profundidade":10.0,"q_m3h":2.08,"equipamento":null,"municipio":"João Pessoa","microregiao":"João Pessoa","mesoregiao":"Litoral Paraibano"},"geometry":{"type":"Point","coordinates":[-34.8252854384,-7.1147696918]}},
{"type":"Feature","properties":{"fid":1491,"proprietario":"Rsedidencial José Olinto","orgao":"DNOCS","data_perfuracao":"2007-01-02","profundidade":10.0,"q_m3h":1.46,"equipamento":null,"municipio":"João Pessoa","microregiao":"João Pessoa","mesoregiao":"Litoral Paraibano"},"geometry":{"type":"Point","coordinates":[-34.8236743134,-7.1157974789]}},
{"type":"Feature","properties":{"fid":1492,"proprietario":"Luxor Tambaú","orgao":"DNOCS","data_perfuracao":"2007-01-02","profundidade":10.0,"q_m3h":5.0,"equipamento":null,"municipio":"João Pessoa","microregiao":"João Pessoa","mesoregiao":"Litoral Paraibano"},"geometry":{"type":"Point","coordinates":[-34.824340987,-7.1170752665]}},
{"type":"Feature","properties":{"fid":1493,"proprietario":"Residencial Maisonde Paris","orgao":"DNOCS","data_perfuracao":"2007-01-02","profundidade":10.0,"q_m3h":2.5,"equipamento":null,"municipio":"João Pessoa","microregiao":"João Pessoa","mesoregiao":"Litoral Paraibano"},"geometry":{"type":"Point","coordinates":[-34.8265076739,-7.1180197171]}},
{"type":"Feature","properties":{"fid":1494,"proprietario":"Residencial Maison Francoi","orgao":"DNOCS","data_perfuracao":"2007-01-02","profundidade":10.0,"q_m3h":3.33,"equipamento":null,"municipio":"João Pessoa","microregiao":"João Pessoa","mesoregiao":"Litoral Paraibano"},"geometry":{"type":"Point","coordinates":[-34.8292854741,-7.1139363491]}},
{"type":"Feature","properties":{"fid":1495,"proprietario":"Edificio Kadosh Residence","orgao":"DNOCS","data_perfuracao":"2007-01-02","profundidade":10.0,"q_m3h":1.25,"equipamento":null,"municipio":"João Pessoa","microregiao":"João Pessoa","mesoregiao":"Litoral Paraibano"},"geometry":{"type":"Point","coordinates":[-34.8201187404,-7.1376032121]}},
{"type":"Feature","properties":{"fid":1496,"proprietario":"Mercado De Artesanato Paraibano","orgao":"DNOCS","data_perfuracao":"2007-01-02","profundidade":10.0,"q_m3h":3.333,"equipamento":null,"municipio":"João Pessoa","microregiao":"João Pessoa","mesoregiao":"Litoral Paraibano"},"geometry":{"type":"Point","coordinates":[-34.8256187725,-7.1114641095]}},
{"type":"Feature","properties":{"fid":1497,"proprietario":"Residencial Maison De France","orgao":"DNOCS","data_perfuracao":"2007-01-02","profundidade":10.0,"q_m3h":2.5,"equipamento":null,"municipio":"João Pessoa","microregiao":"João Pessoa","mesoregiao":"Litoral Paraibano"},"geometry":{"type":"Point","coordinates":[-34.8262854504,-7.1191169483]}},
{"type":"Feature","properties":{"fid":1498,"proprietario":"Edificio Claude Moneti","orgao":"DNOCS","data_perfuracao":"2007-01-02","profundidade":10.0,"q_m3h":1.46,"equipamento":null,"municipio":"João Pessoa","microregiao":"João Pessoa","mesoregiao":"Litoral Paraibano"},"geometry":{"type":"Point","coordinates":[-34.8268965645,-7.1153530288]}},
{"type":"Feature","properties":{"fid":1499,"proprietario":"Residencial Edificio Tropicus","orgao":"DNOCS","data_perfuracao":"2007-01-02","profundidade":10.0,"q_m3h":1.5,"equipamento":null,"municipio":"João Pessoa","microregiao":"João Pessoa","mesoregiao":"Litoral Paraibano"},"geometry":{"type":"Point","coordinates":[-34.8271465677,-7.1167141506]}},
{"type":"Feature","properties":{"fid":1500,"proprietario":"Residencialkavach","orgao":"DNOCS","data_perfuracao":"2007-01-02","profundidade":10.0,"q_m3h":2.08,"equipamento":null,"municipio":"João Pessoa","microregiao":"João Pessoa","mesoregiao":"Litoral Paraibano"},"geometry":{"type":"Point","coordinates":[-34.82506322,-7.1234086503]}},
{"type":"Feature","properties":{"fid":1501,"proprietario":"Hotel Litoral","orgao":"DNOCS","data_perfuracao":"2007-01-02","profundidade":10.0,"q_m3h":2.33,"equipamento":null,"municipio":"João Pessoa","microregiao":"João Pessoa","mesoregiao":"Litoral Paraibano"},"geometry":{"type":"Point","coordinates":[-34.8229798716,-7.1290198079]}},
{"type":"Feature","properties":{"fid":1502,"proprietario":"Edifício Pirâmide","orgao":"DNOCS","data_perfuracao":"2000-01-04","profundidade":10.0,"q_m3h":2.58,"equipamento":null,"municipio":"João Pessoa","microregiao":"João Pessoa","mesoregiao":"Litoral Paraibano"},"geometry":{"type":"Point","coordinates":[-34.8174798297,-7.140686572]}},
{"type":"Feature","properties":{"fid":1503,"proprietario":"Paulo Maia","orgao":"DNOCS","data_perfuracao":"2000-01-04","profundidade":10.0,"q_m3h":1.0,"equipamento":null,"municipio":"João Pessoa","microregiao":"João Pessoa","mesoregiao":"Litoral Paraibano"},"geometry":{"type":"Point","coordinates":[-34.8304521244,-7.0740193608]}},
{"type":"Feature","properties":{"fid":1504,"proprietario":"Joás Brito Pereira","orgao":"DNOCS","data_perfuracao":"2000-01-04","profundidade":10.0,"q_m3h":1.0,"equipamento":null,"municipio":"João Pessoa","microregiao":"João Pessoa","mesoregiao":"Litoral Paraibano"},"geometry":{"type":"Point","coordinates":[-34.8345077292,-7.0925472848]}},
{"type":"Feature","properties":{"fid":1505,"proprietario":"Condomínio Residencial Ana Carolina","orgao":"DNOCS","data_perfuracao":"2000-01-04","profundidade":12.0,"q_m3h":1.0,"equipamento":null,"municipio":"João Pessoa","microregiao":"João Pessoa","mesoregiao":"Litoral Paraibano"},"geometry":{"type":"Point","coordinates":[-34.8362577331,-7.0747415849]}},
{"type":"Feature","properties":{"fid":1506,"proprietario":"Clodoaldo Soares De Oliveira","orgao":"DNOCS","data_perfuracao":"2000-01-04","profundidade":10.0,"q_m3h":2.0,"equipamento":null,"municipio":"João Pessoa","microregiao":"João Pessoa","mesoregiao":"Litoral Paraibano"},"geometry":{"type":"Point","coordinates":[-34.8337299406,-7.0869361291]}},
{"type":"Feature","properties":{"fid":1507,"proprietario":"Suely Cavalcanti","orgao":"DNOCS","data_perfuracao":"2000-01-04","profundidade":10.0,"q_m3h":1.0,"equipamento":null,"municipio":"João Pessoa","microregiao":"João Pessoa","mesoregiao":"Litoral Paraibano"},"geometry":{"type":"Point","coordinates":[-34.8325354789,-7.0773527195]}},
{"type":"Feature","properties":{"fid":1508,"proprietario":"Zenilda Carvalho","orgao":"DNOCS","data_perfuracao":"2000-01-04","profundidade":10.0,"q_m3h":2.0,"equipamento":null,"municipio":"João Pessoa","microregiao":"João Pessoa","mesoregiao":"Litoral Paraibano"},"geometry":{"type":"Point","coordinates":[-34.8336465977,-7.0738249126]}},
{"type":"Feature","properties":{"fid":1509,"proprietario":"Zenilda Carvalho","orgao":"DNOCS","data_perfuracao":"1998-12-30","profundidade":10.0,"q_m3h":1.0,"equipamento":null,"municipio":"João Pessoa","microregiao":"João Pessoa","mesoregiao":"Litoral Paraibano"},"geometry":{"type":"Point","coordinates":[-34.8335910413,-7.0733526867]}},
{"type":"Feature","properties":{"fid":1510,"proprietario":"Cláudio Bezerra Souza","orgao":"DNOCS","data_perfuracao":"2000-01-04","profundidade":10.0,"q_m3h":1.0,"equipamento":null,"municipio":"João Pessoa","microregiao":"João Pessoa","mesoregiao":"Litoral Paraibano"},"geometry":{"type":"Point","coordinates":[-34.8322021432,-7.0784638398]}},
{"type":"Feature","properties":{"fid":1511,"proprietario":"Quatro Estilos Academia De Ginástica","orgao":"DNOCS","data_perfuracao":"2000-01-04","profundidade":10.0,"q_m3h":2.0,"equipamento":null,"municipio":"João Pessoa","microregiao":"João Pessoa","mesoregiao":"Litoral Paraibano"},"geometry":{"type":"Point","coordinates":[-34.8336188246,-7.081158305]}},
{"type":"Feature","properties":{"fid":1512,"proprietario":"José Carlos Simões","orgao":"DNOCS","data_perfuracao":"2000-01-04","profundidade":10.0,"q_m3h":1.0,"equipamento":null,"municipio":"João Pessoa","microregiao":"João Pessoa","mesoregiao":"Litoral Paraibano"},"geometry":{"type":"Point","coordinates":[-34.8378966359,-7.0734360178]}},
{"type":"Feature","properties":{"fid":1513,"proprietario":"Bessa Marine","orgao":"DNOCS","data_perfuracao":"2000-01-04","profundidade":10.0,"q_m3h":3.6,"equipamento":null,"municipio":"João Pessoa","microregiao":"João Pessoa","mesoregiao":"Litoral Paraibano"},"geometry":{"type":"Point","coordinates":[-34.830174345,-7.075408261]}},
{"type":"Feature","properties":{"fid":1514,"proprietario":"Condomínio Paulo Borges Palace","orgao":"DNOCS","data_perfuracao":"2000-01-04","profundidade":10.0,"q_m3h":1.0,"equipamento":null,"municipio":"João Pessoa","microregiao":"João Pessoa","mesoregiao":"Litoral Paraibano"},"geometry":{"type":"Point","coordinates":[-34.8238854334,-7.1261031172]}},
{"type":"Feature","properties":{"fid":1515,"proprietario":"Litoral Hotel","orgao":"DNOCS","data_perfuracao":"2000-01-04","profundidade":10.0,"q_m3h":4.0,"equipamento":null,"municipio":"João Pessoa","microregiao":"João Pessoa","mesoregiao":"Litoral Paraibano"},"geometry":{"type":"Point","coordinates":[-34.8230215389,-7.1293725885]}},
{"type":"Feature","properties":{"fid":1516,"proprietario":"Igatu Praia Hotel","orgao":"DNOCS","data_perfuracao":"2000-01-04","profundidade":10.0,"q_m3h":5.0,"equipamento":null,"municipio":"João Pessoa","microregiao":"João Pessoa","mesoregiao":"Litoral Paraibano"},"geometry":{"type":"Point","coordinates":[-34.8236270988,-7.1276197962]}},
{"type":"Feature","properties":{"fid":1517,"proprietario":"Rui Eloy","orgao":"DNOCS","data_perfuracao":"2000-01-04","profundidade":10.0,"q_m3h":1.0,"equipamento":null,"municipio":"João Pessoa","microregiao":"João Pessoa","mesoregiao":"Litoral Paraibano"},"geometry":{"type":"Point","coordinates":[-34.8323965852,-7.0721026774]}},
{"type":"Feature","properties":{"fid":1518,"proprietario":"José Carlos Da Silva Jr","orgao":"DNOCS","data_perfuracao":"2000-01-04","profundidade":10.0,"q_m3h":1.0,"equipamento":null,"municipio":"João Pessoa","microregiao":"João Pessoa","mesoregiao":"Litoral Paraibano"},"geometry":{"type":"Point","coordinates":[-34.8343132814,-7.0902139328]}},
{"type":"Feature","properties":{"fid":1519,"proprietario":"Novo Millenio Com Combustíveis","orgao":"DNOCS","data_perfuracao":"2000-01-04","profundidade":10.0,"q_m3h":1.0,"equipamento":null,"municipio":"João Pessoa","microregiao":"João Pessoa","mesoregiao":"Litoral Paraibano"},"geometry":{"type":"Point","coordinates":[-34.8350632919,-7.0956584205]}},
{"type":"Feature","properties":{"fid":1520,"proprietario":"Bar O Jangadeiro","orgao":"DNOCS","data_perfuracao":"2000-01-04","profundidade":10.0,"q_m3h":1.0,"equipamento":null,"municipio":"João Pessoa","microregiao":"João Pessoa","mesoregiao":"Litoral Paraibano"},"geometry":{"type":"Point","coordinates":[-34.8323132512,-7.0722693455]}},
{"type":"Feature","properties":{"fid":1521,"proprietario":"Clube Médico Da Paraíba","orgao":"DNOCS","data_perfuracao":"2000-01-04","profundidade":10.0,"q_m3h":1.0,"equipamento":null,"municipio":"João Pessoa","microregiao":"João Pessoa","mesoregiao":"Litoral Paraibano"},"geometry":{"type":"Point","coordinates":[-34.8318132469,-7.0726582378]}},
{"type":"Feature","properties":{"fid":1522,"proprietario":"Clube Médico Da Paraíba (campo De Futebol)","orgao":"DNOCS","data_perfuracao":"2000-01-04","profundidade":10.0,"q_m3h":1.0,"equipamento":null,"municipio":"João Pessoa","microregiao":"João Pessoa","mesoregiao":"Litoral Paraibano"},"geometry":{"type":"Point","coordinates":[-34.8325632537,-7.0725749033]}},
{"type":"Feature","properties":{"fid":1523,"proprietario":"Sitio Pé Branco","orgao":"DNOCS","data_perfuracao":"2000-01-04","profundidade":10.0,"q_m3h":1.53,"equipamento":null,"municipio":"Santa Helena","microregiao":"Cajazeiras","mesoregiao":"Sertão Paraibano"},"geometry":{"type":"Point","coordinates":[-38.6085104303,-6.7449697099]}},
{"type":"Feature","properties":{"fid":1524,"proprietario":"Ficamp","orgao":"DNOCS","data_perfuracao":"1996-11-01","profundidade":100.0,"q_m3h":12.5,"equipamento":null,"municipio":"Conde","microregiao":"João Pessoa","mesoregiao":"Litoral Paraibano"},"geometry":{"type":"Point","coordinates":[-34.9336476246,-7.2504095946]}},
{"type":"Feature","properties":{"fid":1525,"proprietario":"Lechef","orgao":"DNOCS","data_perfuracao":"1996-11-01","profundidade":80.0,"q_m3h":6.0,"equipamento":null,"municipio":"Alhandra","microregiao":"Litoral Sul","mesoregiao":"Litoral Paraibano"},"geometry":{"type":"Point","coordinates":[-34.9336476478,-7.2837431948]}},
{"type":"Feature","properties":{"fid":1526,"proprietario":"Fazenda Alhandra","orgao":"DNOCS","data_perfuracao":"1975-08-01","profundidade":244.0,"q_m3h":1.0,"equipamento":null,"municipio":"Alhandra","microregiao":"Litoral Sul","mesoregiao":"Litoral Paraibano"},"geometry":{"type":"Point","coordinates":[-34.9183697737,-7.3440214655]}},
{"type":"Feature","properties":{"fid":1527,"proprietario":"Garapu","orgao":"DNOCS","data_perfuracao":"1975-08-01","profundidade":244.0,"q_m3h":3.0,"equipamento":null,"municipio":"Santa Rita","microregiao":"João Pessoa","mesoregiao":"Litoral Paraibano"},"geometry":{"type":"Point","coordinates":[-34.9169806735,-7.0551302619]}},
{"type":"Feature","properties":{"fid":1528,"proprietario":"Dner","orgao":"DNOCS","data_perfuracao":"1975-08-01","profundidade":100.0,"q_m3h":1.0,"equipamento":null,"municipio":"Conde","microregiao":"João Pessoa","mesoregiao":"Litoral Paraibano"},"geometry":{"type":"Point","coordinates":[-34.8547580292,-7.2626319693]}},
{"type":"Feature","properties":{"fid":1529,"proprietario":"Glaucia Menezes","orgao":"DNOCS","data_perfuracao":"1975-08-01","profundidade":84.0,"q_m3h":2.9,"equipamento":null,"municipio":"Alhandra","microregiao":"Litoral Sul","mesoregiao":"Litoral Paraibano"},"geometry":{"type":"Point","coordinates":[-34.9200364915,-7.395132984]}},
{"type":"Feature","properties":{"fid":1530,"proprietario":"Mata Redonda Ii","orgao":"DNOCS","data_perfuracao":"1975-08-01","profundidade":92.0,"q_m3h":3.0,"equipamento":null,"municipio":"Alhandra","microregiao":"Litoral Sul","mesoregiao":"Litoral Paraibano"},"geometry":{"type":"Point","coordinates":[-34.9475367057,-7.3454103451]}},
{"type":"Feature","properties":{"fid":1531,"proprietario":"Mata Redonda Ii","orgao":"DNOCS","data_perfuracao":"1975-08-01","profundidade":108.0,"q_m3h":40.0,"equipamento":null,"municipio":"Alhandra","microregiao":"Litoral Sul","mesoregiao":"Litoral Paraibano"},"geometry":{"type":"Point","coordinates":[-34.9461478138,-7.359021566]}},
{"type":"Feature","properties":{"fid":1532,"proprietario":"Mata Redonda","orgao":"DNOCS","data_perfuracao":"1975-08-01","profundidade":56.0,"q_m3h":3.0,"equipamento":null,"municipio":"Alhandra","microregiao":"Litoral Sul","mesoregiao":"Litoral Paraibano"},"geometry":{"type":"Point","coordinates":[-34.948647819,-7.3342991444]}},
{"type":"Feature","properties":{"fid":1533,"proprietario":"Cagepa","orgao":"DNOCS","data_perfuracao":"1975-08-01","profundidade":100.0,"q_m3h":49.5,"equipamento":null,"municipio":"Alhandra","microregiao":"Litoral Sul","mesoregiao":"Litoral Paraibano"},"geometry":{"type":"Point","coordinates":[-34.9447589133,-7.3604104669]}},
{"type":"Feature","properties":{"fid":1534,"proprietario":"Nossa Senhora Da Guia","orgao":"DNOCS","data_perfuracao":"1975-08-01","profundidade":90.0,"q_m3h":2.5,"equipamento":null,"municipio":"Alhandra","microregiao":"Litoral Sul","mesoregiao":"Litoral Paraibano"},"geometry":{"type":"Point","coordinates":[-34.9447588887,-7.3254101871]}},
{"type":"Feature","properties":{"fid":1535,"proprietario":"Fibrasa","orgao":"DNOCS","data_perfuracao":"1975-08-01","profundidade":160.0,"q_m3h":7.2,"equipamento":null,"municipio":"Bayeux","microregiao":"João Pessoa","mesoregiao":"Litoral Paraibano"},"geometry":{"type":"Point","coordinates":[-34.9294808353,-7.1267974955]}},
{"type":"Feature","properties":{"fid":1536,"proprietario":"Viação Rio Tinto","orgao":"DNOCS","data_perfuracao":"1975-08-01","profundidade":26.0,"q_m3h":6.0,"equipamento":null,"municipio":"Bayeux","microregiao":"João Pessoa","mesoregiao":"Litoral Paraibano"},"geometry":{"type":"Point","coordinates":[-34.9233696664,-7.1231863596]}},
{"type":"Feature","properties":{"fid":1537,"proprietario":"Granja Guanabara","orgao":"DNOCS","data_perfuracao":"1975-08-01","profundidade":35.0,"q_m3h":20.0,"equipamento":null,"municipio":"Bayeux","microregiao":"João Pessoa","mesoregiao":"Litoral Paraibano"},"geometry":{"type":"Point","coordinates":[-34.9211474372,-7.1426309616]}},
{"type":"Feature","properties":{"fid":1538,"proprietario":"Andorra Motel","orgao":"DNOCS","data_perfuracao":"1975-08-01","profundidade":26.0,"q_m3h":3.0,"equipamento":null,"municipio":"Bayeux","microregiao":"João Pessoa","mesoregiao":"Litoral Paraibano"},"geometry":{"type":"Point","coordinates":[-34.9260363574,-7.1234641378]}},
{"type":"Feature","properties":{"fid":1539,"proprietario":"Horto Florestal","orgao":"DNOCS","data_perfuracao":"1975-08-01","profundidade":55.0,"q_m3h":4.2,"equipamento":null,"municipio":"Bayeux","microregiao":"João Pessoa","mesoregiao":"Litoral Paraibano"},"geometry":{"type":"Point","coordinates":[-34.921980777,-7.140964281]}},
{"type":"Feature","properties":{"fid":1540,"proprietario":"Hospital São Domingos","orgao":"DNOCS","data_perfuracao":"1975-08-01","profundidade":79.0,"q_m3h":13.2,"equipamento":null,"municipio":"Bayeux","microregiao":"João Pessoa","mesoregiao":"Litoral Paraibano"},"geometry":{"type":"Point","coordinates":[-34.9197585235,-7.1245752621]}},
{"type":"Feature","properties":{"fid":1541,"proprietario":"Leprosario","orgao":"DNOCS","data_perfuracao":"1975-08-01","profundidade":160.0,"q_m3h":20.0,"equipamento":null,"municipio":"Bayeux","microregiao":"João Pessoa","mesoregiao":"Litoral Paraibano"},"geometry":{"type":"Point","coordinates":[-34.9258697072,-7.1498532385]}},
{"type":"Feature","properties":{"fid":1542,"proprietario":"Mario Andreazza I","orgao":"DNOCS","data_perfuracao":"1975-08-01","profundidade":147.0,"q_m3h":20.0,"equipamento":null,"municipio":"Bayeux","microregiao":"João Pessoa","mesoregiao":"Litoral Paraibano"},"geometry":{"type":"Point","coordinates":[-34.9175362974,-7.1484643442]}},
{"type":"Feature","properties":{"fid":1543,"proprietario":"Motel Maravalha","orgao":"DNOCS","data_perfuracao":"1975-08-01","profundidade":28.0,"q_m3h":3.0,"equipamento":null,"municipio":"Bayeux","microregiao":"João Pessoa","mesoregiao":"Litoral Paraibano"},"geometry":{"type":"Point","coordinates":[-34.9189251815,-7.1229085826]}},
{"type":"Feature","properties":{"fid":1544,"proprietario":"N.n.p.gasol","orgao":"DNOCS","data_perfuracao":"1975-08-01","profundidade":84.0,"q_m3h":2.0,"equipamento":null,"municipio":"Bayeux","microregiao":"João Pessoa","mesoregiao":"Litoral Paraibano"},"geometry":{"type":"Point","coordinates":[-34.9358697847,-7.1306864113]}},
{"type":"Feature","properties":{"fid":1545,"proprietario":"Padiesel","orgao":"DNOCS","data_perfuracao":"1975-08-01","profundidade":65.0,"q_m3h":12.0,"equipamento":null,"municipio":"Bayeux","microregiao":"João Pessoa","mesoregiao":"Litoral Paraibano"},"geometry":{"type":"Point","coordinates":[-34.9200363168,-7.1437420824]}},
{"type":"Feature","properties":{"fid":1546,"proprietario":"Posto Padre Cicero","orgao":"DNOCS","data_perfuracao":"1975-08-01","profundidade":127.0,"q_m3h":17.0,"equipamento":null,"municipio":"Bayeux","microregiao":"João Pessoa","mesoregiao":"Litoral Paraibano"},"geometry":{"type":"Point","coordinates":[-34.9317030827,-7.1342975542]}},
{"type":"Feature","properties":{"fid":1547,"proprietario":"Posto São Cristovão","orgao":"DNOCS","data_perfuracao":"1975-08-01","profundidade":25.0,"q_m3h":3.0,"equipamento":null,"municipio":"Bayeux","microregiao":"João Pessoa","mesoregiao":"Litoral Paraibano"},"geometry":{"type":"Point","coordinates":[-34.9292030544,-7.1259641557]}},
{"type":"Feature","properties":{"fid":1548,"proprietario":"Posto São Paulo","orgao":"DNOCS","data_perfuracao":"1975-08-01","profundidade":10.0,"q_m3h":3.0,"equipamento":null,"municipio":"Bayeux","microregiao":"João Pessoa","mesoregiao":"Litoral Paraibano"},"geometry":{"type":"Point","coordinates":[-34.9114251124,-7.1212419077]}},
{"type":"Feature","properties":{"fid":1549,"proprietario":"Posto São José","orgao":"DNOCS","data_perfuracao":"1975-08-01","profundidade":9.0,"q_m3h":3.0,"equipamento":null,"municipio":"Bayeux","microregiao":"João Pessoa","mesoregiao":"Litoral Paraibano"},"geometry":{"type":"Point","coordinates":[-34.9142029163,-7.1226308058]}},
{"type":"Feature","properties":{"fid":1550,"proprietario":"Posto Sta. Rosa","orgao":"DNOCS","data_perfuracao":"1975-08-01","profundidade":28.0,"q_m3h":3.0,"equipamento":null,"municipio":"Bayeux","microregiao":"João Pessoa","mesoregiao":"Litoral Paraibano"},"geometry":{"type":"Point","coordinates":[-34.9064250665,-7.120408571]}},
{"type":"Feature","properties":{"fid":1551,"proprietario":"Posto Ind. P","orgao":"DNOCS","data_perfuracao":"1975-08-01","profundidade":64.0,"q_m3h":6.0,"equipamento":null,"municipio":"Baía da Traição","microregiao":"Litoral Norte","mesoregiao":"Litoral Paraibano"},"geometry":{"type":"Point","coordinates":[-34.9550363228,-6.6726271554]}},
{"type":"Feature","properties":{"fid":1552,"proprietario":"São Francisco","orgao":"DNOCS","data_perfuracao":"1975-08-01","profundidade":60.0,"q_m3h":20.0,"equipamento":null,"municipio":"Baía da Traição","microregiao":"Litoral Norte","mesoregiao":"Litoral Paraibano"},"geometry":{"type":"Point","coordinates":[-34.9894810657,-6.6520714119]}},
{"type":"Feature","properties":{"fid":1553,"proprietario":"Sede","orgao":"DNOCS","data_perfuracao":"1975-08-01","profundidade":73.0,"q_m3h":12.0,"equipamento":null,"municipio":"Baía da Traição","microregiao":"Litoral Norte","mesoregiao":"Litoral Paraibano"},"geometry":{"type":"Point","coordinates":[-34.9503140637,-6.6817938992]}},
{"type":"Feature","properties":{"fid":1554,"proprietario":"Alto Da Boa Vista","orgao":"DNOCS","data_perfuracao":"1975-08-01","profundidade":282.0,"q_m3h":79.0,"equipamento":null,"municipio":"Bayeux","microregiao":"João Pessoa","mesoregiao":"Litoral Paraibano"},"geometry":{"type":"Point","coordinates":[-34.9411476129,-7.1345753278]}},
{"type":"Feature","properties":{"fid":1555,"proprietario":"Cagepa","orgao":"DNOCS","data_perfuracao":"1975-08-01","profundidade":300.0,"q_m3h":160.0,"equipamento":null,"municipio":"Bayeux","microregiao":"João Pessoa","mesoregiao":"Litoral Paraibano"},"geometry":{"type":"Point","coordinates":[-34.9415115066,-7.1368086788]}},
{"type":"Feature","properties":{"fid":1556,"proprietario":"Fibrasa","orgao":"DNOCS","data_perfuracao":"1975-08-01","profundidade":108.0,"q_m3h":7.2,"equipamento":null,"municipio":"Bayeux","microregiao":"João Pessoa","mesoregiao":"Litoral Paraibano"},"geometry":{"type":"Point","coordinates":[-34.9282030457,-7.1264641604]}},
{"type":"Feature","properties":{"fid":1557,"proprietario":"Fibrasa Ii","orgao":"DNOCS","data_perfuracao":"1975-08-01","profundidade":160.0,"q_m3h":7.2,"equipamento":null,"municipio":"Bayeux","microregiao":"João Pessoa","mesoregiao":"Litoral Paraibano"},"geometry":{"type":"Point","coordinates":[-34.9282030457,-7.1264919384]}},
{"type":"Feature","properties":{"fid":1558,"proprietario":"Bayeux","orgao":"DNOCS","data_perfuracao":"1975-08-01","profundidade":170.0,"q_m3h":52.8,"equipamento":null,"municipio":"Bayeux","microregiao":"João Pessoa","mesoregiao":"Litoral Paraibano"},"geometry":{"type":"Point","coordinates":[-34.936425342,-7.1259641508]}},
{"type":"Feature","properties":{"fid":1559,"proprietario":"Bayeux","orgao":"DNOCS","data_perfuracao":"1975-08-01","profundidade":225.0,"q_m3h":177.4,"equipamento":null,"municipio":"Bayeux","microregiao":"João Pessoa","mesoregiao":"Litoral Paraibano"},"geometry":{"type":"Point","coordinates":[-34.9372586846,-7.1284641703]}},
{"type":"Feature","properties":{"fid":1560,"proprietario":"Bayeux Iii","orgao":"DNOCS","data_perfuracao":"1975-08-01","profundidade":206.0,"q_m3h":112.3,"equipamento":null,"municipio":"Santa Rita","microregiao":"João Pessoa","mesoregiao":"Litoral Paraibano"},"geometry":{"type":"Point","coordinates":[-34.9417031661,-7.1237419072]}},
{"type":"Feature","properties":{"fid":1561,"proprietario":"Bayeux Iv","orgao":"DNOCS","data_perfuracao":"1975-08-01","profundidade":252.0,"q_m3h":39.6,"equipamento":null,"municipio":"Bayeux","microregiao":"João Pessoa","mesoregiao":"Litoral Paraibano"},"geometry":{"type":"Point","coordinates":[-34.9336475387,-7.1254085927]}},
{"type":"Feature","properties":{"fid":1562,"proprietario":"Br 101/ Km = 103","orgao":"DNOCS","data_perfuracao":"1975-08-01","profundidade":10.0,"q_m3h":3.0,"equipamento":null,"municipio":"Bayeux","microregiao":"João Pessoa","mesoregiao":"Litoral Paraibano"},"geometry":{"type":"Point","coordinates":[-34.9244807998,-7.1412420593]}},
{"type":"Feature","properties":{"fid":1563,"proprietario":"Cobal","orgao":"DNOCS","data_perfuracao":"1975-08-01","profundidade":71.0,"q_m3h":14.4,"equipamento":null,"municipio":"Alhandra","microregiao":"Litoral Sul","mesoregiao":"Litoral Paraibano"},"geometry":{"type":"Point","coordinates":[-34.9700369017,-7.3342991294]}},
{"type":"Feature","properties":{"fid":1564,"proprietario":"Prefeitura Municipal De Alhandra","orgao":"DNOCS","data_perfuracao":"1975-08-01","profundidade":107.0,"q_m3h":8.0,"equipamento":null,"municipio":"Alhandra","microregiao":"Litoral Sul","mesoregiao":"Litoral Paraibano"},"geometry":{"type":"Point","coordinates":[-34.9183420603,-7.4355221968]}},
{"type":"Feature","properties":{"fid":1565,"proprietario":"Prefeitura Municipal De Alhandra","orgao":"DNOCS","data_perfuracao":"1975-08-01","profundidade":36.0,"q_m3h":4.0,"equipamento":null,"municipio":"Alhandra","microregiao":"Litoral Sul","mesoregiao":"Litoral Paraibano"},"geometry":{"type":"Point","coordinates":[-34.9127031236,-7.4401055707]}},
{"type":"Feature","properties":{"fid":1566,"proprietario":"Prefeitura Municipal De Baia Da Taição  (funai)","orgao":"DNOCS","data_perfuracao":"1975-08-01","profundidade":90.0,"q_m3h":12.0,"equipamento":null,"municipio":"Baía da Traição","microregiao":"Litoral Norte","mesoregiao":"Litoral Paraibano"},"geometry":{"type":"Point","coordinates":[-34.9947589096,-6.6809605307]}},
{"type":"Feature","properties":{"fid":1567,"proprietario":"José Antonio Da Silva","orgao":"DNOCS","data_perfuracao":"1975-08-01","profundidade":50.0,"q_m3h":15.0,"equipamento":null,"municipio":"Alhandra","microregiao":"Litoral Sul","mesoregiao":"Litoral Paraibano"},"geometry":{"type":"Point","coordinates":[-34.9095641667,-7.3843551275]}},
{"type":"Feature","properties":{"fid":1568,"proprietario":"Prefeitura Municipal De Alhandra","orgao":"DNOCS","data_perfuracao":"1975-08-01","profundidade":92.0,"q_m3h":1.5,"equipamento":null,"municipio":"Alhandra","microregiao":"Litoral Sul","mesoregiao":"Litoral Paraibano"},"geometry":{"type":"Point","coordinates":[-34.9029808082,-7.4330221877]}},
{"type":"Feature","properties":{"fid":1569,"proprietario":"Comunidade Indigena De Laranjeiras I","orgao":"DNOCS","data_perfuracao":"1975-08-01","profundidade":36.0,"q_m3h":2.4,"equipamento":null,"municipio":"Baía da Traição","microregiao":"Litoral Norte","mesoregiao":"Litoral Paraibano"},"geometry":{"type":"Point","coordinates":[-34.9952866899,-6.6772938341]}},
{"type":"Feature","properties":{"fid":1570,"proprietario":"Comunidade Indigena De Santa Rita","orgao":"DNOCS","data_perfuracao":"1975-08-01","profundidade":10.0,"q_m3h":10.0,"equipamento":null,"municipio":"Baía da Traição","microregiao":"Litoral Norte","mesoregiao":"Litoral Paraibano"},"geometry":{"type":"Point","coordinates":[-35.0003700634,-6.6682382022]}},
{"type":"Feature","properties":{"fid":1571,"proprietario":"Fundap","orgao":"DNOCS","data_perfuracao":"1975-08-01","profundidade":100.0,"q_m3h":4.0,"equipamento":null,"municipio":"Caaporã","microregiao":"Litoral Sul","mesoregiao":"Litoral Paraibano"},"geometry":{"type":"Point","coordinates":[-34.902536377,-7.4573557157]}},
{"type":"Feature","properties":{"fid":1572,"proprietario":"Prefeitura Municipal De Caaporã","orgao":"DNOCS","data_perfuracao":"1975-08-01","profundidade":68.0,"q_m3h":1.5,"equipamento":null,"municipio":"Caaporã","microregiao":"Litoral Sul","mesoregiao":"Litoral Paraibano"},"geometry":{"type":"Point","coordinates":[-34.9489257023,-7.4795780822]}},
{"type":"Feature","properties":{"fid":1573,"proprietario":"Cagepa","orgao":"DNOCS","data_perfuracao":"1975-08-01","profundidade":263.0,"q_m3h":91.9,"equipamento":null,"municipio":"Caaporã","microregiao":"Litoral Sul","mesoregiao":"Litoral Paraibano"},"geometry":{"type":"Point","coordinates":[-34.914369858,-7.5136894901]}},
{"type":"Feature","properties":{"fid":1574,"proprietario":"Cagepa","orgao":"DNOCS","data_perfuracao":"1975-08-01","profundidade":220.0,"q_m3h":113.1,"equipamento":null,"municipio":"Caaporã","microregiao":"Litoral Sul","mesoregiao":"Litoral Paraibano"},"geometry":{"type":"Point","coordinates":[-34.9255366234,-7.5102172322]}},
{"type":"Feature","properties":{"fid":1575,"proprietario":"Procanor","orgao":"DNOCS","data_perfuracao":"1982-11-01","profundidade":125.0,"q_m3h":7.3,"equipamento":null,"municipio":"Caaporã","microregiao":"Litoral Sul","mesoregiao":"Litoral Paraibano"},"geometry":{"type":"Point","coordinates":[-34.9169810026,-7.5273562639]}},
{"type":"Feature","properties":{"fid":1576,"proprietario":"Cagepa","orgao":"EXERCITO","data_perfuracao":"1985-04-01","profundidade":310.0,"q_m3h":180.0,"equipamento":null,"municipio":"Cabedelo","microregiao":"João Pessoa","mesoregiao":"Litoral Paraibano"},"geometry":{"type":"Point","coordinates":[-34.8328131883,-6.9715185345]}},
{"type":"Feature","properties":{"fid":1577,"proprietario":"Condôminios","orgao":"DNOCS","data_perfuracao":"1984-11-01","profundidade":120.0,"q_m3h":7.2,"equipamento":null,"municipio":"Pitimbu","microregiao":"Litoral Sul","mesoregiao":"Litoral Paraibano"},"geometry":{"type":"Point","coordinates":[-34.8469691525,-7.3811301457]}},
{"type":"Feature","properties":{"fid":1578,"proprietario":"Condôminos","orgao":"DNOCS","data_perfuracao":"1985-04-01","profundidade":120.0,"q_m3h":7.2,"equipamento":null,"municipio":"Cabedelo","microregiao":"João Pessoa","mesoregiao":"Litoral Paraibano"},"geometry":{"type":"Point","coordinates":[-34.8469689231,-7.0477941388]}},
{"type":"Feature","properties":{"fid":1579,"proprietario":"Cagepa","orgao":"DNOCS","data_perfuracao":"1973-01-12","profundidade":101.0,"q_m3h":35.0,"equipamento":null,"municipio":"Cabedelo","microregiao":"João Pessoa","mesoregiao":"Litoral Paraibano"},"geometry":{"type":"Point","coordinates":[-34.8518134399,-7.090019475]}},
{"type":"Feature","properties":{"fid":1580,"proprietario":"Cagepa","orgao":"DNOCS","data_perfuracao":"1979-09-21","profundidade":103.0,"q_m3h":60.0,"equipamento":null,"municipio":"Cabedelo","microregiao":"João Pessoa","mesoregiao":"Litoral Paraibano"},"geometry":{"type":"Point","coordinates":[-34.8423688691,-7.0294356609]}},
{"type":"Feature","properties":{"fid":1581,"proprietario":"Cagepa","orgao":"DNOCS","data_perfuracao":"1970-01-01","profundidade":226.0,"q_m3h":142.0,"equipamento":null,"municipio":"Cabedelo","microregiao":"João Pessoa","mesoregiao":"Litoral Paraibano"},"geometry":{"type":"Point","coordinates":[-34.8305909454,-6.9706851959]}},
{"type":"Feature","properties":{"fid":1582,"proprietario":"Cagepa","orgao":"DNOCS","data_perfuracao":"1970-11-01","profundidade":235.0,"q_m3h":117.0,"equipamento":null,"municipio":"Cabedelo","microregiao":"João Pessoa","mesoregiao":"Litoral Paraibano"},"geometry":{"type":"Point","coordinates":[-34.832879856,-6.9720518721]}},
{"type":"Feature","properties":{"fid":1583,"proprietario":"Cagepa","orgao":"DNOCS","data_perfuracao":"1987-10-14","profundidade":33.0,"q_m3h":16.9,"equipamento":null,"municipio":"Cabedelo","microregiao":"João Pessoa","mesoregiao":"Litoral Paraibano"},"geometry":{"type":"Point","coordinates":[-34.8400355099,-7.0223522722]}},
{"type":"Feature","properties":{"fid":1584,"proprietario":"Cagepa","orgao":"DNOCS","data_perfuracao":"1987-11-16","profundidade":77.0,"q_m3h":23.3,"equipamento":null,"municipio":"Cabedelo","microregiao":"João Pessoa","mesoregiao":"Litoral Paraibano"},"geometry":{"type":"Point","coordinates":[-34.8405910718,-7.0242967319]}},
{"type":"Feature","properties":{"fid":1585,"proprietario":"Cagepa","orgao":"DNOCS","data_perfuracao":"1984-09-12","profundidade":285.0,"q_m3h":88.0,"equipamento":null,"municipio":"Cabedelo","microregiao":"João Pessoa","mesoregiao":"Litoral Paraibano"},"geometry":{"type":"Point","coordinates":[-34.8308687496,-7.0065188175]}},
{"type":"Feature","properties":{"fid":1586,"proprietario":"Cagepa","orgao":"DNOCS","data_perfuracao":"1970-01-19","profundidade":138.0,"q_m3h":38.0,"equipamento":null,"municipio":"Cabedelo","microregiao":"João Pessoa","mesoregiao":"Litoral Paraibano"},"geometry":{"type":"Point","coordinates":[-34.8286465068,-7.005963259]}},
{"type":"Feature","properties":{"fid":1587,"proprietario":"Cagepa","orgao":"DNOCS","data_perfuracao":"1987-10-09","profundidade":48.0,"q_m3h":14.4,"equipamento":null,"municipio":"Cabedelo","microregiao":"João Pessoa","mesoregiao":"Litoral Paraibano"},"geometry":{"type":"Point","coordinates":[-34.8278131659,-7.0059632596]}},
{"type":"Feature","properties":{"fid":1588,"proprietario":"Cagepa","orgao":"DNOCS","data_perfuracao":"1978-12-01","profundidade":250.0,"q_m3h":158.4,"equipamento":null,"municipio":"Cabedelo","microregiao":"João Pessoa","mesoregiao":"Litoral Paraibano"},"geometry":{"type":"Point","coordinates":[-34.8325354082,-6.9717963147]}},
{"type":"Feature","properties":{"fid":1589,"proprietario":"Cagepa","orgao":"DNOCS","data_perfuracao":"1978-12-01","profundidade":250.0,"q_m3h":158.4,"equipamento":null,"municipio":"Cabedelo","microregiao":"João Pessoa","mesoregiao":"Litoral Paraibano"},"geometry":{"type":"Point","coordinates":[-34.8305909574,-6.9887408969]}},
{"type":"Feature","properties":{"fid":1590,"proprietario":"Cagepa","orgao":"DNOCS","data_perfuracao":"1979-05-01","profundidade":102.0,"q_m3h":100.0,"equipamento":null,"municipio":"Cabedelo","microregiao":"João Pessoa","mesoregiao":"Litoral Paraibano"},"geometry":{"type":"Point","coordinates":[-34.8486467411,-7.084852769]}},
{"type":"Feature","properties":{"fid":1591,"proprietario":"Cagepa","orgao":"DNOCS","data_perfuracao":"2001-01-01","profundidade":10.0,"q_m3h":3.5,"equipamento":null,"municipio":"Cabedelo","microregiao":"João Pessoa","mesoregiao":"Litoral Paraibano"},"geometry":{"type":"Point","coordinates":[-34.8305909806,-7.0234633985]}},
{"type":"Feature","properties":{"fid":1592,"proprietario":"Cagepa","orgao":"DNOCS","data_perfuracao":"1988-01-14","profundidade":55.0,"q_m3h":36.0,"equipamento":null,"municipio":"Cabedelo","microregiao":"João Pessoa","mesoregiao":"Litoral Paraibano"},"geometry":{"type":"Point","coordinates":[-34.8342021226,-7.020685596]}},
{"type":"Feature","properties":{"fid":1593,"proprietario":"Cristovão Farias Motinegro","orgao":"DNOCS","data_perfuracao":"2002-06-01","profundidade":92.0,"q_m3h":11.2,"equipamento":null,"municipio":"Alhandra","microregiao":"Litoral Sul","mesoregiao":"Litoral Paraibano"},"geometry":{"type":"Point","coordinates":[-34.8628137147,-7.3442992844]}},
{"type":"Feature","properties":{"fid":1594,"proprietario":"Incra","orgao":"DNOCS","data_perfuracao":"1998-06-01","profundidade":170.0,"q_m3h":15.0,"equipamento":null,"municipio":"Conde","microregiao":"João Pessoa","mesoregiao":"Litoral Paraibano"},"geometry":{"type":"Point","coordinates":[-34.8430912592,-7.2662431174]}},
{"type":"Feature","properties":{"fid":1595,"proprietario":"N.d. Medeiros","orgao":"DNOCS","data_perfuracao":"1973-12-23","profundidade":120.0,"q_m3h":4.0,"equipamento":null,"municipio":"Conde","microregiao":"João Pessoa","mesoregiao":"Litoral Paraibano"},"geometry":{"type":"Point","coordinates":[-34.905036237,-7.2254094141]}},
{"type":"Feature","properties":{"fid":1596,"proprietario":"J. F. Da Silva","orgao":"DNOCS","data_perfuracao":"1980-09-20","profundidade":53.0,"q_m3h":20.0,"equipamento":null,"municipio":"Conde","microregiao":"João Pessoa","mesoregiao":"Litoral Paraibano"},"geometry":{"type":"Point","coordinates":[-34.902536212,-7.2220760558]}},
{"type":"Feature","properties":{"fid":1597,"proprietario":"Conpel","orgao":"DNOCS","data_perfuracao":"1970-01-01","profundidade":110.0,"q_m3h":45.0,"equipamento":null,"municipio":"Conde","microregiao":"João Pessoa","mesoregiao":"Litoral Paraibano"},"geometry":{"type":"Point","coordinates":[-34.916425225,-7.2195760262]}},
{"type":"Feature","properties":{"fid":1598,"proprietario":"E.i. De Brito","orgao":"DNOCS","data_perfuracao":"1976-06-01","profundidade":72.0,"q_m3h":2.4,"equipamento":null,"municipio":"Conde","microregiao":"João Pessoa","mesoregiao":"Litoral Paraibano"},"geometry":{"type":"Point","coordinates":[-34.9178141296,-7.2240205053]}},
{"type":"Feature","properties":{"fid":1599,"proprietario":"Esmerino De Brito","orgao":"DNOCS","data_perfuracao":"1980-09-27","profundidade":53.0,"q_m3h":20.0,"equipamento":null,"municipio":"Conde","microregiao":"João Pessoa","mesoregiao":"Litoral Paraibano"},"geometry":{"type":"Point","coordinates":[-34.8919806099,-7.2929099638]}},
{"type":"Feature","properties":{"fid":1600,"proprietario":"Miguel L. Ramos","orgao":"DNOCS","data_perfuracao":"1993-11-01","profundidade":134.0,"q_m3h":60.0,"equipamento":null,"municipio":"João Pessoa","microregiao":"João Pessoa","mesoregiao":"Litoral Paraibano"},"geometry":{"type":"Point","coordinates":[-34.8686469794,-7.168742318]}},
{"type":"Feature","properties":{"fid":1601,"proprietario":"Antônio Carlos","orgao":"DNOCS","data_perfuracao":"1990-08-11","profundidade":78.0,"q_m3h":4.0,"equipamento":null,"municipio":"Conde","microregiao":"João Pessoa","mesoregiao":"Litoral Paraibano"},"geometry":{"type":"Point","coordinates":[-34.9292031341,-7.2420761976]}},
{"type":"Feature","properties":{"fid":1602,"proprietario":"Fundap","orgao":"DNOCS","data_perfuracao":"1990-08-11","profundidade":1.0,"q_m3h":10.3,"equipamento":null,"municipio":"Conde","microregiao":"João Pessoa","mesoregiao":"Litoral Paraibano"},"geometry":{"type":"Point","coordinates":[-34.8497579898,-7.2712431529]}},
{"type":"Feature","properties":{"fid":1603,"proprietario":"Incra","orgao":"DNOCS","data_perfuracao":"1977-12-10","profundidade":65.0,"q_m3h":3.0,"equipamento":null,"municipio":"Pitimbu","microregiao":"Litoral Sul","mesoregiao":"Litoral Paraibano"},"geometry":{"type":"Point","coordinates":[-34.8597581332,-7.3467993065]}},
{"type":"Feature","properties":{"fid":1604,"proprietario":"Prefeitura/procanor","orgao":"DNOCS","data_perfuracao":"1984-05-01","profundidade":128.0,"q_m3h":16.5,"equipamento":null,"municipio":"Conde","microregiao":"João Pessoa","mesoregiao":"Litoral Paraibano"},"geometry":{"type":"Point","coordinates":[-34.8661470054,-7.2395762211]}},
{"type":"Feature","properties":{"fid":1605,"proprietario":"Prefeitura Municipal Do Conde","orgao":"DNOCS","data_perfuracao":"1989-05-01","profundidade":129.0,"q_m3h":5.5,"equipamento":null,"municipio":"Conde","microregiao":"João Pessoa","mesoregiao":"Litoral Paraibano"},"geometry":{"type":"Point","coordinates":[-34.8653136822,-7.265131982]}},
{"type":"Feature","properties":{"fid":1606,"proprietario":"Prefeitura Municipal Do Conde","orgao":"DNOCS","data_perfuracao":"1984-03-12","profundidade":76.0,"q_m3h":1.0,"equipamento":null,"municipio":"Conde","microregiao":"João Pessoa","mesoregiao":"Litoral Paraibano"},"geometry":{"type":"Point","coordinates":[-34.8661470018,-7.234298401]}},
{"type":"Feature","properties":{"fid":1607,"proprietario":"Diógenes Martins","orgao":"DNOCS","data_perfuracao":"1993-01-11","profundidade":100.0,"q_m3h":4.5,"equipamento":null,"municipio":"Conde","microregiao":"João Pessoa","mesoregiao":"Litoral Paraibano"},"geometry":{"type":"Point","coordinates":[-34.9275364531,-7.2431873188]}},
{"type":"Feature","properties":{"fid":1608,"proprietario":"Sr. Luiz","orgao":"DNOCS","data_perfuracao":"1988-09-08","profundidade":5.0,"q_m3h":25.6,"equipamento":null,"municipio":"Conde","microregiao":"João Pessoa","mesoregiao":"Litoral Paraibano"},"geometry":{"type":"Point","coordinates":[-34.9219808538,-7.2526318427]}},
{"type":"Feature","properties":{"fid":1609,"proprietario":"Sr. Luiz","orgao":"DNOCS","data_perfuracao":"1989-03-14","profundidade":9.0,"q_m3h":25.7,"equipamento":null,"municipio":"Conde","microregiao":"João Pessoa","mesoregiao":"Litoral Paraibano"},"geometry":{"type":"Point","coordinates":[-34.9219808542,-7.2531874027]}},
{"type":"Feature","properties":{"fid":1610,"proprietario":"Sr. Luiz","orgao":"DNOCS","data_perfuracao":"1989-03-14","profundidade":9.0,"q_m3h":25.7,"equipamento":null,"municipio":"Conde","microregiao":"João Pessoa","mesoregiao":"Litoral Paraibano"},"geometry":{"type":"Point","coordinates":[-34.9219808534,-7.2520762827]}},
{"type":"Feature","properties":{"fid":1611,"proprietario":"Fsesp","orgao":"DNOCS","data_perfuracao":"1979-07-09","profundidade":130.0,"q_m3h":10.0,"equipamento":null,"municipio":"Conde","microregiao":"João Pessoa","mesoregiao":"Litoral Paraibano"},"geometry":{"type":"Point","coordinates":[-34.905869603,-7.2617985939]}},
{"type":"Feature","properties":{"fid":1612,"proprietario":"Condominío Maison Tambaú","orgao":"DNOCS","data_perfuracao":"2001-06-19","profundidade":120.0,"q_m3h":5.0,"equipamento":null,"municipio":"João Pessoa","microregiao":"João Pessoa","mesoregiao":"Litoral Paraibano"},"geometry":{"type":"Point","coordinates":[-34.8298410375,-7.1181030489]}},
{"type":"Feature","properties":{"fid":1613,"proprietario":"João Honório Pereira","orgao":"DNOCS","data_perfuracao":"1995-01-01","profundidade":19.0,"q_m3h":2.5,"equipamento":null,"municipio":"Cruz do Espírito Santo","microregiao":"Sapé","mesoregiao":"Litoral Paraibano"},"geometry":{"type":"Point","coordinates":[-35.0728154587,-7.1163806478]}},
{"type":"Feature","properties":{"fid":1614,"proprietario":"Procanor","orgao":"DNOCS","data_perfuracao":"1982-09-02","profundidade":28.0,"q_m3h":1.0,"equipamento":null,"municipio":"Cruz do Espírito Santo","microregiao":"Sapé","mesoregiao":"Litoral Paraibano"},"geometry":{"type":"Point","coordinates":[-35.0675376223,-7.1004083012]}},
{"type":"Feature","properties":{"fid":1615,"proprietario":"Aldeia S.o.s. Paraíba","orgao":"DNOCS","data_perfuracao":"2005-03-02","profundidade":50.0,"q_m3h":20.3,"equipamento":null,"municipio":"João Pessoa","microregiao":"João Pessoa","mesoregiao":"Litoral Paraibano"},"geometry":{"type":"Point","coordinates":[-34.8333688778,-7.1629089619]}},
{"type":"Feature","properties":{"fid":1616,"proprietario":"Péricles Vilhena","orgao":"DNOCS","data_perfuracao":"1989-07-02","profundidade":63.0,"q_m3h":3.1,"equipamento":null,"municipio":"João Pessoa","microregiao":"João Pessoa","mesoregiao":"Litoral Paraibano"},"geometry":{"type":"Point","coordinates":[-34.827813252,-7.1337420648]}},
{"type":"Feature","properties":{"fid":1617,"proprietario":"Gilberto Ribeiro Coutinho","orgao":"DNOCS","data_perfuracao":"1989-08-02","profundidade":61.0,"q_m3h":2.0,"equipamento":null,"municipio":"João Pessoa","microregiao":"João Pessoa","mesoregiao":"Litoral Paraibano"},"geometry":{"type":"Point","coordinates":[-34.8283688128,-7.1340198444]}},
{"type":"Feature","properties":{"fid":1618,"proprietario":"Odilnon Ribeiro Coutinho","orgao":"DNOCS","data_perfuracao":"1989-08-02","profundidade":60.0,"q_m3h":2.0,"equipamento":null,"municipio":"João Pessoa","microregiao":"João Pessoa","mesoregiao":"Litoral Paraibano"},"geometry":{"type":"Point","coordinates":[-34.8283688015,-7.1173530438]}},
{"type":"Feature","properties":{"fid":1619,"proprietario":"Sertec","orgao":"DNOCS","data_perfuracao":"2002-05-02","profundidade":72.0,"q_m3h":10.0,"equipamento":null,"municipio":"João Pessoa","microregiao":"João Pessoa","mesoregiao":"Litoral Paraibano"},"geometry":{"type":"Point","coordinates":[-34.9311475575,-7.1859646356]}},
{"type":"Feature","properties":{"fid":1620,"proprietario":"Brasauto","orgao":"DNOCS","data_perfuracao":"1995-02-02","profundidade":140.0,"q_m3h":12.0,"equipamento":null,"municipio":"João Pessoa","microregiao":"João Pessoa","mesoregiao":"Litoral Paraibano"},"geometry":{"type":"Point","coordinates":[-34.8444800584,-7.1170752529]}},
{"type":"Feature","properties":{"fid":1621,"proprietario":"Governo Do Estado Da Paraíba","orgao":"DNOCS","data_perfuracao":"1990-08-02","profundidade":138.0,"q_m3h":14.4,"equipamento":null,"municipio":"João Pessoa","microregiao":"João Pessoa","mesoregiao":"Litoral Paraibano"},"geometry":{"type":"Point","coordinates":[-34.8464245218,-7.1190197117]}},
{"type":"Feature","properties":{"fid":1622,"proprietario":"Condomínio Residencial Gênova","orgao":"DNOCS","data_perfuracao":"2006-02-02","profundidade":117.0,"q_m3h":6.2,"equipamento":null,"municipio":"João Pessoa","microregiao":"João Pessoa","mesoregiao":"Litoral Paraibano"},"geometry":{"type":"Point","coordinates":[-34.8380522141,-7.1048029364]}},
{"type":"Feature","properties":{"fid":1623,"proprietario":"Condomínio Residencial Hannover","orgao":"DNOCS","data_perfuracao":"2006-02-02","profundidade":116.0,"q_m3h":7.2,"equipamento":null,"municipio":"João Pessoa","microregiao":"João Pessoa","mesoregiao":"Litoral Paraibano"},"geometry":{"type":"Point","coordinates":[-34.838241102,-7.100777904]}},
{"type":"Feature","properties":{"fid":1624,"proprietario":"Condimínio Residencial Maranata","orgao":"EXERCITO","data_perfuracao":"2006-04-02","profundidade":10.0,"q_m3h":8.5,"equipamento":null,"municipio":"João Pessoa","microregiao":"João Pessoa","mesoregiao":"Litoral Paraibano"},"geometry":{"type":"Point","coordinates":[-34.8396411069,-7.0892666994]}},
{"type":"Feature","properties":{"fid":1625,"proprietario":"Condimínio Residencial Panorâmico","orgao":"DNOCS","data_perfuracao":"2004-12-02","profundidade":10.0,"q_m3h":8.8,"equipamento":null,"municipio":"João Pessoa","microregiao":"João Pessoa","mesoregiao":"Litoral Paraibano"},"geometry":{"type":"Point","coordinates":[-34.832079951,-7.124472543]}},
{"type":"Feature","properties":{"fid":1626,"proprietario":"Condimínio Residencial Portoviejo","orgao":"DNOCS","data_perfuracao":"2005-06-02","profundidade":10.0,"q_m3h":8.6,"equipamento":null,"municipio":"João Pessoa","microregiao":"João Pessoa","mesoregiao":"Litoral Paraibano"},"geometry":{"type":"Point","coordinates":[-34.8343327402,-7.111111323]}},
{"type":"Feature","properties":{"fid":1627,"proprietario":"Condomínio Residencial Príncipe De Micec","orgao":"DNOCS","data_perfuracao":"2005-06-02","profundidade":10.0,"q_m3h":7.2,"equipamento":null,"municipio":"Cabedelo","microregiao":"João Pessoa","mesoregiao":"Litoral Paraibano"},"geometry":{"type":"Point","coordinates":[-34.8467994773,-7.0479941406]}},
{"type":"Feature","properties":{"fid":1628,"proprietario":"Arnosa","orgao":"DNOCS","data_perfuracao":"1981-05-02","profundidade":60.0,"q_m3h":3.5,"equipamento":null,"municipio":"João Pessoa","microregiao":"João Pessoa","mesoregiao":"Litoral Paraibano"},"geometry":{"type":"Point","coordinates":[-34.9067028809,-7.170408972]}},
{"type":"Feature","properties":{"fid":1629,"proprietario":"Imensa","orgao":"DNOCS","data_perfuracao":"1963-02-02","profundidade":9.0,"q_m3h":3.0,"equipamento":null,"municipio":"João Pessoa","microregiao":"João Pessoa","mesoregiao":"Litoral Paraibano"},"geometry":{"type":"Point","coordinates":[-34.8997583738,-7.1706867568]}},
{"type":"Feature","properties":{"fid":1630,"proprietario":"Pedrosa","orgao":"DNOCS","data_perfuracao":"1979-09-02","profundidade":103.0,"q_m3h":21.0,"equipamento":null,"municipio":"João Pessoa","microregiao":"João Pessoa","mesoregiao":"Litoral Paraibano"},"geometry":{"type":"Point","coordinates":[-34.9080918024,-7.1995758716]}},
{"type":"Feature","properties":{"fid":1631,"proprietario":"Toália S/a","orgao":"DNOCS","data_perfuracao":"1972-02-02","profundidade":119.0,"q_m3h":40.0,"equipamento":null,"municipio":"João Pessoa","microregiao":"João Pessoa","mesoregiao":"Litoral Paraibano"},"geometry":{"type":"Point","coordinates":[-34.9103140486,-7.2051314702]}},
{"type":"Feature","properties":{"fid":1632,"proprietario":"Toália S/a","orgao":"DNOCS","data_perfuracao":"1972-06-02","profundidade":120.0,"q_m3h":15.0,"equipamento":null,"municipio":"João Pessoa","microregiao":"João Pessoa","mesoregiao":"Litoral Paraibano"},"geometry":{"type":"Point","coordinates":[-34.909758488,-7.2051314706]}},
{"type":"Feature","properties":{"fid":1633,"proprietario":"Toália S/a","orgao":"DNOCS","data_perfuracao":"1972-01-02","profundidade":120.0,"q_m3h":10.0,"equipamento":null,"municipio":"João Pessoa","microregiao":"João Pessoa","mesoregiao":"Litoral Paraibano"},"geometry":{"type":"Point","coordinates":[-34.9100362679,-7.2045759104]}},
{"type":"Feature","properties":{"fid":1634,"proprietario":"Toália S/a","orgao":"DNOCS","data_perfuracao":"1979-10-02","profundidade":285.0,"q_m3h":72.0,"equipamento":null,"municipio":"João Pessoa","microregiao":"João Pessoa","mesoregiao":"Litoral Paraibano"},"geometry":{"type":"Point","coordinates":[-34.9094807066,-7.2034647907]}},
{"type":"Feature","properties":{"fid":1635,"proprietario":"Polinor","orgao":"DNOCS","data_perfuracao":"1973-02-02","profundidade":122.0,"q_m3h":50.0,"equipamento":null,"municipio":"João Pessoa","microregiao":"João Pessoa","mesoregiao":"Litoral Paraibano"},"geometry":{"type":"Point","coordinates":[-34.9069806855,-7.2056870325]}},
{"type":"Feature","properties":{"fid":1636,"proprietario":"Polinor","orgao":"DNOCS","data_perfuracao":"1973-02-02","profundidade":123.0,"q_m3h":60.0,"equipamento":null,"municipio":"João Pessoa","microregiao":"João Pessoa","mesoregiao":"Litoral Paraibano"},"geometry":{"type":"Point","coordinates":[-34.9072584642,-7.2034647923]}},
{"type":"Feature","properties":{"fid":1637,"proprietario":"Polinor","orgao":"DNOCS","data_perfuracao":"1971-02-02","profundidade":40.0,"q_m3h":65.0,"equipamento":null,"municipio":"João Pessoa","microregiao":"João Pessoa","mesoregiao":"Litoral Paraibano"},"geometry":{"type":"Point","coordinates":[-34.9086473672,-7.2056870313]}},
{"type":"Feature","properties":{"fid":1638,"proprietario":"Amazonas Do Ne","orgao":"DNOCS","data_perfuracao":"1971-02-02","profundidade":60.0,"q_m3h":15.0,"equipamento":null,"municipio":"João Pessoa","microregiao":"João Pessoa","mesoregiao":"Litoral Paraibano"},"geometry":{"type":"Point","coordinates":[-34.9039250932,-7.1926313744]}},
{"type":"Feature","properties":{"fid":1639,"proprietario":"Polyutil S/a","orgao":"DNOCS","data_perfuracao":"1974-06-02","profundidade":30.0,"q_m3h":3.6,"equipamento":null,"municipio":"João Pessoa","microregiao":"João Pessoa","mesoregiao":"Litoral Paraibano"},"geometry":{"type":"Point","coordinates":[-34.9025361893,-7.1890202352]}},
{"type":"Feature","properties":{"fid":1640,"proprietario":"Polyutil S/a","orgao":"DNOCS","data_perfuracao":"1980-10-02","profundidade":60.0,"q_m3h":2.0,"equipamento":null,"municipio":"João Pessoa","microregiao":"João Pessoa","mesoregiao":"Litoral Paraibano"},"geometry":{"type":"Point","coordinates":[-34.9025361889,-7.1884646752]}},
{"type":"Feature","properties":{"fid":1641,"proprietario":"Polyutil S/a","orgao":"DNOCS","data_perfuracao":"1981-02-02","profundidade":5.0,"q_m3h":3.5,"equipamento":null,"municipio":"Santa Rita","microregiao":"João Pessoa","mesoregiao":"Litoral Paraibano"},"geometry":{"type":"Point","coordinates":[-34.9025360751,-7.0206855503]}},
{"type":"Feature","properties":{"fid":1642,"proprietario":"Coca-cola","orgao":"EXERCITO","data_perfuracao":"1981-02-02","profundidade":50.0,"q_m3h":3.0,"equipamento":null,"municipio":"João Pessoa","microregiao":"João Pessoa","mesoregiao":"Litoral Paraibano"},"geometry":{"type":"Point","coordinates":[-34.9108695956,-7.1854090895]}},
{"type":"Feature","properties":{"fid":1643,"proprietario":"Governo Do Estado Da Paraíba","orgao":"DNOCS","data_perfuracao":"1981-10-02","profundidade":148.0,"q_m3h":13.1,"equipamento":null,"municipio":"João Pessoa","microregiao":"João Pessoa","mesoregiao":"Litoral Paraibano"},"geometry":{"type":"Point","coordinates":[-34.8419800392,-7.1220752948]}},
{"type":"Feature","properties":{"fid":1644,"proprietario":"Governo Do Estado Da Paraíba","orgao":"DNOCS","data_perfuracao":"1981-02-02","profundidade":21.0,"q_m3h":3.0,"equipamento":null,"municipio":"João Pessoa","microregiao":"João Pessoa","mesoregiao":"Litoral Paraibano"},"geometry":{"type":"Point","coordinates":[-34.8864248861,-7.1215197046]}},
{"type":"Feature","properties":{"fid":1645,"proprietario":"Governo Do Estado Da Paraíba","orgao":"DNOCS","data_perfuracao":"1977-08-02","profundidade":110.0,"q_m3h":30.0,"equipamento":null,"municipio":"João Pessoa","microregiao":"João Pessoa","mesoregiao":"Litoral Paraibano"},"geometry":{"type":"Point","coordinates":[-34.8783692897,-7.1687423113]}},
{"type":"Feature","properties":{"fid":1646,"proprietario":"Governo Do Estado Da Paraíba","orgao":"DNOCS","data_perfuracao":"1988-11-02","profundidade":36.0,"q_m3h":1.4,"equipamento":null,"municipio":"João Pessoa","microregiao":"João Pessoa","mesoregiao":"Litoral Paraibano"},"geometry":{"type":"Point","coordinates":[-34.8908693994,-7.1634644827]}},
{"type":"Feature","properties":{"fid":1647,"proprietario":"Kermilo C. Ximenes","orgao":"DNOCS","data_perfuracao":"1976-12-02","profundidade":122.0,"q_m3h":20.0,"equipamento":null,"municipio":"João Pessoa","microregiao":"João Pessoa","mesoregiao":"Litoral Paraibano"},"geometry":{"type":"Point","coordinates":[-34.8342022581,-7.2204094227]}},
{"type":"Feature","properties":{"fid":1648,"proprietario":"Ipep","orgao":"EXERCITO","data_perfuracao":"1976-12-02","profundidade":102.0,"q_m3h":24.0,"equipamento":null,"municipio":"João Pessoa","microregiao":"João Pessoa","mesoregiao":"Litoral Paraibano"},"geometry":{"type":"Point","coordinates":[-34.9169807764,-7.2062425856]}},
{"type":"Feature","properties":{"fid":1649,"proprietario":"Hospital e Pronto Socorro","orgao":"DNOCS","data_perfuracao":"2000-09-02","profundidade":120.0,"q_m3h":25.5,"equipamento":null,"municipio":"João Pessoa","microregiao":"João Pessoa","mesoregiao":"Litoral Paraibano"},"geometry":{"type":"Point","coordinates":[-34.8430911562,-7.1159641338]}},
{"type":"Feature","properties":{"fid":1650,"proprietario":"Hospital Padre Zé","orgao":"DNOCS","data_perfuracao":"1984-07-02","profundidade":107.0,"q_m3h":16.2,"equipamento":null,"municipio":"João Pessoa","microregiao":"João Pessoa","mesoregiao":"Litoral Paraibano"},"geometry":{"type":"Point","coordinates":[-34.8728136473,-7.1151307737]}},
{"type":"Feature","properties":{"fid":1651,"proprietario":"Universidade Federal Da Paraíba","orgao":"EXERCITO","data_perfuracao":"1984-07-02","profundidade":140.0,"q_m3h":16.2,"equipamento":null,"municipio":"João Pessoa","microregiao":"João Pessoa","mesoregiao":"Litoral Paraibano"},"geometry":{"type":"Point","coordinates":[-34.8405911479,-7.1370754162]}},
{"type":"Feature","properties":{"fid":1652,"proprietario":"Suplan-detran","orgao":"DNOCS","data_perfuracao":"2002-04-02","profundidade":51.0,"q_m3h":12.2,"equipamento":null,"municipio":"João Pessoa","microregiao":"João Pessoa","mesoregiao":"Litoral Paraibano"},"geometry":{"type":"Point","coordinates":[-34.8264243738,-7.1679090067]}},
{"type":"Feature","properties":{"fid":1653,"proprietario":"Febemaa","orgao":"DNOCS","data_perfuracao":"1984-10-02","profundidade":64.0,"q_m3h":1.3,"equipamento":null,"municipio":"João Pessoa","microregiao":"João Pessoa","mesoregiao":"Litoral Paraibano"},"geometry":{"type":"Point","coordinates":[-34.8297577322,-7.1604089443]}},
{"type":"Feature","properties":{"fid":1654,"proprietario":"Prefeitura Municipal De João Pessoa","orgao":"DNOCS","data_perfuracao":"2006-11-02","profundidade":150.0,"q_m3h":7.2,"equipamento":null,"municipio":"João Pessoa","microregiao":"João Pessoa","mesoregiao":"Litoral Paraibano"},"geometry":{"type":"Point","coordinates":[-34.8797581616,-7.1254086293]}},
{"type":"Feature","properties":{"fid":1655,"proprietario":"Wbs- Inc., Adm., E Constr. Ltda","orgao":"DNOCS","data_perfuracao":"2001-02-02","profundidade":120.0,"q_m3h":15.5,"equipamento":null,"municipio":"João Pessoa","microregiao":"João Pessoa","mesoregiao":"Litoral Paraibano"},"geometry":{"type":"Point","coordinates":[-34.8169798768,-7.2162427344]}},
{"type":"Feature","properties":{"fid":1656,"proprietario":"Resid. Cabo Branco R. Privé","orgao":"DNOCS","data_perfuracao":"1998-05-02","profundidade":160.0,"q_m3h":21.3,"equipamento":null,"municipio":"João Pessoa","microregiao":"João Pessoa","mesoregiao":"Litoral Paraibano"},"geometry":{"type":"Point","coordinates":[-34.8058686244,-7.1570756004]}},
{"type":"Feature","properties":{"fid":1657,"proprietario":"Saelpa","orgao":"DNOCS","data_perfuracao":"1982-11-02","profundidade":148.0,"q_m3h":8.5,"equipamento":null,"municipio":"João Pessoa","microregiao":"João Pessoa","mesoregiao":"Litoral Paraibano"},"geometry":{"type":"Point","coordinates":[-34.876424828,-7.1692978727]}},
{"type":"Feature","properties":{"fid":1658,"proprietario":"Prefeitura Municipal De João Pessoa","orgao":"DNOCS","data_perfuracao":"2002-08-02","profundidade":34.0,"q_m3h":6.5,"equipamento":null,"municipio":"João Pessoa","microregiao":"João Pessoa","mesoregiao":"Litoral Paraibano"},"geometry":{"type":"Point","coordinates":[-34.8625357788,-7.1187419207]}},
{"type":"Feature","properties":{"fid":1659,"proprietario":"Cia.p.n.brasil","orgao":"EXERCITO","data_perfuracao":"2002-02-02","profundidade":98.0,"q_m3h":51.4,"equipamento":null,"municipio":"Lucena","microregiao":"João Pessoa","mesoregiao":"Litoral Paraibano"},"geometry":{"type":"Point","coordinates":[-34.8586467549,-6.9701296173]}},
{"type":"Feature","properties":{"fid":1660,"proprietario":"F.s.s. Pública","orgao":"DNOCS","data_perfuracao":"1977-11-02","profundidade":91.0,"q_m3h":30.0,"equipamento":null,"municipio":"Lucena","microregiao":"João Pessoa","mesoregiao":"Litoral Paraibano"},"geometry":{"type":"Point","coordinates":[-34.8697579431,-6.9345737681]}},
{"type":"Feature","properties":{"fid":1661,"proprietario":"F.s.s. Pública","orgao":"DNOCS","data_perfuracao":"1978-02-02","profundidade":100.0,"q_m3h":35.0,"equipamento":null,"municipio":"Lucena","microregiao":"João Pessoa","mesoregiao":"Litoral Paraibano"},"geometry":{"type":"Point","coordinates":[-34.8658690114,-6.92318479]}},
{"type":"Feature","properties":{"fid":1662,"proprietario":"Orivaldo De Almeida","orgao":"DNOCS","data_perfuracao":"2001-12-02","profundidade":80.0,"q_m3h":10.4,"equipamento":null,"municipio":"Lucena","microregiao":"João Pessoa","mesoregiao":"Litoral Paraibano"},"geometry":{"type":"Point","coordinates":[-34.8739246635,-6.9587406266]}},
{"type":"Feature","properties":{"fid":1663,"proprietario":"Prefeitura Municipal De Lucena","orgao":"DNOCS","data_perfuracao":"1983-01-02","profundidade":66.0,"q_m3h":2.0,"equipamento":null,"municipio":"Lucena","microregiao":"João Pessoa","mesoregiao":"Litoral Paraibano"},"geometry":{"type":"Point","coordinates":[-34.8891747747,-6.9180458444]}},
{"type":"Feature","properties":{"fid":1664,"proprietario":"Procanor/ Prefeitura Municipal De Lucena","orgao":"DNOCS","data_perfuracao":"1983-01-02","profundidade":66.0,"q_m3h":3.9,"equipamento":null,"municipio":"Lucena","microregiao":"João Pessoa","mesoregiao":"Litoral Paraibano"},"geometry":{"type":"Point","coordinates":[-34.8894803333,-6.9184625142]}},
{"type":"Feature","properties":{"fid":1665,"proprietario":"Prefeitura Municipal De Lucena","orgao":"DNOCS","data_perfuracao":"1971-03-02","profundidade":125.0,"q_m3h":53.0,"equipamento":null,"municipio":"Lucena","microregiao":"João Pessoa","mesoregiao":"Litoral Paraibano"},"geometry":{"type":"Point","coordinates":[-34.8619800798,-6.9117958119]}},
{"type":"Feature","properties":{"fid":1666,"proprietario":"Agrícola V. Do Mangereba S/a","orgao":"DNOCS","data_perfuracao":"1995-08-02","profundidade":211.0,"q_m3h":40.0,"equipamento":null,"municipio":"Lucena","microregiao":"João Pessoa","mesoregiao":"Litoral Paraibano"},"geometry":{"type":"Point","coordinates":[-34.8843969608,-6.9288237121]}},
{"type":"Feature","properties":{"fid":1667,"proprietario":"Usina Santana","orgao":"EXERCITO","data_perfuracao":"1995-08-02","profundidade":78.0,"q_m3h":4.2,"equipamento":null,"municipio":"Lucena","microregiao":"João Pessoa","mesoregiao":"Litoral Paraibano"},"geometry":{"type":"Point","coordinates":[-34.9337307188,-6.8953511878]}},
{"type":"Feature","properties":{"fid":1668,"proprietario":"Fundap","orgao":"DNOCS","data_perfuracao":"1986-01-02","profundidade":162.0,"q_m3h":1.9,"equipamento":null,"municipio":"Mataraca","microregiao":"Litoral Norte","mesoregiao":"Litoral Paraibano"},"geometry":{"type":"Point","coordinates":[-35.1200377486,-6.5692928829]}},
{"type":"Feature","properties":{"fid":1669,"proprietario":"Prefeitura Municipal De Mamanguape","orgao":"DNOCS","data_perfuracao":"2003-02-02","profundidade":60.0,"q_m3h":1.0,"equipamento":null,"municipio":"Mamanguape","microregiao":"Litoral Norte","mesoregiao":"Litoral Paraibano"},"geometry":{"type":"Point","coordinates":[-35.1380102578,-6.7642666657]}},
{"type":"Feature","properties":{"fid":1670,"proprietario":"Prefeitura Municipal De Mamanguape","orgao":"DNOCS","data_perfuracao":"2000-02-02","profundidade":160.0,"q_m3h":1.0,"equipamento":null,"municipio":"Rio Tinto","microregiao":"Litoral Norte","mesoregiao":"Litoral Paraibano"},"geometry":{"type":"Point","coordinates":[-35.084982064,-6.8606285868]}},
{"type":"Feature","properties":{"fid":1671,"proprietario":"Governo Do Estado Da Paraíba","orgao":"DNOCS","data_perfuracao":"2000-05-02","profundidade":96.0,"q_m3h":6.9,"equipamento":null,"municipio":"Mamanguape","microregiao":"Litoral Norte","mesoregiao":"Litoral Paraibano"},"geometry":{"type":"Point","coordinates":[-35.1186488912,-6.6388767788]}},
{"type":"Feature","properties":{"fid":1672,"proprietario":"Projeto Cooperar","orgao":"DNOCS","data_perfuracao":"2004-10-02","profundidade":63.0,"q_m3h":4.0,"equipamento":null,"municipio":"Mamanguape","microregiao":"Litoral Norte","mesoregiao":"Litoral Paraibano"},"geometry":{"type":"Point","coordinates":[-35.1022599975,-6.8601285714]}},
{"type":"Feature","properties":{"fid":1673,"proprietario":"Arnóbio De Santana","orgao":"DNOCS","data_perfuracao":"2004-10-02","profundidade":50.0,"q_m3h":3.6,"equipamento":null,"municipio":"Mamanguape","microregiao":"Litoral Norte","mesoregiao":"Litoral Paraibano"},"geometry":{"type":"Point","coordinates":[-35.17012171,-6.8425728301]}},
{"type":"Feature","properties":{"fid":1674,"proprietario":"Iaa-planalsucar","orgao":"DNOCS","data_perfuracao":"1984-02-02","profundidade":151.0,"q_m3h":5.4,"equipamento":null,"municipio":"Mamanguape","microregiao":"Litoral Norte","mesoregiao":"Litoral Paraibano"},"geometry":{"type":"Point","coordinates":[-35.1353156595,-6.5617928127]}},
{"type":"Feature","properties":{"fid":1675,"proprietario":"Humberto Miguel Da Silva","orgao":"EXERCITO","data_perfuracao":"1984-02-02","profundidade":51.0,"q_m3h":10.3,"equipamento":null,"municipio":"Mamanguape","microregiao":"Litoral Norte","mesoregiao":"Litoral Paraibano"},"geometry":{"type":"Point","coordinates":[-35.1397601683,-6.6001264527]}},
{"type":"Feature","properties":{"fid":1676,"proprietario":"Governo Federal / Dnit","orgao":"DNOCS","data_perfuracao":"1975-11-02","profundidade":40.0,"q_m3h":2.8,"equipamento":null,"municipio":"Mamanguape","microregiao":"Litoral Norte","mesoregiao":"Litoral Paraibano"},"geometry":{"type":"Point","coordinates":[-35.1394824328,-6.6704047975]}},
{"type":"Feature","properties":{"fid":1677,"proprietario":"Governo Federal / Dnit","orgao":"DNOCS","data_perfuracao":"1975-02-02","profundidade":28.0,"q_m3h":2.7,"equipamento":null,"municipio":"Mamanguape","microregiao":"Litoral Norte","mesoregiao":"Litoral Paraibano"},"geometry":{"type":"Point","coordinates":[-35.1394825299,-6.8204060053]}},
{"type":"Feature","properties":{"fid":1678,"proprietario":"Green Vile","orgao":"DNOCS","data_perfuracao":"1975-02-02","profundidade":30.0,"q_m3h":5.0,"equipamento":null,"municipio":"Cruz do Espírito Santo","microregiao":"Sapé","mesoregiao":"Litoral Paraibano"},"geometry":{"type":"Point","coordinates":[-35.151232896,-7.2060202002]}},
{"type":"Feature","properties":{"fid":1679,"proprietario":"Green Ville","orgao":"DNOCS","data_perfuracao":"1975-02-02","profundidade":30.0,"q_m3h":2.6,"equipamento":null,"municipio":"Cruz do Espírito Santo","microregiao":"Sapé","mesoregiao":"Litoral Paraibano"},"geometry":{"type":"Point","coordinates":[-35.1530662466,-7.2070479849]}},
{"type":"Feature","properties":{"fid":1680,"proprietario":"Green Vile","orgao":"DNOCS","data_perfuracao":"1975-02-02","profundidade":10.0,"q_m3h":2.4,"equipamento":null,"municipio":"São Miguel de Taipu","microregiao":"Sapé","mesoregiao":"Litoral Paraibano"},"geometry":{"type":"Point","coordinates":[-35.155621829,-7.2124091371]}},
{"type":"Feature","properties":{"fid":1681,"proprietario":"Green Vile","orgao":"DNOCS","data_perfuracao":"1975-02-02","profundidade":10.0,"q_m3h":2.55,"equipamento":null,"municipio":"São Miguel de Taipu","microregiao":"Sapé","mesoregiao":"Litoral Paraibano"},"geometry":{"type":"Point","coordinates":[-35.1541218132,-7.2091591122]}},
{"type":"Feature","properties":{"fid":1682,"proprietario":"Green Ville","orgao":"DNOCS","data_perfuracao":"1975-02-02","profundidade":10.0,"q_m3h":2.6,"equipamento":null,"municipio":"Igaracy","microregiao":"Piancó","mesoregiao":"Sertão Paraibano"},"geometry":{"type":"Point","coordinates":[-38.1530929135,-7.2070458223]}},
{"type":"Feature","properties":{"fid":1683,"proprietario":"Cagepa","orgao":"DNOCS","data_perfuracao":"1975-02-02","profundidade":10.0,"q_m3h":40.0,"equipamento":null,"municipio":"Bayeux","microregiao":"João Pessoa","mesoregiao":"Litoral Paraibano"},"geometry":{"type":"Point","coordinates":[-34.9286474946,-7.1270752761]}},
{"type":"Feature","properties":{"fid":1684,"proprietario":"Cagepa","orgao":"DNOCS","data_perfuracao":"1975-02-02","profundidade":10.0,"q_m3h":12.57,"equipamento":null,"municipio":"Catolé do Rocha","microregiao":"Catolé do Rocha","mesoregiao":"Sertão Paraibano"},"geometry":{"type":"Point","coordinates":[-37.7486721012,-6.3420671638]}},
{"type":"Feature","properties":{"fid":1685,"proprietario":"Cagepa","orgao":"DNOCS","data_perfuracao":"2004-06-02","profundidade":10.0,"q_m3h":199.0,"equipamento":null,"municipio":"Itabaiana","microregiao":"Itabaiana","mesoregiao":"Agreste Paraibano"},"geometry":{"type":"Point","coordinates":[-35.3336512936,-7.3254099139]}},
{"type":"Feature","properties":{"fid":1686,"proprietario":"Cagepa","orgao":"DNOCS","data_perfuracao":"1975-02-02","profundidade":10.0,"q_m3h":80.0,"equipamento":null,"municipio":"Caaporã","microregiao":"Litoral Sul","mesoregiao":"Litoral Paraibano"},"geometry":{"type":"Point","coordinates":[-34.9086475863,-7.5170784101]}},
{"type":"Feature","properties":{"fid":1687,"proprietario":"Cagepa","orgao":"DNOCS","data_perfuracao":"1999-11-15","profundidade":10.0,"q_m3h":170.0,"equipamento":null,"municipio":"Cabedelo","microregiao":"João Pessoa","mesoregiao":"Litoral Paraibano"},"geometry":{"type":"Point","coordinates":[-34.8369798931,-6.9720740918]}},
{"type":"Feature","properties":{"fid":1688,"proprietario":"Cagepa","orgao":"DNOCS","data_perfuracao":"1996-08-02","profundidade":10.0,"q_m3h":20.0,"equipamento":null,"municipio":"Conde","microregiao":"João Pessoa","mesoregiao":"Litoral Paraibano"},"geometry":{"type":"Point","coordinates":[-34.9003139956,-7.2595763578]}},
{"type":"Feature","properties":{"fid":1689,"proprietario":"Ufpb- Bacia Do Rio Guaraiba","orgao":"DNOCS","data_perfuracao":"2003-07-12","profundidade":21.0,"q_m3h":8.0,"equipamento":null,"municipio":"Santa Rita","microregiao":"João Pessoa","mesoregiao":"Litoral Paraibano"},"geometry":{"type":"Point","coordinates":[-35.0195900824,-7.2689346833]}},
{"type":"Feature","properties":{"fid":1690,"proprietario":"Cagepa","orgao":"DNOCS","data_perfuracao":"2003-07-12","profundidade":10.0,"q_m3h":50.0,"equipamento":null,"municipio":"Conde","microregiao":"João Pessoa","mesoregiao":"Litoral Paraibano"},"geometry":{"type":"Point","coordinates":[-34.8183688161,-7.2709653946]}},
{"type":"Feature","properties":{"fid":1691,"proprietario":"Cagepa","orgao":"DNOCS","data_perfuracao":"2003-07-12","profundidade":10.0,"q_m3h":15.0,"equipamento":null,"municipio":"Sumé","microregiao":"Cariri Ocidental","mesoregiao":"Borborema"},"geometry":{"type":"Point","coordinates":[-36.9003322467,-7.6837449052]}},
{"type":"Feature","properties":{"fid":1692,"proprietario":"Cagepa","orgao":"DNOCS","data_perfuracao":"2004-06-02","profundidade":10.0,"q_m3h":28.3,"equipamento":null,"municipio":"Barra de Santana","microregiao":"Cariri Oriental","mesoregiao":"Borborema"},"geometry":{"type":"Point","coordinates":[-35.9169900629,-7.5837448693]}},
{"type":"Feature","properties":{"fid":1693,"proprietario":"Cagepa","orgao":"DNOCS","data_perfuracao":"2004-06-02","profundidade":10.0,"q_m3h":100.0,"equipamento":null,"municipio":"Conde","microregiao":"João Pessoa","mesoregiao":"Litoral Paraibano"},"geometry":{"type":"Point","coordinates":[-34.8008686689,-7.2876322069]}},
{"type":"Feature","properties":{"fid":1694,"proprietario":"Cagepa","orgao":"DNOCS","data_perfuracao":"2004-06-02","profundidade":10.0,"q_m3h":90.0,"equipamento":null,"municipio":"João Pessoa","microregiao":"João Pessoa","mesoregiao":"Litoral Paraibano"},"geometry":{"type":"Point","coordinates":[-34.8408689696,-7.1976314576]}},
{"type":"Feature","properties":{"fid":1695,"proprietario":"Cagepa","orgao":"DNOCS","data_perfuracao":"2004-06-02","profundidade":10.0,"q_m3h":110.0,"equipamento":null,"municipio":"João Pessoa","microregiao":"João Pessoa","mesoregiao":"Litoral Paraibano"},"geometry":{"type":"Point","coordinates":[-34.8744803563,-7.1551310937]}},
{"type":"Feature","properties":{"fid":1696,"proprietario":"Cagepa","orgao":"DNOCS","data_perfuracao":"2004-06-02","profundidade":10.0,"q_m3h":35.0,"equipamento":null,"municipio":"João Pessoa","microregiao":"João Pessoa","mesoregiao":"Litoral Paraibano"},"geometry":{"type":"Point","coordinates":[-34.8830915606,-7.1773534883]}},
{"type":"Feature","properties":{"fid":1697,"proprietario":"Cagepa","orgao":"DNOCS","data_perfuracao":"2004-06-02","profundidade":10.0,"q_m3h":80.0,"equipamento":null,"municipio":"João Pessoa","microregiao":"João Pessoa","mesoregiao":"Litoral Paraibano"},"geometry":{"type":"Point","coordinates":[-34.8600357688,-7.137353183]}},
{"type":"Feature","properties":{"fid":1698,"proprietario":"Cagepa","orgao":"DNOCS","data_perfuracao":"2004-06-02","profundidade":10.0,"q_m3h":7.0,"equipamento":null,"municipio":"Boa Ventura","microregiao":"Itaporanga","mesoregiao":"Sertão Paraibano"},"geometry":{"type":"Point","coordinates":[-38.2003434828,-7.4120751385]}},
{"type":"Feature","properties":{"fid":1699,"proprietario":"Cagepa","orgao":"DNOCS","data_perfuracao":"2004-06-02","profundidade":10.0,"q_m3h":2.4,"equipamento":null,"municipio":"Bom Sucesso","microregiao":"Catolé do Rocha","mesoregiao":"Sertão Paraibano"},"geometry":{"type":"Point","coordinates":[-37.9208959289,-6.489568204]}},
{"type":"Feature","properties":{"fid":1700,"proprietario":"Cagepa","orgao":"DNOCS","data_perfuracao":"2004-06-02","profundidade":10.0,"q_m3h":150.0,"equipamento":null,"municipio":"João Pessoa","microregiao":"João Pessoa","mesoregiao":"Litoral Paraibano"},"geometry":{"type":"Point","coordinates":[-34.8369800122,-7.149019959]}},
{"type":"Feature","properties":{"fid":1701,"proprietario":"Cagepa","orgao":"DNOCS","data_perfuracao":"2004-06-02","profundidade":10.0,"q_m3h":29.4,"equipamento":null,"municipio":"João Pessoa","microregiao":"João Pessoa","mesoregiao":"Litoral Paraibano"},"geometry":{"type":"Point","coordinates":[-34.8458689833,-7.151519973]}},
{"type":"Feature","properties":{"fid":1702,"proprietario":"Cagepa","orgao":"DNOCS","data_perfuracao":"2004-06-02","profundidade":10.0,"q_m3h":60.0,"equipamento":null,"municipio":"João Pessoa","microregiao":"João Pessoa","mesoregiao":"Litoral Paraibano"},"geometry":{"type":"Point","coordinates":[-34.844202335,-7.2004092554]}},
{"type":"Feature","properties":{"fid":1703,"proprietario":"Cagepa","orgao":"DNOCS","data_perfuracao":"2004-06-02","profundidade":10.0,"q_m3h":50.0,"equipamento":null,"municipio":"Cruz do Espírito Santo","microregiao":"Sapé","mesoregiao":"Litoral Paraibano"},"geometry":{"type":"Point","coordinates":[-35.0969823638,-7.1454086416]}},
{"type":"Feature","properties":{"fid":1704,"proprietario":"Cagepa","orgao":"DNOCS","data_perfuracao":"2004-06-02","profundidade":10.0,"q_m3h":18.0,"equipamento":null,"municipio":"Cuitegi","microregiao":"Guarabira","mesoregiao":"Agreste Paraibano"},"geometry":{"type":"Point","coordinates":[-35.5219860195,-6.8837395937]}},
{"type":"Feature","properties":{"fid":1705,"proprietario":"Cagepa","orgao":"DNOCS","data_perfuracao":"2004-06-02","profundidade":10.0,"q_m3h":50.0,"equipamento":null,"municipio":"João Pessoa","microregiao":"João Pessoa","mesoregiao":"Litoral Paraibano"},"geometry":{"type":"Point","coordinates":[-34.8422578783,-7.2081870969]}},
{"type":"Feature","properties":{"fid":1706,"proprietario":"Cagepa","orgao":"DNOCS","data_perfuracao":"2004-06-02","profundidade":10.0,"q_m3h":22.9,"equipamento":null,"municipio":"João Pessoa","microregiao":"João Pessoa","mesoregiao":"Litoral Paraibano"},"geometry":{"type":"Point","coordinates":[-34.9125362406,-7.1315197672]}},
{"type":"Feature","properties":{"fid":1707,"proprietario":"Cagepa","orgao":"DNOCS","data_perfuracao":"2004-06-02","profundidade":10.0,"q_m3h":99.0,"equipamento":null,"municipio":"João Pessoa","microregiao":"João Pessoa","mesoregiao":"Litoral Paraibano"},"geometry":{"type":"Point","coordinates":[-34.9169807273,-7.1345753442]}},
{"type":"Feature","properties":{"fid":1708,"proprietario":"Cagepa","orgao":"DNOCS","data_perfuracao":"1998-04-23","profundidade":10.0,"q_m3h":116.0,"equipamento":null,"municipio":"João Pessoa","microregiao":"João Pessoa","mesoregiao":"Litoral Paraibano"},"geometry":{"type":"Point","coordinates":[-34.8622580002,-7.121241941]}},
{"type":"Feature","properties":{"fid":1709,"proprietario":"Cagepa","orgao":"DNOCS","data_perfuracao":"1998-04-23","profundidade":10.0,"q_m3h":1.7,"equipamento":null,"municipio":"Gurjão","microregiao":"Cariri Oriental","mesoregiao":"Borborema"},"geometry":{"type":"Point","coordinates":[-36.4806059673,-7.2504085015]}},
{"type":"Feature","properties":{"fid":1710,"proprietario":"Cagepa","orgao":"DNOCS","data_perfuracao":"1998-04-23","profundidade":10.0,"q_m3h":160.0,"equipamento":null,"municipio":"João Pessoa","microregiao":"João Pessoa","mesoregiao":"Litoral Paraibano"},"geometry":{"type":"Point","coordinates":[-34.8347577471,-7.1156863594]}},
{"type":"Feature","properties":{"fid":1711,"proprietario":"Cagepa","orgao":"DNOCS","data_perfuracao":"1998-04-23","profundidade":10.0,"q_m3h":20.0,"equipamento":null,"municipio":"Jacaraú","microregiao":"Litoral Norte","mesoregiao":"Litoral Paraibano"},"geometry":{"type":"Point","coordinates":[-35.3855956953,-6.5645704547]}},
{"type":"Feature","properties":{"fid":1712,"proprietario":"Cagepa","orgao":"DNOCS","data_perfuracao":"1998-04-23","profundidade":10.0,"q_m3h":55.0,"equipamento":null,"municipio":"João Pessoa","microregiao":"João Pessoa","mesoregiao":"Litoral Paraibano"},"geometry":{"type":"Point","coordinates":[-34.8278132522,-7.1340198448]}},
{"type":"Feature","properties":{"fid":1713,"proprietario":"Cagepa","orgao":"DNOCS","data_perfuracao":"1998-04-23","profundidade":10.0,"q_m3h":20.0,"equipamento":null,"municipio":"Jacaraú","microregiao":"Litoral Norte","mesoregiao":"Litoral Paraibano"},"geometry":{"type":"Point","coordinates":[-35.3855956872,-6.5517925741]}},
{"type":"Feature","properties":{"fid":1714,"proprietario":"Cagepa","orgao":"DNOCS","data_perfuracao":"2000-10-18","profundidade":10.0,"q_m3h":80.0,"equipamento":null,"municipio":"João Pessoa","microregiao":"João Pessoa","mesoregiao":"Litoral Paraibano"},"geometry":{"type":"Point","coordinates":[-34.7980907827,-7.166797906]}},
{"type":"Feature","properties":{"fid":1715,"proprietario":"Cagepa","orgao":"DNOCS","data_perfuracao":"2000-10-18","profundidade":10.0,"q_m3h":56.0,"equipamento":null,"municipio":"João Pessoa","microregiao":"João Pessoa","mesoregiao":"Litoral Paraibano"},"geometry":{"type":"Point","coordinates":[-34.8322577629,-7.1720757029]}},
{"type":"Feature","properties":{"fid":1716,"proprietario":"Cagepa","orgao":"DNOCS","data_perfuracao":"1997-10-08","profundidade":10.0,"q_m3h":36.0,"equipamento":null,"municipio":"Jericó","microregiao":"Catolé do Rocha","mesoregiao":"Sertão Paraibano"},"geometry":{"type":"Point","coordinates":[-37.8136728068,-6.5470687253]}},
{"type":"Feature","properties":{"fid":1717,"proprietario":"Cagepa","orgao":"DNOCS","data_perfuracao":"1997-10-08","profundidade":10.0,"q_m3h":15.53,"equipamento":null,"municipio":"Juazeirinho","microregiao":"Seridó Oriental Paraibano","mesoregiao":"Borborema"},"geometry":{"type":"Point","coordinates":[-36.5786622646,-7.0670736563]}},
{"type":"Feature","properties":{"fid":1718,"proprietario":"Prefeitura Municipal De Mataraca","orgao":"DNOCS","data_perfuracao":"1978-06-28","profundidade":53.0,"q_m3h":24.0,"equipamento":null,"municipio":"Mataraca","microregiao":"Litoral Norte","mesoregiao":"Litoral Paraibano"},"geometry":{"type":"Point","coordinates":[-34.9685086163,-6.5927098343]}},
{"type":"Feature","properties":{"fid":1719,"proprietario":"Cagepa","orgao":"DNOCS","data_perfuracao":"1978-06-28","profundidade":10.0,"q_m3h":10.0,"equipamento":null,"municipio":"Lastro","microregiao":"Sousa","mesoregiao":"Sertão Paraibano"},"geometry":{"type":"Point","coordinates":[-38.1953427896,-6.5184571326]}},
{"type":"Feature","properties":{"fid":1720,"proprietario":"Cagepa","orgao":"DNOCS","data_perfuracao":"1978-06-28","profundidade":10.0,"q_m3h":50.8,"equipamento":null,"municipio":"João Pessoa","microregiao":"João Pessoa","mesoregiao":"Litoral Paraibano"},"geometry":{"type":"Point","coordinates":[-34.8322577583,-7.1654089827]}},
{"type":"Feature","properties":{"fid":1721,"proprietario":"Cagepa","orgao":"DNOCS","data_perfuracao":"1978-06-28","profundidade":10.0,"q_m3h":60.0,"equipamento":null,"municipio":"João Pessoa","microregiao":"João Pessoa","mesoregiao":"Litoral Paraibano"},"geometry":{"type":"Point","coordinates":[-34.8436467624,-7.1829091154]}},
{"type":"Feature","properties":{"fid":1722,"proprietario":"Cagepa","orgao":"DNOCS","data_perfuracao":"1978-06-28","profundidade":10.0,"q_m3h":15.0,"equipamento":null,"municipio":"Lagoa","microregiao":"Catolé do Rocha","mesoregiao":"Sertão Paraibano"},"geometry":{"type":"Point","coordinates":[-37.8970068901,-6.5770689029]}},
{"type":"Feature","properties":{"fid":1723,"proprietario":"Cagepa","orgao":"DNOCS","data_perfuracao":"1978-06-28","profundidade":10.0,"q_m3h":160.0,"equipamento":null,"municipio":"João Pessoa","microregiao":"João Pessoa","mesoregiao":"Litoral Paraibano"},"geometry":{"type":"Point","coordinates":[-34.8414245128,-7.1723534766]}},
{"type":"Feature","properties":{"fid":1724,"proprietario":"Cagepa","orgao":"DNOCS","data_perfuracao":"1978-06-28","profundidade":10.0,"q_m3h":28.3,"equipamento":null,"municipio":"João Pessoa","microregiao":"João Pessoa","mesoregiao":"Litoral Paraibano"},"geometry":{"type":"Point","coordinates":[-34.8669802503,-7.0992973171]}},
{"type":"Feature","properties":{"fid":1725,"proprietario":"Prefeitura Municipal De Mataraca","orgao":"DNOCS","data_perfuracao":"1982-08-03","profundidade":37.0,"q_m3h":2.4,"equipamento":null,"municipio":"Mataraca","microregiao":"Litoral Norte","mesoregiao":"Litoral Paraibano"},"geometry":{"type":"Point","coordinates":[-35.0180923961,-6.5898486688]}},
{"type":"Feature","properties":{"fid":1726,"proprietario":"Cagepa","orgao":"DNOCS","data_perfuracao":"1982-08-03","profundidade":10.0,"q_m3h":66.0,"equipamento":null,"municipio":"João Pessoa","microregiao":"João Pessoa","mesoregiao":"Litoral Paraibano"},"geometry":{"type":"Point","coordinates":[-34.9014250582,-7.1745756757]}},
{"type":"Feature","properties":{"fid":1727,"proprietario":"Cagepa","orgao":"DNOCS","data_perfuracao":"1982-08-03","profundidade":10.0,"q_m3h":180.0,"equipamento":null,"municipio":"João Pessoa","microregiao":"João Pessoa","mesoregiao":"Litoral Paraibano"},"geometry":{"type":"Point","coordinates":[-34.9103140082,-7.146242109]}},
{"type":"Feature","properties":{"fid":1728,"proprietario":"Prefeitura Municipal De Mataraca","orgao":"DNOCS","data_perfuracao":"1983-12-22","profundidade":82.0,"q_m3h":7.2,"equipamento":null,"municipio":"Mataraca","microregiao":"Litoral Norte","mesoregiao":"Litoral Paraibano"},"geometry":{"type":"Point","coordinates":[-35.0564260773,-6.5920708848]}},
{"type":"Feature","properties":{"fid":1729,"proprietario":"Cagepa","orgao":"DNOCS","data_perfuracao":"1983-12-22","profundidade":10.0,"q_m3h":27.0,"equipamento":null,"municipio":"João Pessoa","microregiao":"João Pessoa","mesoregiao":"Litoral Paraibano"},"geometry":{"type":"Point","coordinates":[-34.8850360278,-7.1848535471]}},
{"type":"Feature","properties":{"fid":1730,"proprietario":"Cagepa","orgao":"DNOCS","data_perfuracao":"1983-12-22","profundidade":10.0,"q_m3h":37.85,"equipamento":null,"municipio":"Lucena","microregiao":"João Pessoa","mesoregiao":"Litoral Paraibano"},"geometry":{"type":"Point","coordinates":[-34.8622578863,-6.9515183539]}},
{"type":"Feature","properties":{"fid":1731,"proprietario":"Cagepa","orgao":"DNOCS","data_perfuracao":"1983-12-22","profundidade":10.0,"q_m3h":22.12,"equipamento":null,"municipio":"Lucena","microregiao":"João Pessoa","mesoregiao":"Litoral Paraibano"},"geometry":{"type":"Point","coordinates":[-34.8750357779,-6.9484627653]}},
{"type":"Feature","properties":{"fid":1732,"proprietario":"Cagepa","orgao":"DNOCS","data_perfuracao":"1983-12-22","profundidade":10.0,"q_m3h":5.0,"equipamento":null,"municipio":"Mamanguape","microregiao":"Litoral Norte","mesoregiao":"Litoral Paraibano"},"geometry":{"type":"Point","coordinates":[-35.166982787,-6.8337394278]}},
{"type":"Feature","properties":{"fid":1733,"proprietario":"Prefeitura Municipal De Mataraca","orgao":"DNOCS","data_perfuracao":"1986-04-12","profundidade":75.0,"q_m3h":1.3,"equipamento":null,"municipio":"Pedras de Fogo","microregiao":"Litoral Sul","mesoregiao":"Litoral Paraibano"},"geometry":{"type":"Point","coordinates":[-35.0836490854,-7.3967995484]}},
{"type":"Feature","properties":{"fid":1734,"proprietario":"Cagepa","orgao":"DNOCS","data_perfuracao":"1986-04-12","profundidade":10.0,"q_m3h":60.0,"equipamento":null,"municipio":"Pitimbu","microregiao":"Litoral Sul","mesoregiao":"Litoral Paraibano"},"geometry":{"type":"Point","coordinates":[-34.809479991,-7.4765226015]}},
{"type":"Feature","properties":{"fid":1735,"proprietario":"Cagepa","orgao":"DNOCS","data_perfuracao":"1986-04-12","profundidade":10.0,"q_m3h":30.0,"equipamento":null,"municipio":"Rio Tinto","microregiao":"Litoral Norte","mesoregiao":"Litoral Paraibano"},"geometry":{"type":"Point","coordinates":[-35.0850375913,-6.8167949007]}},
{"type":"Feature","properties":{"fid":1736,"proprietario":"Cagepa","orgao":"DNOCS","data_perfuracao":"1986-04-12","profundidade":10.0,"q_m3h":4.0,"equipamento":null,"municipio":"Santa Helena","microregiao":"Cajazeiras","mesoregiao":"Sertão Paraibano"},"geometry":{"type":"Point","coordinates":[-38.6397912393,-6.7195694921]}},
{"type":"Feature","properties":{"fid":1737,"proprietario":"Cagepa","orgao":"DNOCS","data_perfuracao":"1986-04-12","profundidade":10.0,"q_m3h":8.6,"equipamento":null,"municipio":"Santa Rita","microregiao":"João Pessoa","mesoregiao":"Litoral Paraibano"},"geometry":{"type":"Point","coordinates":[-34.9697590053,-7.1670755689]}},
{"type":"Feature","properties":{"fid":1738,"proprietario":"Cagepa","orgao":"DNOCS","data_perfuracao":"1986-04-12","profundidade":10.0,"q_m3h":10.0,"equipamento":null,"municipio":"São José do Bonfim","microregiao":"Patos","mesoregiao":"Sertão Paraibano"},"geometry":{"type":"Point","coordinates":[-37.3092243582,-7.1592960766]}},
{"type":"Feature","properties":{"fid":1739,"proprietario":"Cagepa","orgao":"DNOCS","data_perfuracao":"1986-04-12","profundidade":10.0,"q_m3h":18.42,"equipamento":null,"municipio":"Monteiro","microregiao":"Cariri Ocidental","mesoregiao":"Borborema"},"geometry":{"type":"Point","coordinates":[-37.0003332982,-7.8920797732]}},
{"type":"Feature","properties":{"fid":1740,"proprietario":"Prefeitura Municipal De Mataraca","orgao":"DNOCS","data_perfuracao":"2004-07-28","profundidade":125.0,"q_m3h":9.1,"equipamento":null,"municipio":"Mataraca","microregiao":"Litoral Norte","mesoregiao":"Litoral Paraibano"},"geometry":{"type":"Point","coordinates":[-35.111954347,-6.5767929486]}},
{"type":"Feature","properties":{"fid":1741,"proprietario":"Cagepa","orgao":"DNOCS","data_perfuracao":"2004-07-28","profundidade":10.0,"q_m3h":72.0,"equipamento":null,"municipio":"Mogeiro","microregiao":"Itabaiana","mesoregiao":"Agreste Paraibano"},"geometry":{"type":"Point","coordinates":[-35.4803192648,-7.3004096114]}},
{"type":"Feature","properties":{"fid":1742,"proprietario":"Cagepa","orgao":"DNOCS","data_perfuracao":"2004-07-28","profundidade":10.0,"q_m3h":200.0,"equipamento":null,"municipio":"Mulungu","microregiao":"Guarabira","mesoregiao":"Agreste Paraibano"},"geometry":{"type":"Point","coordinates":[-35.4836524403,-7.0304074582]}},
{"type":"Feature","properties":{"fid":1743,"proprietario":"Cagepa","orgao":"DNOCS","data_perfuracao":"2004-07-28","profundidade":10.0,"q_m3h":30.0,"equipamento":null,"municipio":"Paulista","microregiao":"Sousa","mesoregiao":"Sertão Paraibano"},"geometry":{"type":"Point","coordinates":[-37.6236711676,-6.5870691665]}},
{"type":"Feature","properties":{"fid":1744,"proprietario":"Cagepa","orgao":"DNOCS","data_perfuracao":"2004-07-28","profundidade":10.0,"q_m3h":55.38,"equipamento":null,"municipio":"Itabaiana","microregiao":"Itabaiana","mesoregiao":"Agreste Paraibano"},"geometry":{"type":"Point","coordinates":[-35.2797619337,-7.3470767912]}},
{"type":"Feature","properties":{"fid":1745,"proprietario":"Cagepa","orgao":"DNOCS","data_perfuracao":"2004-07-28","profundidade":10.0,"q_m3h":10.42,"equipamento":null,"municipio":"Prata","microregiao":"Cariri Ocidental","mesoregiao":"Borborema"},"geometry":{"type":"Point","coordinates":[-37.0878339176,-7.694855957]}},
{"type":"Feature","properties":{"fid":1746,"proprietario":"Cagepa","orgao":"DNOCS","data_perfuracao":"2004-07-28","profundidade":10.0,"q_m3h":72.0,"equipamento":null,"municipio":"Santa Luzia","microregiao":"Seridó Ocidental Paraibano","mesoregiao":"Borborema"},"geometry":{"type":"Point","coordinates":[-36.9169984725,-6.8837386442]}},
{"type":"Feature","properties":{"fid":1747,"proprietario":"Cagepa","orgao":"DNOCS","data_perfuracao":"1982-05-12","profundidade":10.0,"q_m3h":35.2,"equipamento":null,"municipio":"Santana dos Garrotes","microregiao":"Piancó","mesoregiao":"Sertão Paraibano"},"geometry":{"type":"Point","coordinates":[-37.9986750293,-7.3820750632]}},
{"type":"Feature","properties":{"fid":1748,"proprietario":"Cagepa","orgao":"DNOCS","data_perfuracao":"1982-05-12","profundidade":10.0,"q_m3h":36.0,"equipamento":null,"municipio":"São Bento","microregiao":"Catolé do Rocha","mesoregiao":"Sertão Paraibano"},"geometry":{"type":"Point","coordinates":[-37.4564474067,-6.4837351349]}},
{"type":"Feature","properties":{"fid":1749,"proprietario":"Cagepa","orgao":"DNOCS","data_perfuracao":"2004-12-22","profundidade":10.0,"q_m3h":26.4,"equipamento":null,"municipio":"São Mamede","microregiao":"Seridó Ocidental Paraibano","mesoregiao":"Borborema"},"geometry":{"type":"Point","coordinates":[-37.0503330092,-6.9170721464]}},
{"type":"Feature","properties":{"fid":1750,"proprietario":"Cagepa","orgao":"DNOCS","data_perfuracao":"2004-12-22","profundidade":10.0,"q_m3h":28.0,"equipamento":null,"municipio":"São João do Cariri","microregiao":"Cariri Oriental","mesoregiao":"Borborema"},"geometry":{"type":"Point","coordinates":[-36.5322732016,-7.3970762812]}},
{"type":"Feature","properties":{"fid":1751,"proprietario":"Cagepa","orgao":"DNOCS","data_perfuracao":"1975-08-27","profundidade":10.0,"q_m3h":18.0,"equipamento":null,"municipio":"Salgado de São Félix","microregiao":"Itabaiana","mesoregiao":"Agreste Paraibano"},"geometry":{"type":"Point","coordinates":[-35.4303188545,-7.3570767639]}},
{"type":"Feature","properties":{"fid":1752,"proprietario":"Cagepa","orgao":"DNOCS","data_perfuracao":"1975-08-27","profundidade":10.0,"q_m3h":2.0,"equipamento":null,"municipio":"São João do Rio do Peixe","microregiao":"Cajazeiras","mesoregiao":"Sertão Paraibano"},"geometry":{"type":"Point","coordinates":[-38.4389561713,-6.73373641]}},
{"type":"Feature","properties":{"fid":1753,"proprietario":"Cagepa","orgao":"DNOCS","data_perfuracao":"2003-07-14","profundidade":10.0,"q_m3h":52.0,"equipamento":null,"municipio":"Lucena","microregiao":"João Pessoa","mesoregiao":"Litoral Paraibano"},"geometry":{"type":"Point","coordinates":[-34.8903136988,-6.9556850356]}},
{"type":"Feature","properties":{"fid":1754,"proprietario":"Cagepa","orgao":"DNOCS","data_perfuracao":"2002-09-09","profundidade":10.0,"q_m3h":28.3,"equipamento":null,"municipio":"Alcantil","microregiao":"Cariri Oriental","mesoregiao":"Borborema"},"geometry":{"type":"Point","coordinates":[-35.9781017469,-7.6168006393]}},
{"type":"Feature","properties":{"fid":1755,"proprietario":"Projeto Cooperar Iii","orgao":"DNOCS","data_perfuracao":"2004-09-28","profundidade":100.0,"q_m3h":5.5,"equipamento":null,"municipio":"Rio Tinto","microregiao":"Litoral Norte","mesoregiao":"Litoral Paraibano"},"geometry":{"type":"Point","coordinates":[-35.0717041564,-6.8456840308]}},
{"type":"Feature","properties":{"fid":1756,"proprietario":"Projeto Cooperar Iv","orgao":"DNOCS","data_perfuracao":"2004-06-25","profundidade":102.0,"q_m3h":8.6,"equipamento":null,"municipio":"Rio Tinto","microregiao":"Litoral Norte","mesoregiao":"Litoral Paraibano"},"geometry":{"type":"Point","coordinates":[-35.0883152963,-6.6582936214]}},
{"type":"Feature","properties":{"fid":1757,"proprietario":"Cagepa","orgao":"DNOCS","data_perfuracao":"2004-06-25","profundidade":10.0,"q_m3h":35.0,"equipamento":null,"municipio":"João Pessoa","microregiao":"João Pessoa","mesoregiao":"Litoral Paraibano"},"geometry":{"type":"Point","coordinates":[-34.8864249413,-7.2023536865]}},
{"type":"Feature","properties":{"fid":1758,"proprietario":"Reserva Potiguara Xiv","orgao":"DNOCS","data_perfuracao":"2000-03-15","profundidade":120.0,"q_m3h":13.0,"equipamento":null,"municipio":"Barra de Santa Rosa","microregiao":"Curimataú Ocidental","mesoregiao":"Agreste Paraibano"},"geometry":{"type":"Point","coordinates":[-35.9436563755,-6.7415437334]}},
{"type":"Feature","properties":{"fid":1759,"proprietario":"Procanor/prefeitura","orgao":"DNOCS","data_perfuracao":"1983-11-24","profundidade":43.0,"q_m3h":5.0,"equipamento":null,"municipio":"Rio Tinto","microregiao":"Litoral Norte","mesoregiao":"Litoral Paraibano"},"geometry":{"type":"Point","coordinates":[-35.0134258427,-6.8319061803]}},
{"type":"Feature","properties":{"fid":1760,"proprietario":"Cagepa","orgao":"DNOCS","data_perfuracao":"2000-01-04","profundidade":10.0,"q_m3h":10.0,"equipamento":null,"municipio":"Patos","microregiao":"Patos","mesoregiao":"Sertão Paraibano"},"geometry":{"type":"Point","coordinates":[-37.2803351164,-7.0237394851]}},
{"type":"Feature","properties":{"fid":1761,"proprietario":"Cagepa","orgao":"DNOCS","data_perfuracao":"2000-01-04","profundidade":10.0,"q_m3h":12.0,"equipamento":null,"municipio":"Lastro","microregiao":"Sousa","mesoregiao":"Sertão Paraibano"},"geometry":{"type":"Point","coordinates":[-38.1739537138,-6.5179015872]}},
{"type":"Feature","properties":{"fid":1762,"proprietario":"Fsesp","orgao":"DNOCS","data_perfuracao":"1979-04-23","profundidade":47.0,"q_m3h":20.0,"equipamento":null,"municipio":"Marcação","microregiao":"Litoral Norte","mesoregiao":"Litoral Paraibano"},"geometry":{"type":"Point","coordinates":[-35.0583706372,-6.7454054542]}},
{"type":"Feature","properties":{"fid":1763,"proprietario":"Aldeia Jaraguá (funasa)","orgao":"DNOCS","data_perfuracao":"1992-06-24","profundidade":10.0,"q_m3h":7.0,"equipamento":null,"municipio":"Rio Tinto","microregiao":"Litoral Norte","mesoregiao":"Litoral Paraibano"},"geometry":{"type":"Point","coordinates":[-35.0589817892,-6.7999614489]}},
{"type":"Feature","properties":{"fid":1764,"proprietario":"Prefeitura Municipal De Pedras De Fogo","orgao":"DNOCS","data_perfuracao":"1992-06-24","profundidade":117.0,"q_m3h":2.2,"equipamento":null,"municipio":"Pedras de Fogo","microregiao":"Litoral Sul","mesoregiao":"Litoral Paraibano"},"geometry":{"type":"Point","coordinates":[-35.1117048999,-7.4040218083]}},
{"type":"Feature","properties":{"fid":1765,"proprietario":"Prefeitura Municipal De Pedras De Fogo","orgao":"DNOCS","data_perfuracao":"1992-06-24","profundidade":50.0,"q_m3h":3.5,"equipamento":null,"municipio":"Pedras de Fogo","microregiao":"Litoral Sul","mesoregiao":"Litoral Paraibano"},"geometry":{"type":"Point","coordinates":[-35.103315935,-7.4037162563]}},
{"type":"Feature","properties":{"fid":1766,"proprietario":"Procanor/prefeitura Ii","orgao":"DNOCS","data_perfuracao":"1982-08-13","profundidade":77.0,"q_m3h":9.5,"equipamento":null,"municipio":"Rio Tinto","microregiao":"Litoral Norte","mesoregiao":"Litoral Paraibano"},"geometry":{"type":"Point","coordinates":[-35.0589262353,-6.8031836971]}},
{"type":"Feature","properties":{"fid":1767,"proprietario":"Cagepa","orgao":"DNOCS","data_perfuracao":"1982-08-13","profundidade":10.0,"q_m3h":20.0,"equipamento":null,"municipio":"Jacaraú","microregiao":"Litoral Norte","mesoregiao":"Litoral Paraibano"},"geometry":{"type":"Point","coordinates":[-35.3855956943,-6.5629037747]}},
{"type":"Feature","properties":{"fid":1768,"proprietario":"Projeto Cooperar V","orgao":"DNOCS","data_perfuracao":"2004-04-12","profundidade":120.0,"q_m3h":3.6,"equipamento":null,"municipio":"Rio Tinto","microregiao":"Litoral Norte","mesoregiao":"Litoral Paraibano"},"geometry":{"type":"Point","coordinates":[-35.1132599617,-6.6514324391]}},
{"type":"Feature","properties":{"fid":1769,"proprietario":"Cagepa","orgao":"DNOCS","data_perfuracao":"2004-05-10","profundidade":10.0,"q_m3h":16.0,"equipamento":null,"municipio":"Santa Cruz","microregiao":"Sousa","mesoregiao":"Sertão Paraibano"},"geometry":{"type":"Point","coordinates":[-38.0803418045,-6.5454018648]}},
{"type":"Feature","properties":{"fid":1770,"proprietario":"Prefeitura Municipal De Pedras De Fogo","orgao":"DNOCS","data_perfuracao":"2004-05-10","profundidade":54.0,"q_m3h":3.4,"equipamento":null,"municipio":"Pedras de Fogo","microregiao":"Litoral Sul","mesoregiao":"Litoral Paraibano"},"geometry":{"type":"Point","coordinates":[-35.1219827691,-7.4017995611]}},
{"type":"Feature","properties":{"fid":1771,"proprietario":"Cagepa","orgao":"DNOCS","data_perfuracao":"2004-05-10","profundidade":10.0,"q_m3h":16.0,"equipamento":null,"municipio":"Santa Cruz","microregiao":"Sousa","mesoregiao":"Sertão Paraibano"},"geometry":{"type":"Point","coordinates":[-38.0803418051,-6.5462352047]}},
{"type":"Feature","properties":{"fid":1772,"proprietario":"Prefeitura Municipal De Jericó","orgao":"DNOCS","data_perfuracao":"2001-10-22","profundidade":10.0,"q_m3h":18.0,"equipamento":null,"municipio":"Jericó","microregiao":"Catolé do Rocha","mesoregiao":"Sertão Paraibano"},"geometry":{"type":"Point","coordinates":[-37.8228395363,-6.5212351839]}},
{"type":"Feature","properties":{"fid":1773,"proprietario":"Prefeitura Municipal De Pedras De Fogo","orgao":"DNOCS","data_perfuracao":"2001-10-22","profundidade":36.0,"q_m3h":1.4,"equipamento":null,"municipio":"Pedras de Fogo","microregiao":"Litoral Sul","mesoregiao":"Litoral Paraibano"},"geometry":{"type":"Point","coordinates":[-35.0885101947,-7.332082362]}},
{"type":"Feature","properties":{"fid":1774,"proprietario":"Condomímio  Cabo Branco Residence Prive","orgao":"DNOCS","data_perfuracao":"2000-09-14","profundidade":10.0,"q_m3h":18.0,"equipamento":null,"municipio":"João Pessoa","microregiao":"João Pessoa","mesoregiao":"Litoral Paraibano"},"geometry":{"type":"Point","coordinates":[-34.8056741771,-7.1554644765]}},
{"type":"Feature","properties":{"fid":1775,"proprietario":"Edificio Residencial Gardon Ii","orgao":"DNOCS","data_perfuracao":"1992-09-10","profundidade":10.0,"q_m3h":2.8,"equipamento":null,"municipio":"João Pessoa","microregiao":"João Pessoa","mesoregiao":"Litoral Paraibano"},"geometry":{"type":"Point","coordinates":[-34.8377578021,-7.1564922407]}},
{"type":"Feature","properties":{"fid":1776,"proprietario":"Eduardo Camelo Borba Filho","orgao":"DNOCS","data_perfuracao":"1992-09-10","profundidade":10.0,"q_m3h":3.0,"equipamento":null,"municipio":"Itatuba","microregiao":"Itabaiana","mesoregiao":"Agreste Paraibano"},"geometry":{"type":"Point","coordinates":[-35.5393198658,-7.3979658995]}},
{"type":"Feature","properties":{"fid":1777,"proprietario":"José Cirilo Fernandes Neto","orgao":"DNOCS","data_perfuracao":"1995-10-11","profundidade":10.0,"q_m3h":33.36,"equipamento":null,"municipio":"Poço Dantas","microregiao":"Cajazeiras","mesoregiao":"Sertão Paraibano"},"geometry":{"type":"Point","coordinates":[-38.4953453226,-6.4031782567]}},
{"type":"Feature","properties":{"fid":1778,"proprietario":"Amélia Guedes Uchoa Neta","orgao":"DNOCS","data_perfuracao":"1995-10-11","profundidade":10.0,"q_m3h":24.0,"equipamento":null,"municipio":"Lucena","microregiao":"João Pessoa","mesoregiao":"Litoral Paraibano"},"geometry":{"type":"Point","coordinates":[-34.8822691664,-6.9328570793]}},
{"type":"Feature","properties":{"fid":1779,"proprietario":"Condomínio Residencial Dos Sombreiros","orgao":"DNOCS","data_perfuracao":"1995-10-11","profundidade":10.0,"q_m3h":13.2,"equipamento":null,"municipio":"Lucena","microregiao":"João Pessoa","mesoregiao":"Litoral Paraibano"},"geometry":{"type":"Point","coordinates":[-34.8594189748,-6.9561767267]}},
{"type":"Feature","properties":{"fid":1780,"proprietario":"Jhalm -hotelaria e Turismo Ltda (bargaço)","orgao":"DNOCS","data_perfuracao":"1982-09-24","profundidade":10.0,"q_m3h":4.8,"equipamento":null,"municipio":"João Pessoa","microregiao":"João Pessoa","mesoregiao":"Litoral Paraibano"},"geometry":{"type":"Point","coordinates":[-34.8114520004,-7.1452699462]}},
{"type":"Feature","properties":{"fid":1781,"proprietario":"Projeto Cooperar","orgao":"DNOCS","data_perfuracao":"2005-04-20","profundidade":20.0,"q_m3h":14.4,"equipamento":null,"municipio":"Mamanguape","microregiao":"Litoral Norte","mesoregiao":"Litoral Paraibano"},"geometry":{"type":"Point","coordinates":[-35.0925376774,-6.8448506771]}},
{"type":"Feature","properties":{"fid":1782,"proprietario":"Jhalm -hotelaria e Turismo Ltda (bargaço)","orgao":"DNOCS","data_perfuracao":"2005-04-20","profundidade":10.0,"q_m3h":4.8,"equipamento":null,"municipio":"João Pessoa","microregiao":"João Pessoa","mesoregiao":"Litoral Paraibano"},"geometry":{"type":"Point","coordinates":[-34.8117297805,-7.1449838326]}},
{"type":"Feature","properties":{"fid":1783,"proprietario":"Lacerda e Grisi Ltda.","orgao":"DNOCS","data_perfuracao":"2005-04-20","profundidade":10.0,"q_m3h":4.8,"equipamento":null,"municipio":"João Pessoa","microregiao":"João Pessoa","mesoregiao":"Litoral Paraibano"},"geometry":{"type":"Point","coordinates":[-34.8070825173,-7.146800517]}},
{"type":"Feature","properties":{"fid":1784,"proprietario":"Campart (procanor)","orgao":"DNOCS","data_perfuracao":"1983-04-12","profundidade":38.0,"q_m3h":5.0,"equipamento":null,"municipio":"Rio Tinto","microregiao":"Litoral Norte","mesoregiao":"Litoral Paraibano"},"geometry":{"type":"Point","coordinates":[-35.0942321201,-6.8187671328]}},
{"type":"Feature","properties":{"fid":1785,"proprietario":"Projeto Cooperar","orgao":"DNOCS","data_perfuracao":"2004-03-20","profundidade":38.0,"q_m3h":5.8,"equipamento":null,"municipio":"Rio Tinto","microregiao":"Litoral Norte","mesoregiao":"Litoral Paraibano"},"geometry":{"type":"Point","coordinates":[-35.1042599876,-6.8175171162]}},
{"type":"Feature","properties":{"fid":1786,"proprietario":"Prefeitura Municipal De Rio Tinto","orgao":"DNOCS","data_perfuracao":"1983-11-03","profundidade":44.0,"q_m3h":5.5,"equipamento":null,"municipio":"Rio Tinto","microregiao":"Litoral Norte","mesoregiao":"Litoral Paraibano"},"geometry":{"type":"Point","coordinates":[-34.972925465,-6.8145727337]}},
{"type":"Feature","properties":{"fid":1787,"proprietario":"Prefeitura Municipal De Rio Tinto","orgao":"DNOCS","data_perfuracao":"1981-06-22","profundidade":20.0,"q_m3h":5.1,"equipamento":null,"municipio":"Rio Tinto","microregiao":"Litoral Norte","mesoregiao":"Litoral Paraibano"},"geometry":{"type":"Point","coordinates":[-35.0794819862,-6.8179060244]}},
{"type":"Feature","properties":{"fid":1788,"proprietario":"Indaiá","orgao":"DNOCS","data_perfuracao":"1981-06-22","profundidade":90.0,"q_m3h":22.0,"equipamento":null,"municipio":"Santa Rita","microregiao":"João Pessoa","mesoregiao":"Litoral Paraibano"},"geometry":{"type":"Point","coordinates":[-35.0322596119,-7.2262426664]}},
{"type":"Feature","properties":{"fid":1789,"proprietario":"Luiz Limeira","orgao":"DNOCS","data_perfuracao":"1981-06-22","profundidade":67.0,"q_m3h":23.7,"equipamento":null,"municipio":"Alhandra","microregiao":"Litoral Sul","mesoregiao":"Litoral Paraibano"},"geometry":{"type":"Point","coordinates":[-35.0317040855,-7.2754097267]}},
{"type":"Feature","properties":{"fid":1790,"proprietario":"Recmec","orgao":"DNOCS","data_perfuracao":"1981-06-22","profundidade":85.0,"q_m3h":17.6,"equipamento":null,"municipio":"Bayeux","microregiao":"João Pessoa","mesoregiao":"Litoral Paraibano"},"geometry":{"type":"Point","coordinates":[-34.9480921216,-7.1365197831]}},
{"type":"Feature","properties":{"fid":1791,"proprietario":"Recmec","orgao":"DNOCS","data_perfuracao":"1977-08-14","profundidade":100.0,"q_m3h":8.0,"equipamento":null,"municipio":"Bayeux","microregiao":"João Pessoa","mesoregiao":"Litoral Paraibano"},"geometry":{"type":"Point","coordinates":[-34.9500365844,-7.1376309018]}},
{"type":"Feature","properties":{"fid":1792,"proprietario":"Unibom Distribuidora De Alimentos","orgao":"DNOCS","data_perfuracao":"1976-08-05","profundidade":201.0,"q_m3h":19.8,"equipamento":null,"municipio":"Santa Rita","microregiao":"João Pessoa","mesoregiao":"Litoral Paraibano"},"geometry":{"type":"Point","coordinates":[-34.9680923034,-7.1376308895]}},
{"type":"Feature","properties":{"fid":1793,"proprietario":"Prefeitura Municipal De Santa Rita","orgao":"DNOCS","data_perfuracao":"1969-04-13","profundidade":10.0,"q_m3h":56.0,"equipamento":null,"municipio":"Santa Rita","microregiao":"João Pessoa","mesoregiao":"Litoral Paraibano"},"geometry":{"type":"Point","coordinates":[-34.9743701326,-7.1296308211]}},
{"type":"Feature","properties":{"fid":1794,"proprietario":"Prefeitura Municipal De Pitimbu","orgao":"DNOCS","data_perfuracao":"1994-11-27","profundidade":125.0,"q_m3h":48.0,"equipamento":null,"municipio":"Pitimbu","microregiao":"Litoral Sul","mesoregiao":"Litoral Paraibano"},"geometry":{"type":"Point","coordinates":[-34.8336469198,-7.5362452834]}},
{"type":"Feature","properties":{"fid":1795,"proprietario":"Prefeitura Municipal De Pitimbu","orgao":"DNOCS","data_perfuracao":"2004-08-12","profundidade":160.0,"q_m3h":14.0,"equipamento":null,"municipio":"Pitimbu","microregiao":"Litoral Sul","mesoregiao":"Litoral Paraibano"},"geometry":{"type":"Point","coordinates":[-34.8391191329,-7.4541057347]}},
{"type":"Feature","properties":{"fid":1796,"proprietario":"Prefeitura Municipal De Santa Rita","orgao":"DNOCS","data_perfuracao":"1977-11-09","profundidade":40.0,"q_m3h":3.0,"equipamento":null,"municipio":"Santa Rita","microregiao":"João Pessoa","mesoregiao":"Litoral Paraibano"},"geometry":{"type":"Point","coordinates":[-34.9758701429,-7.124853004]}},
{"type":"Feature","properties":{"fid":1797,"proprietario":"Aeroporto Castro Pinto Ii","orgao":"DNOCS","data_perfuracao":"2001-12-06","profundidade":100.0,"q_m3h":6.0,"equipamento":null,"municipio":"Santa Rita","microregiao":"João Pessoa","mesoregiao":"Litoral Paraibano"},"geometry":{"type":"Point","coordinates":[-34.9544810693,-7.1379086788]}},
{"type":"Feature","properties":{"fid":1798,"proprietario":"Aeroporto Castro Pinto","orgao":"DNOCS","data_perfuracao":"2003-08-14","profundidade":80.0,"q_m3h":5.0,"equipamento":null,"municipio":"Santa Rita","microregiao":"João Pessoa","mesoregiao":"Litoral Paraibano"},"geometry":{"type":"Point","coordinates":[-34.9550366302,-7.1384642384]}},
{"type":"Feature","properties":{"fid":1799,"proprietario":"Sindulfo Santiago","orgao":"DNOCS","data_perfuracao":"1997-06-15","profundidade":34.0,"q_m3h":22.0,"equipamento":null,"municipio":"Santa Rita","microregiao":"João Pessoa","mesoregiao":"Litoral Paraibano"},"geometry":{"type":"Point","coordinates":[-34.9725367754,-7.1190196261]}},
{"type":"Feature","properties":{"fid":1800,"proprietario":"Avon I","orgao":"DNOCS","data_perfuracao":"2003-02-14","profundidade":201.0,"q_m3h":19.8,"equipamento":null,"municipio":"Santa Rita","microregiao":"João Pessoa","mesoregiao":"Litoral Paraibano"},"geometry":{"type":"Point","coordinates":[-34.9703145465,-7.138742008]}},
{"type":"Feature","properties":{"fid":1801,"proprietario":"Prefeitura Municipal De Santa Rita","orgao":"DNOCS","data_perfuracao":"2001-09-30","profundidade":120.0,"q_m3h":10.0,"equipamento":null,"municipio":"Santa Rita","microregiao":"João Pessoa","mesoregiao":"Litoral Paraibano"},"geometry":{"type":"Point","coordinates":[-34.9597032987,-7.0789359798]}},
{"type":"Feature","properties":{"fid":1802,"proprietario":"Prefeitura Municipal De Santa Rita","orgao":"DNOCS","data_perfuracao":"2001-09-30","profundidade":25.0,"q_m3h":1.0,"equipamento":null,"municipio":"Santa Rita","microregiao":"João Pessoa","mesoregiao":"Litoral Paraibano"},"geometry":{"type":"Point","coordinates":[-34.9612033123,-7.0790470908]}},
{"type":"Feature","properties":{"fid":1803,"proprietario":"Prefeitura Municipal De Santa Rita","orgao":"DNOCS","data_perfuracao":"2001-09-30","profundidade":90.0,"q_m3h":6.0,"equipamento":null,"municipio":"Santa Rita","microregiao":"João Pessoa","mesoregiao":"Litoral Paraibano"},"geometry":{"type":"Point","coordinates":[-34.9831480732,-7.2508262304]}},
{"type":"Feature","properties":{"fid":1804,"proprietario":"Prefeitura Municipal De Santa Rita","orgao":"DNOCS","data_perfuracao":"2001-09-30","profundidade":163.0,"q_m3h":45.0,"equipamento":null,"municipio":"Santa Rita","microregiao":"João Pessoa","mesoregiao":"Litoral Paraibano"},"geometry":{"type":"Point","coordinates":[-34.9698006608,-7.1501643222]}},
{"type":"Feature","properties":{"fid":1805,"proprietario":"Itacoatiara","orgao":"DNOCS","data_perfuracao":"1998-03-20","profundidade":30.0,"q_m3h":12.0,"equipamento":null,"municipio":"Santa Rita","microregiao":"João Pessoa","mesoregiao":"Litoral Paraibano"},"geometry":{"type":"Point","coordinates":[-34.9742035118,-7.1987424862]}},
{"type":"Feature","properties":{"fid":1806,"proprietario":"Rec Mec","orgao":"DNOCS","data_perfuracao":"1998-03-20","profundidade":77.0,"q_m3h":6.0,"equipamento":null,"municipio":"Bayeux","microregiao":"João Pessoa","mesoregiao":"Litoral Paraibano"},"geometry":{"type":"Point","coordinates":[-34.9444809793,-7.1387420256]}},
{"type":"Feature","properties":{"fid":1807,"proprietario":"Aabb","orgao":"DNOCS","data_perfuracao":"1980-10-14","profundidade":31.0,"q_m3h":1.5,"equipamento":null,"municipio":"Mari","microregiao":"Sapé","mesoregiao":"Litoral Paraibano"},"geometry":{"type":"Point","coordinates":[-35.2600393432,-7.0737412901]}},
{"type":"Feature","properties":{"fid":1808,"proprietario":"Dner","orgao":"DNOCS","data_perfuracao":"1976-02-15","profundidade":30.0,"q_m3h":2.4,"equipamento":null,"municipio":"Sobrado","microregiao":"Sapé","mesoregiao":"Litoral Paraibano"},"geometry":{"type":"Point","coordinates":[-35.2308724954,-7.1931867093]}},
{"type":"Feature","properties":{"fid":1809,"proprietario":"Minist[erios Dos Transportes","orgao":"DNOCS","data_perfuracao":"1976-02-15","profundidade":116.0,"q_m3h":14.0,"equipamento":null,"municipio":"Santa Rita","microregiao":"João Pessoa","mesoregiao":"Litoral Paraibano"},"geometry":{"type":"Point","coordinates":[-35.0077871182,-7.1537421027]}},
{"type":"Feature","properties":{"fid":1810,"proprietario":"Cagepa","orgao":"DNOCS","data_perfuracao":"1976-02-15","profundidade":171.0,"q_m3h":30.5,"equipamento":null,"municipio":"Santa Rita","microregiao":"João Pessoa","mesoregiao":"Litoral Paraibano"},"geometry":{"type":"Point","coordinates":[-34.9510282761,-7.1611310896]}},
{"type":"Feature","properties":{"fid":1811,"proprietario":"Prefeitura Municipal De Santa Rita","orgao":"DNOCS","data_perfuracao":"1984-06-08","profundidade":120.0,"q_m3h":5.0,"equipamento":null,"municipio":"Santa Rita","microregiao":"João Pessoa","mesoregiao":"Litoral Paraibano"},"geometry":{"type":"Point","coordinates":[-34.969758978,-7.1270752482]}},
{"type":"Feature","properties":{"fid":1812,"proprietario":"Prefeitura Municipal De Santa Rita","orgao":"DNOCS","data_perfuracao":"1974-08-19","profundidade":96.0,"q_m3h":3.0,"equipamento":null,"municipio":"Santa Rita","microregiao":"João Pessoa","mesoregiao":"Litoral Paraibano"},"geometry":{"type":"Point","coordinates":[-34.8751719161,-6.9874686347]}},
{"type":"Feature","properties":{"fid":1813,"proprietario":"Fsesp","orgao":"DNOCS","data_perfuracao":"1977-08-23","profundidade":75.0,"q_m3h":31.0,"equipamento":null,"municipio":"Santa Rita","microregiao":"João Pessoa","mesoregiao":"Litoral Paraibano"},"geometry":{"type":"Point","coordinates":[-34.9572588652,-7.1276308167]}},
{"type":"Feature","properties":{"fid":1814,"proprietario":"Hospital P. S. Infantil","orgao":"DNOCS","data_perfuracao":"1981-04-14","profundidade":91.0,"q_m3h":3.5,"equipamento":null,"municipio":"Santa Rita","microregiao":"João Pessoa","mesoregiao":"Litoral Paraibano"},"geometry":{"type":"Point","coordinates":[-34.9786479437,-7.121797422]}},
{"type":"Feature","properties":{"fid":1815,"proprietario":"Prefeitura Municipal De Santa Rita","orgao":"DNOCS","data_perfuracao":"1981-07-21","profundidade":102.0,"q_m3h":5.0,"equipamento":null,"municipio":"Santa Rita","microregiao":"João Pessoa","mesoregiao":"Litoral Paraibano"},"geometry":{"type":"Point","coordinates":[-34.9835645562,-6.9754906885]}},
{"type":"Feature","properties":{"fid":1816,"proprietario":"Prefeitura Municipal De Santa Rita","orgao":"DNOCS","data_perfuracao":"1975-08-17","profundidade":343.0,"q_m3h":19.3,"equipamento":null,"municipio":"Santa Rita","microregiao":"João Pessoa","mesoregiao":"Litoral Paraibano"},"geometry":{"type":"Point","coordinates":[-34.9033694393,-7.0554080511]}}
]
}
